customer_id,tenure_months,contract_type,monthly_charges,support_calls,payment_delay_days,is_senior_citizen,has_addon_services,churned,avg_monthly_spend_per_tenure,high_support_contact,is_month_to_month,churn_risk_score
CUST_00001,22,Two year,1207.16,1,15,0,0,0,54.870909090909095,0,0,0.376
CUST_00002,56,One year,2255.81,5,15,1,1,0,40.28232142857143,1,0,0.35
CUST_00003,28,Month-to-month,1525.0,1,8,0,0,1,54.464285714285715,0,1,0.592
CUST_00004,44,Month-to-month,2029.55,2,6,1,1,0,46.12613636363636,0,1,0.358
CUST_00005,34,Month-to-month,875.33,3,13,0,0,0,25.745,1,1,0.498
CUST_00006,51,One year,1759.15,5,9,0,1,0,34.49313725490196,1,0,0.338
CUST_00007,25,One year,1099.26,3,3,0,0,1,43.9704,1,0,0.527
CUST_00008,7,Month-to-month,2512.48,1,5,0,0,1,358.92571428571426,0,1,0.757
CUST_00009,21,Month-to-month,1540.54,1,12,0,0,1,73.35904761904762,0,1,0.67
CUST_00010,45,Month-to-month,436.37,1,29,0,1,0,9.697111111111111,0,1,0.234
CUST_00011,45,Month-to-month,978.73,4,26,0,1,0,21.749555555555556,1,1,0.49
CUST_00012,70,Month-to-month,1518.46,2,7,1,1,1,21.692285714285713,0,1,0.453
CUST_00013,18,Month-to-month,1556.11,1,5,0,1,0,86.45055555555555,0,1,0.515
CUST_00014,31,Month-to-month,949.26,1,6,0,1,1,30.621290322580645,0,1,0.522
CUST_00015,68,Two year,1278.69,0,13,0,0,0,18.804264705882353,0,0,0.154
CUST_00016,8,Month-to-month,2757.98,1,13,0,0,1,344.7475,0,1,0.794
CUST_00017,50,Month-to-month,560.24,1,12,0,0,1,11.2048,0,1,0.33
CUST_00018,69,Month-to-month,804.54,3,19,0,1,1,11.66,1,1,0.479
CUST_00019,66,Month-to-month,2097.09,0,25,0,0,0,31.774090909090912,0,1,0.505
CUST_00020,48,One year,857.39,0,6,0,1,0,17.862291666666668,0,0,0.065
CUST_00021,64,Month-to-month,2602.2,4,14,0,1,1,40.659375,1,1,0.782
CUST_00022,15,Two year,2317.1,3,16,0,1,1,154.47333333333333,1,0,0.576
CUST_00023,54,Month-to-month,1055.93,4,22,0,1,1,19.55425925925926,1,1,0.69
CUST_00024,48,Month-to-month,2346.61,2,27,1,1,0,48.887708333333336,0,1,0.498
CUST_00025,36,Two year,1077.11,0,10,0,1,0,29.91972222222222,0,0,0.122
CUST_00026,71,Month-to-month,1516.57,2,13,1,1,1,21.360140845070422,0,1,0.489
CUST_00027,60,Month-to-month,1602.58,3,2,0,1,0,26.709666666666667,1,1,0.279
CUST_00028,15,Two year,2119.64,3,20,0,1,1,141.3093333333333,1,0,0.571
CUST_00029,70,Month-to-month,1679.89,1,28,0,0,0,23.998428571428573,0,1,0.47
CUST_00030,61,One year,2700.86,1,28,0,0,1,44.276393442622954,0,0,0.499
CUST_00031,27,Two year,2745.09,0,27,0,0,0,101.67,0,0,0.453
CUST_00032,50,Month-to-month,1150.82,2,28,1,0,0,23.016399999999997,0,1,0.561
CUST_00033,56,Two year,1559.53,4,10,0,0,0,27.84875,1,0,0.279
CUST_00034,16,Month-to-month,2327.96,0,3,0,0,1,145.4975,0,1,0.628
CUST_00035,19,Month-to-month,1440.22,2,8,0,0,1,75.80105263157895,0,1,0.697
CUST_00036,14,Month-to-month,1312.99,1,20,1,0,1,93.785,0,1,0.765
CUST_00037,33,Month-to-month,880.23,3,26,1,1,1,26.673636363636366,1,1,0.617
CUST_00038,68,Month-to-month,1063.03,0,10,1,1,0,15.632794117647059,0,1,0.224
CUST_00039,28,Two year,2341.9,0,23,0,1,0,83.63928571428572,0,0,0.454
CUST_00040,25,Two year,2054.5,0,6,0,0,0,82.18,0,0,0.309
CUST_00041,66,One year,484.62,2,12,0,0,0,7.342727272727273,0,0,0.081
CUST_00042,32,Two year,2267.78,2,21,0,0,1,70.868125,0,0,0.627
CUST_00043,5,Month-to-month,2502.64,1,25,0,0,1,500.52799999999996,0,1,0.87
CUST_00044,47,One year,1450.23,0,29,0,0,1,30.85595744680851,0,0,0.418
CUST_00045,55,Two year,1001.37,1,0,0,0,0,18.206727272727274,0,0,0.13
CUST_00046,32,Month-to-month,2140.33,1,21,0,0,1,66.8853125,0,1,0.678
CUST_00047,68,One year,2176.48,3,2,0,1,0,32.00705882352941,1,0,0.259
CUST_00048,1,Two year,528.31,2,4,1,0,1,528.31,0,0,0.574
CUST_00049,62,Month-to-month,860.83,2,26,0,1,1,13.884354838709678,0,1,0.47
CUST_00050,19,Two year,2262.59,1,12,0,0,1,119.08368421052633,0,0,0.519
CUST_00051,57,Two year,2548.13,1,16,0,0,0,44.7040350877193,0,0,0.316
CUST_00052,34,Two year,1075.96,1,5,0,1,0,31.64588235294118,0,0,0.114
CUST_00053,47,One year,2512.53,3,14,0,1,1,53.45808510638298,1,0,0.492
CUST_00054,55,Month-to-month,1863.46,4,28,1,1,1,33.88109090909091,1,1,0.877
CUST_00055,64,Two year,1700.01,0,7,0,1,0,26.56265625,0,0,0.085
CUST_00056,44,One year,1812.8,2,23,0,1,1,41.199999999999996,0,0,0.311
CUST_00057,46,Month-to-month,1538.01,1,23,0,1,1,33.435,0,1,0.409
CUST_00058,31,Month-to-month,1117.28,2,9,0,0,1,36.04129032258064,0,1,0.544
CUST_00059,4,Month-to-month,2348.91,1,23,0,1,1,587.2275,0,1,0.834
CUST_00060,14,Month-to-month,2282.56,1,27,0,1,1,163.04,0,1,0.824
CUST_00061,9,Month-to-month,2324.83,1,29,0,0,1,258.31444444444446,0,1,0.831
CUST_00062,56,Two year,454.63,1,14,0,0,0,8.118392857142856,0,0,0.091
CUST_00063,8,Two year,1730.4,2,0,0,1,1,216.3,0,0,0.349
CUST_00064,14,Two year,2273.08,4,23,0,0,1,162.36285714285714,1,0,0.744
CUST_00065,17,Two year,2322.88,0,6,0,1,1,136.64000000000001,0,0,0.317
CUST_00066,52,Month-to-month,1612.66,3,13,0,0,0,31.01269230769231,1,1,0.488
CUST_00067,23,Month-to-month,2924.62,1,2,0,0,1,127.15739130434783,0,1,0.735
CUST_00068,36,Month-to-month,1016.23,3,19,1,1,0,28.22861111111111,1,1,0.475
CUST_00069,49,Month-to-month,844.06,2,18,0,0,1,17.225714285714286,0,1,0.462
CUST_00070,40,One year,1790.3,4,28,0,0,1,44.7575,1,0,0.67
CUST_00071,35,Month-to-month,2671.97,2,9,0,1,1,76.342,0,1,0.586
CUST_00072,28,Two year,478.36,0,6,0,0,0,17.084285714285716,0,0,0.121
CUST_00073,67,Two year,318.13,3,16,0,1,0,4.74820895522388,1,0,0.092
CUST_00074,15,One year,1202.82,3,29,0,1,1,80.188,1,0,0.744
CUST_00075,57,Two year,2446.39,1,24,0,1,1,42.919122807017544,0,0,0.306
CUST_00076,13,Month-to-month,970.85,2,18,0,1,1,74.68076923076923,0,1,0.715
CUST_00077,34,Month-to-month,1669.08,0,22,1,1,0,49.09058823529411,0,1,0.462
CUST_00078,46,One year,310.77,2,25,0,1,1,6.755869565217391,0,0,0.4
CUST_00079,21,Two year,1054.61,0,19,0,0,0,50.21952380952381,0,0,0.397
CUST_00080,20,Two year,642.79,3,6,0,0,1,32.1395,1,0,0.513
CUST_00081,13,Month-to-month,2420.07,2,18,0,0,1,186.1592307692308,0,1,0.794
CUST_00082,2,Two year,2847.05,2,11,0,1,0,1423.525,0,0,0.644
CUST_00083,19,Month-to-month,783.4,0,9,0,1,1,41.23157894736842,0,1,0.389
CUST_00084,14,Month-to-month,1669.08,3,13,0,1,1,119.22,1,1,0.792
CUST_00085,47,Month-to-month,2951.26,1,28,1,1,1,62.79276595744681,0,1,0.79
CUST_00086,66,One year,2240.06,4,20,0,0,0,33.94030303030303,1,0,0.581
CUST_00087,2,One year,944.01,0,28,0,0,0,472.005,0,0,0.58
CUST_00088,51,One year,1094.03,1,10,0,0,1,21.45156862745098,0,0,0.184
CUST_00089,29,One year,499.6,2,26,0,0,0,17.227586206896554,0,0,0.164
CUST_00090,42,One year,962.78,3,0,0,0,0,22.923333333333332,1,0,0.141
CUST_00091,69,One year,1501.04,3,7,0,1,0,21.754202898550723,1,0,0.091
CUST_00092,29,One year,1659.4,2,8,1,0,1,57.220689655172414,0,0,0.45
CUST_00093,9,One year,2185.38,1,4,0,1,0,242.82000000000002,0,0,0.26
CUST_00094,59,Month-to-month,2182.06,0,7,0,1,0,36.98406779661017,0,1,0.246
CUST_00095,64,Month-to-month,1839.17,1,26,0,0,1,28.73703125,0,1,0.583
CUST_00096,19,Two year,462.28,1,0,0,1,0,24.330526315789474,0,0,0.122
CUST_00097,42,One year,2494.26,1,29,0,0,0,59.38714285714286,0,0,0.424
CUST_00098,45,One year,548.35,0,8,0,0,0,12.185555555555556,0,0,0.094
CUST_00099,10,Month-to-month,1324.19,2,11,0,0,1,132.419,0,1,0.724
CUST_00100,1,One year,2770.48,4,28,0,0,1,2770.48,1,0,0.803
CUST_00101,2,Month-to-month,2049.58,1,1,0,0,1,1024.79,0,1,0.809
CUST_00102,46,Two year,819.39,3,21,0,0,0,17.812826086956523,1,0,0.141
CUST_00103,44,Two year,2724.85,1,29,0,1,1,61.92840909090909,0,0,0.486
CUST_00104,70,Month-to-month,1592.26,1,10,0,1,0,22.74657142857143,0,1,0.281
CUST_00105,43,Month-to-month,1691.68,1,16,0,0,0,39.34139534883721,0,1,0.499
CUST_00106,51,Month-to-month,1017.13,0,21,1,1,0,19.94372549019608,0,1,0.393
CUST_00107,34,One year,1346.82,3,27,1,0,1,39.61235294117647,1,0,0.64
CUST_00108,6,Month-to-month,1701.45,0,19,0,1,1,283.575,0,1,0.629
CUST_00109,24,One year,1988.29,3,14,0,0,0,82.84541666666667,1,0,0.515
CUST_00110,42,Two year,636.69,0,1,0,0,0,15.159285714285716,0,0,0.154
CUST_00111,50,Two year,2646.34,2,10,0,1,0,52.9268,0,0,0.234
CUST_00112,23,Month-to-month,313.51,5,9,0,0,0,13.630869565217392,1,1,0.334
CUST_00113,10,Month-to-month,324.05,2,22,0,0,1,32.405,0,1,0.604
CUST_00114,66,One year,481.37,0,25,1,1,0,7.293484848484849,0,0,0.078
CUST_00115,17,Month-to-month,1371.89,3,15,0,1,1,80.69941176470589,1,1,0.762
CUST_00116,2,Two year,1927.14,3,2,0,1,0,963.57,1,0,0.373
CUST_00117,30,Two year,497.89,1,25,0,0,0,16.596333333333334,0,0,0.162
CUST_00118,1,Two year,1342.43,0,6,0,0,1,1342.43,0,0,0.419
CUST_00119,47,Month-to-month,2460.03,1,15,0,1,0,52.34106382978724,0,1,0.429
CUST_00120,7,One year,2517.14,1,28,1,1,0,359.59142857142854,0,0,0.453
CUST_00121,23,Month-to-month,573.47,0,16,0,1,1,24.933478260869567,0,1,0.438
CUST_00122,25,Month-to-month,2713.08,3,23,0,0,1,108.5232,1,1,0.849
CUST_00123,52,One year,2498.65,2,15,0,0,0,48.05096153846154,0,0,0.305
CUST_00124,63,Month-to-month,2044.99,0,29,0,1,0,32.46015873015873,0,1,0.439
CUST_00125,49,One year,1526.21,2,6,0,1,0,31.147142857142857,0,0,0.107
CUST_00126,41,One year,980.7,3,15,1,0,1,23.919512195121953,1,0,0.316
CUST_00127,17,Two year,2320.85,2,1,1,0,0,136.5205882352941,0,0,0.245
CUST_00128,48,One year,1706.99,3,15,0,0,0,35.56229166666667,1,0,0.307
CUST_00129,53,Month-to-month,792.23,2,29,0,1,1,14.947735849056604,0,1,0.444
CUST_00130,4,Month-to-month,2215.83,3,22,0,0,1,553.9575,1,1,0.919
CUST_00131,42,One year,1868.93,0,9,0,1,0,44.498333333333335,0,0,0.176
CUST_00132,13,Two year,371.01,1,25,0,1,0,28.53923076923077,0,0,0.248
CUST_00133,7,Two year,487.79,0,0,1,0,0,69.68428571428572,0,0,0.161
CUST_00134,28,Month-to-month,1475.82,1,2,0,0,1,52.707857142857144,0,1,0.55
CUST_00135,57,Month-to-month,749.24,3,10,0,0,0,13.144561403508773,1,1,0.351
CUST_00136,45,One year,1877.34,0,12,0,0,0,41.718666666666664,0,0,0.249
CUST_00137,64,Month-to-month,2562.75,1,13,0,1,0,40.04296875,0,1,0.355
CUST_00138,54,Month-to-month,495.88,8,1,0,0,1,9.182962962962963,1,1,0.73
CUST_00139,25,One year,1069.18,2,22,0,1,0,42.7672,0,0,0.332
CUST_00140,41,Month-to-month,490.75,3,25,1,1,0,11.96951219512195,1,1,0.412
CUST_00141,21,One year,734.72,5,29,0,1,0,34.986666666666665,1,0,0.398
CUST_00142,20,Two year,2628.66,4,28,1,1,0,131.433,1,0,0.578
CUST_00143,47,Month-to-month,2800.45,1,26,0,1,1,59.58404255319149,0,1,0.614
CUST_00144,13,Month-to-month,1520.49,1,24,0,1,1,116.96076923076923,0,1,0.803
CUST_00145,30,One year,1176.12,2,25,0,0,0,39.20399999999999,0,0,0.296
CUST_00146,30,Month-to-month,842.3,0,25,0,1,1,28.076666666666664,0,1,0.594
CUST_00147,36,Two year,588.0,0,20,1,0,0,16.333333333333332,0,0,0.169
CUST_00148,19,Month-to-month,673.82,5,12,0,1,1,35.46421052631579,1,1,0.753
CUST_00149,17,One year,397.58,5,20,0,1,0,23.38705882352941,1,0,0.223
CUST_00150,54,Month-to-month,388.83,2,17,0,0,1,7.200555555555555,0,1,0.333
CUST_00151,36,Two year,837.32,3,27,0,1,0,23.25888888888889,1,0,0.205
CUST_00152,64,Month-to-month,1295.37,1,3,0,0,1,20.24015625,0,1,0.327
CUST_00153,35,Month-to-month,2602.52,1,2,0,0,1,74.35771428571428,0,1,0.59
CUST_00154,58,Month-to-month,2238.26,4,29,0,1,1,38.59068965517242,1,1,0.828
CUST_00155,57,Two year,1216.92,0,17,0,0,0,21.349473684210526,0,0,0.196
CUST_00156,9,Two year,2754.79,3,15,0,1,0,306.0877777777778,1,0,0.47
CUST_00157,58,One year,1189.53,1,6,0,1,0,20.50913793103448,0,0,0.066
CUST_00158,56,One year,2574.39,1,3,0,1,0,45.97125,0,0,0.153
CUST_00159,45,Month-to-month,519.62,4,3,0,0,1,11.54711111111111,1,1,0.679
CUST_00160,2,Month-to-month,2047.78,4,13,0,0,1,1023.89,1,1,0.888
CUST_00161,61,One year,1629.77,3,28,0,1,0,26.717540983606558,1,0,0.276
CUST_00162,10,Month-to-month,2441.26,2,11,1,0,1,244.12600000000003,0,1,0.784
CUST_00163,64,Two year,2363.08,1,8,0,0,0,36.923125,0,0,0.165
CUST_00164,50,Month-to-month,2989.63,1,27,0,0,1,59.7926,0,1,0.774
CUST_00165,26,One year,999.18,0,21,0,1,0,38.43,0,0,0.244
CUST_00166,23,Two year,568.39,1,24,0,0,1,24.71260869565217,0,0,0.374
CUST_00167,40,One year,692.39,0,6,0,0,1,17.30975,0,0,0.129
CUST_00168,59,One year,1273.48,5,26,0,1,1,21.584406779661016,1,0,0.595
CUST_00169,23,Two year,2177.45,0,24,0,1,0,94.67173913043477,0,0,0.397
CUST_00170,49,Two year,2774.72,2,13,0,1,1,56.6269387755102,0,0,0.486
CUST_00171,28,Two year,900.71,0,24,0,0,0,32.168214285714285,0,0,0.275
CUST_00172,46,Month-to-month,1736.37,2,4,0,1,0,37.747173913043476,0,1,0.328
CUST_00173,47,Month-to-month,306.84,1,25,0,1,0,6.528510638297872,0,1,0.29
CUST_00174,43,Month-to-month,337.97,4,21,1,1,1,7.859767441860466,1,1,0.732
CUST_00175,16,Month-to-month,337.0,2,0,0,0,0,21.0625,0,1,0.282
CUST_00176,65,Two year,599.43,1,12,0,1,0,9.222,0,0,0.115
CUST_00177,41,Two year,692.64,3,8,0,1,0,16.893658536585367,1,0,0.112
CUST_00178,60,Two year,2345.57,4,7,0,0,0,39.09283333333334,1,0,0.278
CUST_00179,29,Two year,1574.38,3,22,0,1,0,54.28896551724138,1,0,0.44
CUST_00180,3,Month-to-month,1765.64,1,29,1,0,1,588.5466666666667,0,1,0.884
CUST_00181,68,Two year,2657.05,2,0,0,0,1,39.07426470588236,0,0,0.346
CUST_00182,70,Month-to-month,2039.36,1,7,0,1,0,29.133714285714284,0,1,0.324
CUST_00183,53,Two year,1666.84,1,14,0,0,0,31.449811320754716,0,0,0.25
CUST_00184,31,Month-to-month,1059.87,1,15,0,0,1,34.189354838709676,0,1,0.584
CUST_00185,45,Month-to-month,1681.23,2,11,0,1,1,37.36066666666667,0,1,0.402
CUST_00186,21,One year,1138.43,3,9,0,1,0,54.210952380952385,1,0,0.539
CUST_00187,17,One year,2271.69,0,27,0,0,0,133.62882352941176,0,0,0.537
CUST_00188,62,Month-to-month,1905.01,0,13,0,0,1,30.725967741935484,0,1,0.423
CUST_00189,16,Month-to-month,697.44,2,25,0,1,1,43.59,0,1,0.612
CUST_00190,66,One year,2129.72,0,11,0,0,0,32.268484848484846,0,0,0.235
CUST_00191,44,Month-to-month,940.8,2,11,1,1,0,21.38181818181818,0,1,0.344
CUST_00192,55,Month-to-month,1594.28,2,3,0,0,0,28.98690909090909,0,1,0.306
CUST_00193,13,Month-to-month,1264.61,3,2,0,1,1,97.2776923076923,1,1,0.639
CUST_00194,52,Month-to-month,1092.39,0,2,1,0,0,21.0075,0,1,0.277
CUST_00195,51,One year,2134.44,0,14,0,0,0,41.85176470588235,0,0,0.261
CUST_00196,1,Month-to-month,1635.41,1,23,0,0,1,1635.41,0,1,0.833
CUST_00197,69,Month-to-month,1691.99,3,24,0,1,1,24.52159420289855,1,1,0.614
CUST_00198,20,Month-to-month,1825.2,1,14,0,0,0,91.26,0,1,0.708
CUST_00199,53,Month-to-month,1811.04,0,27,0,0,0,34.170566037735846,0,1,0.594
CUST_00200,58,One year,1011.57,1,15,0,1,1,17.44086206896552,0,0,0.176
CUST_00201,21,Month-to-month,2336.44,3,20,0,1,1,111.25904761904762,1,1,0.831
CUST_00202,71,Month-to-month,1669.08,1,13,0,1,0,23.508169014084505,0,1,0.345
CUST_00203,27,One year,351.86,3,23,1,0,0,13.031851851851853,1,0,0.133
CUST_00204,20,Month-to-month,2549.8,2,17,0,1,1,127.49000000000001,0,1,0.768
CUST_00205,44,Two year,1886.24,4,12,0,0,0,42.86909090909091,1,0,0.315
CUST_00206,55,One year,1278.61,3,10,0,0,0,23.247454545454545,1,0,0.123
CUST_00207,66,Two year,1261.95,0,8,0,1,0,19.120454545454546,0,0,0.059
CUST_00208,9,One year,623.65,2,2,0,1,0,69.29444444444444,0,0,0.219
CUST_00209,4,One year,2993.81,1,14,0,1,1,748.4525,0,0,0.638
CUST_00210,54,Two year,892.5,3,0,0,1,0,16.52777777777778,1,0,0.114
CUST_00211,67,Month-to-month,949.15,2,12,0,0,1,14.16641791044776,0,1,0.448
CUST_00212,26,Month-to-month,1949.26,1,0,0,1,0,74.97153846153846,0,1,0.479
CUST_00213,2,One year,687.4,1,9,0,0,0,343.7,0,0,0.253
CUST_00214,6,Month-to-month,1222.24,1,21,0,1,0,203.70666666666668,0,1,0.705
CUST_00215,7,Two year,1350.04,2,21,0,0,1,192.86285714285714,0,0,0.613
CUST_00216,13,Two year,1874.72,2,4,0,0,0,144.20923076923077,0,0,0.351
CUST_00217,20,Two year,2618.61,1,4,0,0,0,130.9305,0,0,0.334
CUST_00218,41,One year,1834.74,1,16,0,0,1,44.749756097560976,0,0,0.383
CUST_00219,13,One year,2033.43,1,19,0,0,0,156.4176923076923,0,0,0.53
CUST_00220,34,One year,2123.02,0,1,0,0,0,62.44176470588235,0,0,0.267
CUST_00221,70,Month-to-month,951.65,1,14,0,1,0,13.594999999999999,0,1,0.273
CUST_00222,49,Two year,810.4,2,27,0,1,0,16.538775510204083,0,0,0.254
CUST_00223,2,One year,2654.37,0,23,1,0,1,1327.185,0,0,0.53
CUST_00224,25,One year,2762.93,2,13,1,1,0,110.51719999999999,0,0,0.457
CUST_00225,50,Two year,2948.81,1,8,0,0,1,58.9762,0,0,0.543
CUST_00226,43,Month-to-month,2117.7,2,5,0,1,1,49.24883720930232,0,1,0.367
CUST_00227,22,Month-to-month,572.18,3,9,0,0,1,26.008181818181814,1,1,0.624
CUST_00228,27,Two year,1899.83,0,28,0,0,1,70.36407407407407,0,0,0.648
CUST_00229,22,One year,2931.52,0,28,1,1,0,133.2509090909091,0,0,0.447
CUST_00230,55,One year,1520.55,1,1,0,0,1,27.646363636363635,0,0,0.189
CUST_00231,60,Month-to-month,955.87,1,1,1,1,0,15.931166666666666,0,1,0.282
CUST_00232,1,Month-to-month,590.53,1,26,1,1,1,590.53,0,1,0.762
CUST_00233,57,Month-to-month,538.9,2,25,0,0,0,9.45438596491228,0,1,0.275
CUST_00234,42,Month-to-month,2304.86,1,21,1,0,0,54.87761904761905,0,1,0.614
CUST_00235,38,Month-to-month,2738.08,1,28,1,0,1,72.05473684210526,0,1,0.77
CUST_00236,42,Two year,2371.35,2,11,0,0,0,56.46071428571428,0,0,0.387
CUST_00237,21,Month-to-month,2694.69,0,1,0,0,0,128.31857142857143,0,1,0.465
CUST_00238,5,Month-to-month,2930.24,1,15,0,1,1,586.048,0,1,0.838
CUST_00239,20,Month-to-month,456.26,2,2,0,1,0,22.813,0,1,0.387
CUST_00240,55,Month-to-month,1785.81,0,8,1,0,0,32.469272727272724,0,1,0.284
CUST_00241,58,One year,1195.92,2,24,0,0,0,20.61931034482759,0,0,0.203
CUST_00242,46,Month-to-month,1635.98,1,10,0,0,0,35.56478260869565,0,1,0.402
CUST_00243,41,Month-to-month,547.64,1,9,0,1,0,13.357073170731708,0,1,0.238
CUST_00244,68,Month-to-month,662.79,1,5,0,1,0,9.746911764705882,0,1,0.205
CUST_00245,50,One year,1413.14,0,5,0,1,0,28.262800000000002,0,0,0.088
CUST_00246,14,One year,996.37,3,1,0,1,0,71.16928571428572,1,0,0.367
CUST_00247,49,Month-to-month,2714.28,2,28,0,1,0,55.393469387755104,0,1,0.49
CUST_00248,31,Two year,1927.53,0,11,0,0,0,62.178387096774195,0,0,0.364
CUST_00249,30,One year,395.17,3,16,0,1,0,13.172333333333334,1,0,0.145
CUST_00250,62,Month-to-month,1839.1,1,12,1,0,0,29.66290322580645,0,1,0.4
CUST_00251,71,Two year,2943.98,1,13,0,0,0,41.46450704225352,0,0,0.333
CUST_00252,68,One year,571.21,1,16,0,0,0,8.40014705882353,0,0,0.104
CUST_00253,26,Two year,2077.16,2,18,0,1,0,79.89076923076922,0,0,0.395
CUST_00254,49,Month-to-month,1009.27,0,2,0,1,0,20.59734693877551,0,1,0.232
CUST_00255,33,One year,503.36,2,20,0,1,0,15.253333333333334,0,0,0.154
CUST_00256,26,Month-to-month,2935.42,1,5,0,1,1,112.90076923076923,0,1,0.673
CUST_00257,50,Month-to-month,644.32,1,25,0,0,1,12.886400000000002,0,1,0.525
CUST_00258,53,Month-to-month,1759.56,0,0,0,1,0,33.19924528301887,0,1,0.215
CUST_00259,34,Month-to-month,1241.11,1,29,0,1,0,36.503235294117644,0,1,0.472
CUST_00260,33,Month-to-month,1234.0,0,17,0,1,1,37.39393939393939,0,1,0.429
CUST_00261,47,Month-to-month,1553.07,1,0,0,1,0,33.04404255319149,0,1,0.26
CUST_00262,38,Month-to-month,1212.8,0,28,0,0,1,31.91578947368421,0,1,0.651
CUST_00263,55,Month-to-month,2440.16,1,15,0,0,0,44.36654545454545,0,1,0.44
CUST_00264,49,Two year,1185.49,2,22,0,0,1,24.193673469387754,0,0,0.292
CUST_00265,3,One year,2990.89,2,0,0,0,0,996.9633333333333,0,0,0.312
CUST_00266,67,Month-to-month,2752.59,0,24,0,1,0,41.0834328358209,0,1,0.362
CUST_00267,64,Month-to-month,1691.33,2,27,0,0,0,26.42703125,0,1,0.54
CUST_00268,1,Month-to-month,2065.38,1,7,0,1,0,2065.38,0,1,0.604
CUST_00269,27,Month-to-month,1066.65,1,27,0,1,0,39.50555555555556,0,1,0.465
CUST_00270,50,One year,1804.65,5,28,0,0,1,36.093,1,0,0.711
CUST_00271,5,Month-to-month,787.95,3,6,0,0,1,157.59,1,1,0.74
CUST_00272,65,Month-to-month,1968.12,2,29,0,1,1,30.278769230769228,0,1,0.544
CUST_00273,19,One year,2931.33,0,11,0,1,1,154.28052631578947,0,0,0.564
CUST_00274,27,Month-to-month,779.68,1,0,0,0,0,28.877037037037034,0,1,0.48
CUST_00275,2,Month-to-month,1674.92,0,9,0,1,0,837.46,0,1,0.512
CUST_00276,17,Month-to-month,2075.54,3,7,0,1,1,122.09058823529412,1,1,0.709
CUST_00277,4,Two year,1854.85,4,27,0,0,1,463.7125,1,0,0.715
CUST_00278,41,Month-to-month,2970.25,0,6,0,0,1,72.4451219512195,0,1,0.665
CUST_00279,70,Month-to-month,2055.51,1,17,0,0,0,29.364428571428576,0,1,0.454
CUST_00280,3,One year,2558.79,2,8,0,0,1,852.93,0,0,0.461
CUST_00281,44,Two year,2472.26,1,14,1,0,1,56.18772727272728,0,0,0.492
CUST_00282,58,Month-to-month,1243.8,1,17,0,1,1,21.444827586206895,0,1,0.353
CUST_00283,56,Two year,496.76,2,13,0,1,0,8.870714285714286,0,0,0.072
CUST_00284,35,Month-to-month,1428.3,0,19,0,0,0,40.808571428571426,0,1,0.499
CUST_00285,15,One year,408.43,1,2,0,1,0,27.228666666666665,0,0,0.111
CUST_00286,48,Two year,2866.07,0,1,1,0,0,59.70979166666667,0,0,0.229
CUST_00287,29,Month-to-month,2500.11,1,7,1,0,0,86.21068965517242,0,1,0.673
CUST_00288,56,Month-to-month,1404.12,1,17,0,0,1,25.073571428571427,0,1,0.423
CUST_00289,38,Two year,2932.9,2,4,0,0,0,77.18157894736842,0,0,0.437
CUST_00290,2,Month-to-month,2133.48,0,0,0,0,1,1066.74,0,1,0.613
CUST_00291,58,One year,525.57,1,6,0,0,0,9.061551724137932,0,0,0.077
CUST_00292,14,One year,2365.91,2,13,1,1,0,168.9935714285714,0,0,0.371
CUST_00293,40,Month-to-month,1051.53,3,9,0,1,1,26.288249999999998,1,1,0.569
CUST_00294,30,One year,1748.36,2,22,0,1,0,58.278666666666666,0,0,0.363
CUST_00295,9,Month-to-month,2155.47,2,23,0,1,1,239.49666666666664,0,1,0.804
CUST_00296,44,Month-to-month,2572.37,0,2,1,1,1,58.462954545454544,0,1,0.459
CUST_00297,65,Two year,1439.01,3,2,0,0,0,22.138615384615385,1,0,0.112
CUST_00298,27,One year,1093.51,3,7,0,1,1,40.50037037037037,1,0,0.406
CUST_00299,38,Two year,1342.98,2,6,0,0,0,35.34157894736842,0,0,0.166
CUST_00300,20,Two year,1888.59,2,7,1,1,1,94.42949999999999,0,0,0.461
CUST_00301,26,Month-to-month,573.4,0,18,0,1,0,22.053846153846152,0,1,0.367
CUST_00302,2,Month-to-month,2647.81,1,7,1,1,1,1323.905,0,1,0.759
CUST_00303,54,Two year,510.32,3,19,0,0,0,9.45037037037037,1,0,0.083
CUST_00304,31,Month-to-month,2703.31,1,28,0,1,1,87.20354838709677,0,1,0.679
CUST_00305,30,One year,2262.05,2,6,0,0,1,75.40166666666667,0,0,0.459
CUST_00306,67,Month-to-month,2123.79,3,22,0,1,1,31.698358208955224,1,1,0.727
CUST_00307,29,Two year,749.91,1,9,0,1,0,25.85896551724138,0,0,0.124
CUST_00308,3,Month-to-month,1438.24,0,21,0,0,0,479.41333333333336,0,1,0.541
CUST_00309,51,Two year,963.59,2,7,0,0,0,18.89392156862745,0,0,0.088
CUST_00310,43,Two year,845.08,2,29,0,0,1,19.653023255813956,0,0,0.436
CUST_00311,35,Month-to-month,2602.76,1,1,0,1,1,74.36457142857144,0,1,0.541
CUST_00312,15,Two year,2253.54,3,26,0,1,0,150.236,1,0,0.695
CUST_00313,53,One year,447.56,2,24,0,0,0,8.444528301886793,0,0,0.104
CUST_00314,69,One year,691.23,2,2,1,0,0,10.017826086956521,0,0,0.088
CUST_00315,24,Month-to-month,2499.75,3,0,0,0,1,104.15625,1,1,0.78
CUST_00316,58,One year,1669.08,1,14,0,0,0,28.777241379310343,0,0,0.239
CUST_00317,32,Month-to-month,1108.08,3,24,0,1,1,34.6275,1,1,0.713
CUST_00318,16,Month-to-month,988.42,0,24,0,0,1,61.77625,0,1,0.714
CUST_00319,21,Month-to-month,1913.04,1,21,0,0,1,91.09714285714286,0,1,0.786
CUST_00320,69,Two year,1171.02,1,6,0,1,0,16.971304347826088,0,0,0.083
CUST_00321,11,Month-to-month,2465.3,0,4,0,1,1,224.11818181818182,0,1,0.492
CUST_00322,23,One year,874.12,3,19,0,1,1,38.00521739130435,1,0,0.509
CUST_00323,11,Month-to-month,2391.98,0,3,0,0,1,217.4527272727273,0,1,0.593
CUST_00324,50,One year,2907.04,3,7,0,1,1,58.1408,1,0,0.637
CUST_00325,29,One year,835.96,1,8,1,1,0,28.826206896551724,0,0,0.126
CUST_00326,19,Month-to-month,473.51,2,10,0,0,0,24.92157894736842,0,1,0.38
CUST_00327,9,Two year,1405.25,1,19,1,0,0,156.13888888888889,0,0,0.519
CUST_00328,21,Month-to-month,1065.28,0,15,0,0,0,50.727619047619044,0,1,0.577
CUST_00329,24,Month-to-month,1772.17,3,1,0,1,1,73.84041666666667,1,1,0.645
CUST_00330,5,Month-to-month,2205.38,0,8,0,0,0,441.076,0,1,0.482
CUST_00331,12,One year,2877.77,1,25,0,1,0,239.81416666666667,0,0,0.515
CUST_00332,21,Month-to-month,403.75,2,18,0,1,1,19.226190476190474,0,1,0.408
CUST_00333,45,Two year,710.34,4,3,0,1,0,15.785333333333334,1,0,0.103
CUST_00334,30,Month-to-month,934.65,2,9,1,1,1,31.154999999999998,0,1,0.582
CUST_00335,58,Month-to-month,2566.93,0,22,0,0,0,44.257413793103446,0,1,0.534
CUST_00336,2,Month-to-month,1931.18,1,29,0,0,1,965.59,0,1,0.855
CUST_00337,22,Month-to-month,827.88,0,22,0,0,1,37.63090909090909,0,1,0.606
CUST_00338,1,Two year,2926.69,2,8,0,0,0,2926.69,0,0,0.392
CUST_00339,7,One year,2952.43,1,17,1,0,0,421.7757142857143,0,0,0.646
CUST_00340,1,One year,937.45,0,0,0,1,0,937.45,0,0,0.314
CUST_00341,43,One year,1485.85,0,3,0,0,1,34.5546511627907,0,0,0.267
CUST_00342,63,One year,2939.9,3,11,0,1,0,46.665079365079364,1,0,0.375
CUST_00343,45,Month-to-month,1039.39,0,17,1,0,1,23.09755555555556,0,1,0.389
CUST_00344,30,Month-to-month,1728.4,0,27,0,1,1,57.61333333333334,0,1,0.699
CUST_00345,21,Two year,2317.6,0,15,1,0,1,110.36190476190475,0,0,0.457
CUST_00346,66,Month-to-month,2936.35,1,2,0,0,1,44.49015151515152,0,1,0.672
CUST_00347,50,Month-to-month,1631.91,1,4,0,1,0,32.638200000000005,0,1,0.283
CUST_00348,35,One year,1108.92,1,20,0,0,1,31.683428571428575,0,0,0.341
CUST_00349,56,Month-to-month,2536.19,4,7,0,1,1,45.28910714285714,1,1,0.641
CUST_00350,40,Month-to-month,1738.06,2,1,0,0,1,43.451499999999996,0,1,0.491
CUST_00351,7,Two year,2296.68,6,28,0,0,1,328.09714285714284,1,0,0.807
CUST_00352,27,Month-to-month,1235.43,1,8,0,1,1,45.75666666666667,0,1,0.461
CUST_00353,64,Month-to-month,1890.22,3,16,0,1,0,29.5346875,1,1,0.604
CUST_00354,56,Month-to-month,1117.03,0,18,0,1,1,19.946964285714284,0,1,0.321
CUST_00355,7,Month-to-month,1770.69,4,10,0,1,0,252.9557142857143,1,1,0.547
CUST_00356,25,One year,2728.9,2,19,0,0,0,109.156,0,0,0.559
CUST_00357,65,Month-to-month,2088.9,2,1,0,0,0,32.136923076923075,0,1,0.347
CUST_00358,58,Month-to-month,1834.91,2,1,0,0,0,31.63637931034483,0,1,0.326
CUST_00359,6,Month-to-month,1908.68,1,15,0,1,0,318.11333333333334,0,1,0.703
CUST_00360,28,One year,1281.32,2,23,0,0,1,45.76142857142857,0,0,0.483
CUST_00361,9,One year,2905.34,5,24,0,0,1,322.8155555555556,1,0,0.852
CUST_00362,10,Month-to-month,1409.92,3,15,0,1,1,140.99200000000002,1,1,0.801
CUST_00363,17,Month-to-month,2677.33,2,1,0,1,0,157.49,0,1,0.637
CUST_00364,30,One year,462.76,2,6,0,1,0,15.425333333333333,0,0,0.059
CUST_00365,27,Two year,843.09,3,8,0,1,0,31.225555555555555,1,0,0.278
CUST_00366,3,One year,1534.64,1,22,0,0,1,511.5466666666667,0,0,0.6
CUST_00367,46,Month-to-month,2236.6,0,23,0,0,0,48.62173913043478,0,1,0.547
CUST_00368,28,Two year,1275.14,1,4,1,0,0,45.54071428571429,0,0,0.31
CUST_00369,25,Two year,2429.11,5,4,0,1,1,97.1644,1,0,0.705
CUST_00370,28,Month-to-month,452.71,2,0,1,1,1,16.168214285714285,0,1,0.46
CUST_00371,16,Month-to-month,1928.05,3,14,1,1,1,120.503125,1,1,0.785
CUST_00372,51,Month-to-month,2702.98,1,19,0,0,0,52.999607843137255,0,1,0.586
CUST_00373,36,Month-to-month,2174.17,1,13,1,0,1,60.39361111111111,0,1,0.678
CUST_00374,71,Month-to-month,1691.63,1,24,0,0,1,23.825774647887325,0,1,0.511
CUST_00375,67,One year,2411.14,3,25,0,0,1,35.987164179104475,1,0,0.616
CUST_00376,12,Month-to-month,1343.24,0,26,0,0,1,111.93666666666667,0,1,0.638
CUST_00377,15,Two year,1799.67,0,14,0,0,0,119.97800000000001,0,0,0.434
CUST_00378,44,One year,1696.15,2,26,0,1,1,38.54886363636364,0,0,0.31
CUST_00379,36,One year,1762.84,3,19,0,1,0,48.967777777777776,1,0,0.275
CUST_00380,60,Month-to-month,346.09,2,11,0,0,0,5.768166666666667,0,1,0.232
CUST_00381,45,Month-to-month,875.75,2,9,0,0,0,19.461111111111112,0,1,0.349
CUST_00382,49,Two year,2815.36,1,8,0,0,1,57.456326530612245,0,0,0.522
CUST_00383,28,Month-to-month,1489.02,3,5,0,1,0,53.17928571428571,1,1,0.562
CUST_00384,17,Month-to-month,2932.01,3,12,0,0,1,172.47117647058826,1,1,0.767
CUST_00385,18,One year,2340.21,1,7,0,1,0,130.01166666666666,0,0,0.318
CUST_00386,30,Month-to-month,2253.33,0,28,0,0,1,75.111,0,1,0.707
CUST_00387,39,Month-to-month,1899.65,4,12,0,0,1,48.70897435897436,1,1,0.654
CUST_00388,67,Two year,840.45,0,1,0,1,0,12.54402985074627,0,0,0.061
CUST_00389,56,Month-to-month,403.41,1,12,0,0,0,7.20375,0,1,0.244
CUST_00390,37,One year,516.47,1,19,0,1,1,13.95864864864865,0,0,0.195
CUST_00391,51,Month-to-month,2265.79,1,16,0,0,0,44.42725490196079,0,1,0.465
CUST_00392,48,Month-to-month,789.36,0,22,0,0,1,16.445,0,1,0.56
CUST_00393,9,Month-to-month,367.72,4,1,0,1,1,40.857777777777784,1,1,0.772
CUST_00394,22,Month-to-month,1669.08,2,19,0,0,0,75.86727272727272,0,1,0.735
CUST_00395,49,Month-to-month,2388.97,1,16,0,1,0,48.75448979591836,0,1,0.358
CUST_00396,57,Month-to-month,2766.81,0,16,0,0,0,48.54052631578947,0,1,0.433
CUST_00397,11,Month-to-month,1989.38,2,14,0,0,0,180.8527272727273,0,1,0.752
CUST_00398,40,One year,515.92,0,20,0,1,1,12.898,0,0,0.147
CUST_00399,47,Month-to-month,1652.28,0,13,0,0,1,35.15489361702127,0,1,0.453
CUST_00400,56,Two year,1205.03,2,23,0,1,0,21.518392857142857,0,0,0.186
CUST_00401,68,One year,2958.48,2,13,0,1,0,43.50705882352941,0,0,0.373
CUST_00402,20,Month-to-month,415.29,4,0,1,0,0,20.7645,1,1,0.404
CUST_00403,13,Two year,2531.52,2,15,1,1,0,194.7323076923077,0,0,0.384
CUST_00404,17,Month-to-month,1669.08,1,0,0,1,0,98.18117647058823,0,1,0.533
CUST_00405,70,Two year,1399.03,2,0,0,0,0,19.986142857142855,0,0,0.149
CUST_00406,13,One year,1397.33,1,15,0,1,0,107.48692307692308,0,0,0.393
CUST_00407,24,Two year,650.71,0,20,0,0,0,27.112916666666667,0,0,0.242
CUST_00408,43,Month-to-month,1403.66,1,29,0,1,0,32.64325581395349,0,1,0.413
CUST_00409,26,Month-to-month,2565.47,1,17,0,1,1,98.67192307692306,0,1,0.699
CUST_00410,6,Month-to-month,476.37,0,13,0,1,1,79.395,0,1,0.599
CUST_00411,12,Month-to-month,1962.58,1,23,0,1,1,163.54833333333332,0,1,0.78
CUST_00412,25,Two year,2874.14,0,17,0,1,1,114.9656,0,0,0.569
CUST_00413,63,Month-to-month,1322.89,5,26,0,0,1,20.99825396825397,1,1,0.806
CUST_00414,48,One year,2951.61,1,15,0,0,0,61.491875,0,0,0.446
CUST_00415,14,Month-to-month,2408.89,1,29,1,0,0,172.0635714285714,0,1,0.825
CUST_00416,20,One year,411.61,3,6,1,0,0,20.5805,1,0,0.146
CUST_00417,68,Month-to-month,2774.61,1,25,0,0,0,40.80308823529412,0,1,0.496
CUST_00418,19,Month-to-month,697.71,1,18,0,1,0,36.72157894736842,0,1,0.43
CUST_00419,19,Two year,682.3,0,0,1,1,0,35.91052631578947,0,0,0.121
CUST_00420,17,Month-to-month,2637.05,1,25,0,1,1,155.12058823529412,0,1,0.78
CUST_00421,8,Month-to-month,2598.33,1,5,0,0,1,324.79125,0,1,0.756
CUST_00422,34,Month-to-month,2120.34,2,18,0,0,1,62.36294117647059,0,1,0.654
CUST_00423,65,Month-to-month,617.22,1,18,0,0,0,9.495692307692309,0,1,0.255
CUST_00424,54,One year,1959.08,2,10,0,1,0,36.279259259259256,0,0,0.166
CUST_00425,46,Month-to-month,795.99,1,5,1,1,0,17.30413043478261,0,1,0.259
CUST_00426,19,One year,445.34,1,9,0,1,0,23.43894736842105,0,0,0.142
CUST_00427,53,Month-to-month,2853.46,2,13,0,0,0,53.8388679245283,0,1,0.64
CUST_00428,38,Month-to-month,2457.84,0,18,0,0,1,64.68,0,1,0.571
CUST_00429,45,Month-to-month,1758.03,2,23,0,0,1,39.06733333333333,0,1,0.657
CUST_00430,71,Month-to-month,1249.01,2,1,0,0,0,17.59169014084507,0,1,0.385
CUST_00431,65,One year,1271.52,1,20,0,0,0,19.561846153846155,0,0,0.222
CUST_00432,36,Month-to-month,1517.88,1,8,0,1,0,42.163333333333334,0,1,0.347
CUST_00433,45,One year,1184.98,2,13,0,1,0,26.33288888888889,0,0,0.165
CUST_00434,20,Two year,1757.26,2,13,0,0,1,87.863,0,0,0.538
CUST_00435,46,Month-to-month,1061.34,3,22,0,0,1,23.07260869565217,1,1,0.594
CUST_00436,60,Month-to-month,1816.34,3,26,0,1,0,30.272333333333332,1,1,0.543
CUST_00437,11,Month-to-month,2014.16,4,1,0,0,1,183.10545454545456,1,1,0.768
CUST_00438,65,Month-to-month,301.7,1,14,0,1,0,4.641538461538461,0,1,0.163
CUST_00439,1,Month-to-month,2966.26,0,9,0,1,0,2966.26,0,1,0.645
CUST_00440,53,Month-to-month,1398.06,2,16,1,1,0,26.378490566037733,0,1,0.365
CUST_00441,19,Month-to-month,916.74,4,5,0,0,1,48.24947368421053,1,1,0.732
CUST_00442,24,Month-to-month,1833.85,1,23,0,0,1,76.41041666666666,0,1,0.741
CUST_00443,27,One year,1605.97,1,22,0,1,1,59.48037037037037,0,0,0.47
CUST_00444,36,One year,516.03,1,9,0,1,0,14.334166666666667,0,0,0.085
CUST_00445,45,Month-to-month,2651.54,0,0,0,1,0,58.92311111111111,0,1,0.308
CUST_00446,23,Month-to-month,2170.53,5,23,0,0,1,94.3708695652174,1,1,0.862
CUST_00447,36,One year,2564.29,3,10,0,0,1,71.23027777777777,1,0,0.513
CUST_00448,66,Month-to-month,1869.44,2,12,0,1,1,28.324848484848484,0,1,0.451
CUST_00449,48,One year,2354.87,3,26,0,1,0,49.05979166666666,1,0,0.347
CUST_00450,1,Two year,2457.64,0,11,0,0,0,2457.64,0,0,0.418
CUST_00451,43,Month-to-month,1343.0,2,21,0,0,1,31.232558139534884,0,1,0.628
CUST_00452,63,One year,2734.83,3,15,0,0,1,43.41,1,0,0.576
CUST_00453,45,Month-to-month,2701.73,1,21,1,1,0,60.038444444444444,0,1,0.477
CUST_00454,19,Month-to-month,464.38,3,8,0,0,1,24.44105263157895,1,1,0.644
CUST_00455,21,One year,1375.23,2,7,0,0,0,65.48714285714286,0,0,0.339
CUST_00456,11,Month-to-month,1979.0,0,0,0,1,0,179.9090909090909,0,1,0.376
CUST_00457,47,Month-to-month,2902.15,4,2,0,1,0,61.74787234042553,1,1,0.556
CUST_00458,60,Month-to-month,366.01,5,25,0,0,1,6.1001666666666665,1,1,0.843
CUST_00459,31,Month-to-month,2878.81,1,13,0,1,1,92.86483870967741,0,1,0.758
CUST_00460,57,One year,1307.51,3,12,1,0,0,22.93877192982456,1,0,0.141
CUST_00461,38,Month-to-month,1979.78,1,13,0,1,0,52.09947368421052,0,1,0.482
CUST_00462,3,Two year,1019.91,1,9,0,1,0,339.96999999999997,0,0,0.259
CUST_00463,1,Two year,1840.15,1,13,0,0,0,1840.15,0,0,0.456
CUST_00464,21,Month-to-month,2804.81,0,7,0,0,0,133.56238095238095,0,1,0.527
CUST_00465,45,Month-to-month,404.38,0,12,0,0,1,8.986222222222223,0,1,0.394
CUST_00466,7,Month-to-month,2305.94,2,0,0,1,1,329.42,0,1,0.665
CUST_00467,36,Month-to-month,687.18,2,8,1,1,0,19.08833333333333,0,1,0.307
CUST_00468,54,Month-to-month,2804.57,1,21,0,1,1,51.936481481481486,0,1,0.556
CUST_00469,65,Month-to-month,2862.67,2,22,0,1,1,44.04107692307692,0,1,0.541
CUST_00470,65,One year,2915.82,2,11,0,0,0,44.858769230769234,0,0,0.315
CUST_00471,14,Month-to-month,827.33,1,18,0,0,1,59.095000000000006,0,1,0.718
CUST_00472,21,Month-to-month,2631.36,0,24,0,1,0,125.30285714285715,0,1,0.547
CUST_00473,3,Two year,1802.23,1,21,0,0,1,600.7433333333333,0,0,0.563
CUST_00474,26,Two year,1669.08,1,20,0,0,1,64.19538461538461,0,0,0.534
CUST_00475,29,Two year,643.34,1,27,0,1,0,22.184137931034485,0,0,0.216
CUST_00476,3,Month-to-month,1560.01,1,18,0,1,0,520.0033333333333,0,1,0.647
CUST_00477,62,Month-to-month,2763.29,3,13,0,0,1,44.5691935483871,1,1,0.716
CUST_00478,8,Month-to-month,1468.08,1,18,0,1,1,183.51,0,1,0.721
CUST_00479,34,One year,427.52,0,4,0,0,0,12.574117647058824,0,0,0.093
CUST_00480,5,Month-to-month,1678.79,1,12,0,1,1,335.758,0,1,0.71
CUST_00481,1,Two year,629.54,0,24,0,0,0,629.54,0,0,0.553
CUST_00482,52,Month-to-month,527.38,0,19,0,0,0,10.141923076923076,0,1,0.272
CUST_00483,20,Two year,2958.4,3,8,0,1,0,147.92000000000002,1,0,0.546
CUST_00484,15,Month-to-month,1176.48,0,5,0,0,0,78.432,0,1,0.315
CUST_00485,17,Month-to-month,2989.27,0,7,1,0,1,175.8394117647059,0,1,0.722
CUST_00486,34,Month-to-month,1300.1,0,20,0,1,0,38.23823529411764,0,1,0.412
CUST_00487,7,One year,2589.82,0,21,0,0,0,369.9742857142857,0,0,0.414
CUST_00488,20,One year,2282.21,3,22,0,1,0,114.1105,1,0,0.654
CUST_00489,67,Month-to-month,637.46,2,25,0,0,0,9.514328358208957,0,1,0.279
CUST_00490,37,Month-to-month,1357.22,2,28,0,1,1,36.68162162162162,0,1,0.528
CUST_00491,68,One year,2803.15,1,24,0,0,1,41.22279411764706,0,0,0.535
CUST_00492,40,One year,760.28,2,26,0,0,0,19.006999999999998,0,0,0.241
CUST_00493,18,Month-to-month,2337.57,3,9,1,0,0,129.865,1,1,0.659
CUST_00494,25,Month-to-month,1201.25,0,29,0,1,1,48.05,0,1,0.58
CUST_00495,48,One year,1556.98,0,21,0,1,0,32.437083333333334,0,0,0.199
CUST_00496,19,Two year,2164.57,1,4,0,1,0,113.92473684210528,0,0,0.267
CUST_00497,8,One year,2590.96,1,21,0,0,0,323.87,0,0,0.522
CUST_00498,65,Month-to-month,2433.41,3,16,0,1,0,37.43707692307692,1,1,0.561
CUST_00499,6,Two year,1921.94,1,26,0,1,1,320.3233333333333,0,0,0.51
CUST_00500,67,Month-to-month,1446.59,4,7,0,0,0,21.59089552238806,1,1,0.325
CUST_00501,61,One year,406.61,2,28,0,0,0,6.665737704918033,0,0,0.222
CUST_00502,34,One year,818.78,1,17,0,1,0,24.081764705882353,0,0,0.182
CUST_00503,5,Month-to-month,958.37,0,10,0,0,1,191.674,0,1,0.536
CUST_00504,29,One year,2022.15,0,29,0,0,1,69.7293103448276,0,0,0.658
CUST_00505,15,Month-to-month,540.54,1,1,0,1,0,36.035999999999994,0,1,0.405
CUST_00506,37,Month-to-month,2032.09,0,20,0,0,0,54.92135135135135,0,1,0.56
CUST_00507,26,One year,2778.85,0,25,0,1,0,106.87884615384615,0,0,0.456
CUST_00508,39,One year,1092.26,1,27,1,1,0,28.006666666666668,0,0,0.277
CUST_00509,14,Two year,1028.03,0,4,1,1,0,73.43071428571429,0,0,0.157
CUST_00510,68,One year,466.36,0,0,0,1,0,6.858235294117647,0,0,0.089
CUST_00511,16,One year,680.71,2,5,0,0,0,42.544375,0,0,0.199
CUST_00512,31,Two year,2212.33,1,9,0,0,1,71.36548387096774,0,0,0.469
CUST_00513,2,One year,856.43,0,13,0,0,0,428.215,0,0,0.309
CUST_00514,25,Month-to-month,1895.66,2,22,0,1,1,75.8264,0,1,0.721
CUST_00515,50,Two year,2399.54,2,7,0,1,0,47.9908,0,0,0.146
CUST_00516,68,Two year,1508.58,4,8,0,0,0,22.185,1,0,0.146
CUST_00517,24,Two year,2683.25,1,3,0,0,0,111.80208333333333,0,0,0.309
CUST_00518,47,Month-to-month,2547.38,1,12,1,0,1,54.19957446808511,0,1,0.669
CUST_00519,26,One year,1529.07,1,19,0,0,0,58.81038461538461,0,0,0.46
CUST_00520,10,One year,2337.63,2,16,0,1,0,233.763,0,0,0.425
CUST_00521,52,One year,2529.29,1,0,1,0,0,48.64019230769231,0,0,0.205
CUST_00522,39,One year,903.87,2,20,0,1,0,23.176153846153845,0,0,0.19
CUST_00523,52,One year,2207.95,0,11,0,0,0,42.46057692307692,0,0,0.211
CUST_00524,59,Month-to-month,2269.59,0,20,0,1,1,38.46762711864407,0,1,0.395
CUST_00525,15,Two year,560.0,0,0,0,1,0,37.333333333333336,0,0,0.14
CUST_00526,41,Month-to-month,2569.21,2,9,0,0,1,62.663658536585366,0,1,0.676
CUST_00527,29,Month-to-month,2024.96,1,18,0,1,1,69.82620689655172,0,1,0.66
CUST_00528,19,Month-to-month,914.74,1,13,0,0,1,48.14421052631579,0,1,0.593
CUST_00529,35,Month-to-month,1035.46,1,27,1,0,0,29.58457142857143,0,1,0.546
CUST_00530,26,Month-to-month,333.52,2,3,0,0,1,12.827692307692306,0,1,0.246
CUST_00531,59,Month-to-month,844.93,0,3,0,1,0,14.320847457627117,0,1,0.224
CUST_00532,52,Month-to-month,1569.36,1,23,1,0,1,30.18,0,1,0.641
CUST_00533,64,One year,603.1,1,28,1,1,0,9.4234375,0,0,0.162
CUST_00534,40,Two year,1551.69,2,28,0,1,0,38.79225,0,0,0.283
CUST_00535,19,Two year,2670.6,1,22,0,1,0,140.5578947368421,0,0,0.45
CUST_00536,2,Two year,1356.56,1,6,0,1,1,678.28,0,0,0.32
CUST_00537,27,One year,1556.49,1,4,0,0,0,57.647777777777776,0,0,0.281
CUST_00538,23,Month-to-month,1784.34,1,11,0,1,1,77.58,0,1,0.626
CUST_00539,36,Month-to-month,2488.89,0,10,0,0,1,69.13583333333332,0,1,0.528
CUST_00540,53,Month-to-month,1097.06,0,26,0,0,1,20.69924528301887,0,1,0.535
CUST_00541,38,Two year,314.84,2,18,0,0,0,8.285263157894736,0,0,0.145
CUST_00542,5,Two year,550.69,0,13,0,1,0,110.138,0,0,0.247
CUST_00543,22,Month-to-month,1998.05,2,12,0,1,1,90.82045454545454,0,1,0.697
CUST_00544,29,Month-to-month,2296.33,1,15,0,1,1,79.18379310344827,0,1,0.706
CUST_00545,52,Two year,2644.33,0,6,0,0,0,50.8525,0,0,0.189
CUST_00546,40,Month-to-month,1045.53,1,20,0,0,0,26.13825,0,1,0.507
CUST_00547,59,One year,1676.98,2,4,1,0,0,28.423389830508476,0,0,0.127
CUST_00548,22,Two year,1057.99,3,13,1,0,1,48.09045454545455,1,0,0.58
CUST_00549,7,Month-to-month,631.83,2,28,1,1,1,90.26142857142858,0,1,0.791
CUST_00550,49,One year,706.68,1,26,0,0,1,14.422040816326529,0,0,0.313
CUST_00551,57,Month-to-month,2090.54,2,1,0,1,1,36.67614035087719,0,1,0.337
CUST_00552,5,Month-to-month,2162.25,3,20,0,0,1,432.45,1,1,0.915
CUST_00553,44,Month-to-month,1264.47,1,29,0,0,1,28.737954545454546,0,1,0.585
CUST_00554,67,Two year,981.91,1,24,0,0,0,14.655373134328357,0,0,0.244
CUST_00555,56,One year,833.03,0,25,0,0,0,14.875535714285714,0,0,0.23
CUST_00556,54,Month-to-month,1892.22,2,20,0,0,1,35.041111111111114,0,1,0.606
CUST_00557,32,One year,2090.39,4,16,0,1,1,65.3246875,1,0,0.54
CUST_00558,63,Month-to-month,1029.86,3,18,0,1,1,16.346984126984125,1,1,0.502
CUST_00559,14,Month-to-month,814.84,2,24,0,0,1,58.20285714285715,0,1,0.838
CUST_00560,38,Month-to-month,909.5,1,24,0,1,0,23.93421052631579,0,1,0.447
CUST_00561,31,Month-to-month,693.43,1,16,0,0,0,22.368709677419353,0,1,0.434
CUST_00562,34,Two year,2548.37,1,20,0,0,1,74.95205882352941,0,0,0.587
CUST_00563,11,One year,780.5,1,9,0,0,0,70.95454545454545,0,0,0.272
CUST_00564,22,One year,1919.46,1,27,0,0,1,87.24818181818182,0,0,0.687
CUST_00565,67,Month-to-month,1843.33,1,16,0,0,0,27.512388059701493,0,1,0.424
CUST_00566,8,Two year,1503.75,0,28,0,1,1,187.96875,0,0,0.639
CUST_00567,53,Month-to-month,1538.12,2,22,1,1,1,29.021132075471694,0,1,0.503
CUST_00568,37,One year,2160.36,1,27,0,1,0,58.38810810810811,0,0,0.289
CUST_00569,57,One year,2649.8,2,2,0,1,0,46.487719298245615,0,0,0.136
CUST_00570,22,Month-to-month,2088.08,0,6,0,1,0,94.91272727272727,0,1,0.396
CUST_00571,5,Month-to-month,1468.04,1,25,0,0,1,293.608,0,1,0.846
CUST_00572,62,Month-to-month,719.8,2,11,0,0,1,11.609677419354838,0,1,0.41
CUST_00573,38,Month-to-month,2529.31,0,22,0,1,0,66.56078947368421,0,1,0.437
CUST_00574,12,One year,776.04,2,23,0,1,1,64.67,0,0,0.573
CUST_00575,20,Two year,610.92,0,28,0,0,0,30.546,0,0,0.366
CUST_00576,3,Month-to-month,1338.28,1,5,0,0,1,446.0933333333333,0,1,0.675
CUST_00577,42,Two year,1312.84,3,7,0,0,0,31.258095238095237,1,0,0.189
CUST_00578,56,Month-to-month,387.35,3,26,0,1,1,6.916964285714286,1,1,0.493
CUST_00579,39,One year,1965.0,1,25,1,0,0,50.38461538461539,0,0,0.403
CUST_00580,70,Month-to-month,2631.94,0,20,0,0,1,37.59914285714286,0,1,0.552
CUST_00581,48,Month-to-month,2047.93,1,27,0,1,0,42.66520833333333,0,1,0.434
CUST_00582,31,Month-to-month,862.41,2,28,0,0,1,27.81967741935484,0,1,0.644
CUST_00583,57,Month-to-month,1017.88,1,20,0,1,0,17.857543859649123,0,1,0.331
CUST_00584,62,Month-to-month,1471.92,1,27,0,1,0,23.740645161290324,0,1,0.391
CUST_00585,18,Month-to-month,2228.63,1,4,0,0,0,123.81277777777778,0,1,0.645
CUST_00586,52,One year,788.96,1,12,1,0,0,15.172307692307694,0,0,0.154
CUST_00587,48,Two year,2373.79,0,27,0,1,1,49.45395833333333,0,0,0.255
CUST_00588,56,Month-to-month,2320.02,1,22,0,1,1,41.42892857142857,0,1,0.461
CUST_00589,46,Month-to-month,1754.62,1,13,1,1,0,38.14391304347826,0,1,0.346
CUST_00590,42,Two year,660.76,3,28,0,1,0,15.732380952380952,1,0,0.252
CUST_00591,31,Month-to-month,1145.21,3,14,0,1,1,36.94225806451613,1,1,0.635
CUST_00592,36,Month-to-month,2763.34,3,7,1,0,1,76.75944444444445,1,1,0.709
CUST_00593,59,Two year,2612.49,3,7,1,0,1,44.27949152542372,1,0,0.395
CUST_00594,45,One year,2558.38,4,23,1,1,1,56.85288888888889,1,0,0.69
CUST_00595,71,One year,1858.24,3,11,0,1,0,26.17239436619718,1,0,0.25
CUST_00596,57,One year,2071.24,1,17,0,0,1,36.33754385964912,0,0,0.314
CUST_00597,71,Month-to-month,824.69,1,12,0,0,0,11.615352112676057,0,1,0.328
CUST_00598,68,Month-to-month,645.37,2,10,0,0,0,9.490735294117647,0,1,0.313
CUST_00599,31,Two year,1451.52,1,9,0,0,0,46.82322580645161,0,0,0.335
CUST_00600,64,One year,503.4,3,8,0,1,0,7.865625,1,0,0.067
CUST_00601,65,Month-to-month,1736.05,2,21,1,0,1,26.70846153846154,0,1,0.566
CUST_00602,53,Two year,1003.27,1,14,0,0,0,18.929622641509432,0,0,0.181
CUST_00603,61,Two year,1673.51,4,27,0,0,1,27.434590163934427,1,0,0.552
CUST_00604,67,One year,1229.08,1,26,1,0,0,18.3444776119403,0,0,0.293
CUST_00605,56,Two year,2349.28,2,11,0,1,0,41.95142857142857,0,0,0.173
CUST_00606,2,Month-to-month,975.56,2,17,0,1,0,487.78,0,1,0.737
CUST_00607,18,One year,755.1,2,18,0,1,0,41.95,0,0,0.309
CUST_00608,1,Month-to-month,2458.07,2,11,0,1,1,2458.07,0,1,0.856
CUST_00609,56,Month-to-month,1790.34,4,21,0,1,1,31.970357142857143,1,1,0.817
CUST_00610,19,Month-to-month,1927.33,2,19,0,0,1,101.43842105263157,0,1,0.804
CUST_00611,65,Month-to-month,1549.83,2,16,0,1,1,23.84353846153846,0,1,0.444
CUST_00612,1,Month-to-month,458.78,1,21,0,0,1,458.78,0,1,0.736
CUST_00613,48,Month-to-month,1602.33,2,19,0,0,1,33.381875,0,1,0.565
CUST_00614,40,Two year,803.07,0,17,0,1,0,20.07675,0,0,0.152
CUST_00615,45,Two year,1216.46,4,13,0,1,0,27.032444444444444,1,0,0.2
CUST_00616,15,Month-to-month,2897.15,0,5,1,1,1,193.14333333333335,0,1,0.591
CUST_00617,60,Two year,2090.03,1,2,0,1,0,34.83383333333334,0,0,0.103
CUST_00618,63,Month-to-month,774.04,0,20,0,0,0,12.286349206349206,0,1,0.341
CUST_00619,71,Two year,2837.8,1,3,0,0,0,39.969014084507045,0,0,0.28
CUST_00620,7,Month-to-month,2344.51,0,21,0,0,1,334.93,0,1,0.706
CUST_00621,50,One year,1108.6,2,4,0,1,0,22.171999999999997,0,0,0.064
CUST_00622,55,Two year,330.43,0,26,0,1,0,6.007818181818182,0,0,0.143
CUST_00623,56,One year,1588.59,3,15,0,0,0,28.36767857142857,1,0,0.223
CUST_00624,5,Two year,1821.56,1,15,0,1,0,364.312,0,0,0.38
CUST_00625,10,Month-to-month,1903.33,2,29,1,1,1,190.333,0,1,0.804
CUST_00626,67,Month-to-month,2023.4,1,8,1,1,0,30.200000000000003,0,1,0.308
CUST_00627,9,One year,2313.44,0,21,0,0,0,257.0488888888889,0,0,0.472
CUST_00628,26,Month-to-month,2718.52,0,27,0,1,0,104.55846153846154,0,1,0.525
CUST_00629,33,Month-to-month,1931.76,2,22,0,1,0,58.53818181818182,0,1,0.543
CUST_00630,20,One year,1966.52,2,13,0,1,0,98.326,0,0,0.439
CUST_00631,51,Month-to-month,1846.84,2,9,0,0,1,36.21254901960784,0,1,0.443
CUST_00632,23,Month-to-month,2568.31,5,21,0,1,1,111.66565217391305,1,1,0.84
CUST_00633,63,Month-to-month,304.99,1,7,1,1,0,4.841111111111111,0,1,0.153
CUST_00634,51,One year,1866.46,4,25,0,1,1,36.59725490196079,1,0,0.623
CUST_00635,20,One year,2197.67,0,25,0,0,0,109.8835,0,0,0.467
CUST_00636,62,Two year,1090.57,2,28,0,1,0,17.58983870967742,0,0,0.222
CUST_00637,41,One year,2046.21,4,8,0,1,0,49.907560975609755,1,0,0.315
CUST_00638,48,One year,1669.08,3,6,0,0,0,34.7725,1,0,0.166
CUST_00639,22,Month-to-month,1848.9,3,26,0,1,1,84.0409090909091,1,1,0.818
CUST_00640,10,Two year,1777.25,2,9,1,0,1,177.725,0,0,0.509
CUST_00641,35,Two year,1449.04,0,3,0,0,0,41.40114285714286,0,0,0.216
CUST_00642,27,One year,2105.81,2,10,0,1,0,77.99296296296296,0,0,0.369
CUST_00643,1,One year,2070.55,1,10,0,0,0,2070.55,0,0,0.395
CUST_00644,35,Month-to-month,2466.57,2,14,0,1,1,70.47342857142857,0,1,0.643
CUST_00645,13,Month-to-month,1585.85,1,18,1,0,1,121.98846153846154,0,1,0.777
CUST_00646,20,Two year,2291.58,2,9,0,0,1,114.579,0,0,0.473
CUST_00647,4,One year,2233.98,1,26,0,1,1,558.495,0,0,0.578
CUST_00648,67,Month-to-month,1687.16,1,1,0,1,0,25.181492537313435,0,1,0.267
CUST_00649,42,Month-to-month,2666.87,2,21,0,1,1,63.49690476190476,0,1,0.536
CUST_00650,51,Month-to-month,841.02,1,17,0,0,1,16.490588235294116,0,1,0.448
CUST_00651,14,Two year,2548.0,0,29,1,1,0,182.0,0,0,0.47
CUST_00652,50,Month-to-month,2649.14,1,15,0,1,0,52.9828,0,1,0.418
CUST_00653,40,Month-to-month,1497.0,1,2,0,1,0,37.425,0,1,0.334
CUST_00654,18,Month-to-month,2201.32,0,24,0,1,0,122.29555555555557,0,1,0.606
CUST_00655,35,One year,2327.05,1,24,0,1,0,66.48714285714286,0,0,0.339
CUST_00656,38,Month-to-month,707.76,2,9,0,1,0,18.625263157894736,0,1,0.29
CUST_00657,54,One year,2322.6,0,7,0,0,0,43.01111111111111,0,0,0.132
CUST_00658,17,Two year,2331.0,2,23,1,1,1,137.11764705882354,0,0,0.559
CUST_00659,63,Two year,2177.27,2,11,0,0,0,34.55984126984127,0,0,0.265
CUST_00660,23,Month-to-month,1244.77,1,15,1,1,1,54.1204347826087,0,1,0.625
CUST_00661,47,Month-to-month,2766.96,1,24,1,0,1,58.87148936170213,0,1,0.739
CUST_00662,56,One year,2357.24,3,28,0,1,0,42.09357142857142,1,0,0.393
CUST_00663,56,Two year,2816.72,0,27,0,0,0,50.29857142857143,0,0,0.435
CUST_00664,18,One year,842.37,1,2,0,1,0,46.79833333333333,0,0,0.2
CUST_00665,26,One year,492.05,1,8,0,1,0,18.925,0,0,0.107
CUST_00666,49,Two year,2041.03,2,12,0,1,1,41.653673469387755,0,0,0.215
CUST_00667,23,Month-to-month,1842.01,1,8,0,1,0,80.08739130434783,0,1,0.518
CUST_00668,18,Two year,1813.62,2,20,1,1,0,100.75666666666666,0,0,0.482
CUST_00669,62,Two year,2431.42,2,2,1,0,0,39.21645161290323,0,0,0.175
CUST_00670,57,Month-to-month,479.27,1,22,1,1,0,8.408245614035087,0,1,0.24
CUST_00671,13,Month-to-month,2699.29,2,21,0,0,1,207.6376923076923,0,1,0.802
CUST_00672,12,One year,1808.33,2,24,1,0,1,150.69416666666666,0,0,0.591
CUST_00673,29,Month-to-month,1968.78,1,2,0,1,1,67.88896551724137,0,1,0.531
CUST_00674,63,One year,1540.06,0,5,0,0,0,24.445396825396823,0,0,0.119
CUST_00675,24,Month-to-month,2754.49,4,2,0,0,1,114.77041666666666,1,1,0.809
CUST_00676,4,Month-to-month,2876.86,2,9,0,0,1,719.215,0,1,0.857
CUST_00677,46,One year,495.73,1,22,1,1,0,10.776739130434782,0,0,0.123
CUST_00678,16,Month-to-month,900.15,1,26,0,0,0,56.259375,0,1,0.807
CUST_00679,31,Month-to-month,2420.13,3,27,0,1,1,78.06870967741936,1,1,0.824
CUST_00680,47,Month-to-month,447.13,4,13,0,0,1,9.513404255319148,1,1,0.707
CUST_00681,25,Month-to-month,1360.8,1,13,0,0,1,54.431999999999995,0,1,0.675
CUST_00682,26,Two year,2825.46,2,16,1,0,1,108.67153846153846,0,0,0.701
CUST_00683,30,One year,2342.65,2,8,1,1,0,78.08833333333334,0,0,0.372
CUST_00684,12,Month-to-month,627.3,1,21,1,0,1,52.275,0,1,0.727
CUST_00685,12,Month-to-month,2586.69,2,11,1,0,1,215.5575,0,1,0.789
CUST_00686,11,One year,2862.7,2,19,0,0,1,260.24545454545455,0,0,0.732
CUST_00687,65,Month-to-month,927.06,2,19,0,1,0,14.262461538461537,0,1,0.368
CUST_00688,38,Two year,378.4,2,0,0,1,0,9.957894736842105,0,0,0.113
CUST_00689,29,Month-to-month,1358.05,3,9,0,1,0,46.82931034482758,1,1,0.498
CUST_00690,22,Month-to-month,2668.66,2,19,0,1,1,121.30272727272727,0,1,0.763
CUST_00691,43,One year,2209.63,1,17,0,1,0,51.38674418604651,0,0,0.268
CUST_00692,65,Month-to-month,1866.02,1,16,0,1,1,28.708,0,1,0.419
CUST_00693,60,Month-to-month,1353.88,4,26,0,1,1,22.564666666666668,1,1,0.769
CUST_00694,54,Month-to-month,1414.81,0,19,0,1,0,26.200185185185184,0,1,0.3
CUST_00695,69,Month-to-month,1788.12,2,26,1,1,1,25.91478260869565,0,1,0.596
CUST_00696,35,One year,712.11,1,2,0,1,0,20.346,0,0,0.087
CUST_00697,67,Two year,2326.19,2,15,0,1,0,34.71925373134329,0,0,0.228
CUST_00698,47,Month-to-month,2903.91,0,27,0,0,1,61.78531914893617,0,1,0.734
CUST_00699,53,Month-to-month,1377.69,3,4,0,1,0,25.994150943396228,1,1,0.324
CUST_00700,16,One year,882.63,1,12,1,0,1,55.164375,0,0,0.402
CUST_00701,29,Month-to-month,992.3,2,16,0,1,0,34.217241379310344,0,1,0.527
CUST_00702,31,Two year,1435.58,1,28,0,1,1,46.30903225806451,0,0,0.521
CUST_00703,5,Month-to-month,1022.2,2,24,0,1,1,204.44,0,1,0.811
CUST_00704,58,One year,2919.22,1,20,0,0,0,50.33137931034482,0,0,0.41
CUST_00705,23,Month-to-month,488.67,1,0,0,0,1,21.246521739130436,0,1,0.447
CUST_00706,65,Two year,562.85,3,18,0,0,0,8.659230769230769,1,0,0.077
CUST_00707,13,Month-to-month,2475.79,2,11,0,1,0,190.44538461538463,0,1,0.74
CUST_00708,11,Two year,2639.05,0,22,0,1,0,239.91363636363639,0,0,0.438
CUST_00709,48,Two year,2822.8,3,25,0,0,0,58.80833333333334,1,0,0.524
CUST_00710,23,Two year,2497.62,2,2,0,1,0,108.59217391304347,0,0,0.218
CUST_00711,49,Two year,2841.26,2,0,0,1,0,57.98489795918368,0,0,0.317
CUST_00712,55,Month-to-month,1841.11,3,24,0,1,0,33.47472727272727,1,1,0.62
CUST_00713,16,One year,926.2,2,23,0,1,0,57.8875,0,0,0.484
CUST_00714,21,Two year,939.73,1,7,0,1,0,44.74904761904762,0,0,0.224
CUST_00715,2,Two year,2798.82,1,28,0,0,0,1399.41,0,0,0.72
CUST_00716,25,Two year,524.5,3,28,0,0,1,20.98,1,0,0.58
CUST_00717,32,Month-to-month,1488.26,2,26,0,0,0,46.508125,0,1,0.707
CUST_00718,7,Two year,1094.5,2,25,0,0,1,156.35714285714286,0,0,0.661
CUST_00719,59,Month-to-month,620.86,1,24,0,1,0,10.523050847457627,0,1,0.232
CUST_00720,60,Month-to-month,713.47,2,4,0,0,0,11.891166666666667,0,1,0.343
CUST_00721,7,Month-to-month,344.37,0,28,0,1,1,49.19571428571429,0,1,0.375
CUST_00722,8,One year,1102.32,3,28,0,1,1,137.79,1,0,0.715
CUST_00723,32,One year,1669.08,1,8,0,1,0,52.15875,0,0,0.232
CUST_00724,48,One year,423.37,1,23,0,0,0,8.820208333333333,0,0,0.11
CUST_00725,25,Month-to-month,1264.14,0,18,1,0,1,50.5656,0,1,0.652
CUST_00726,7,One year,2115.76,2,26,0,1,1,302.2514285714286,0,0,0.569
CUST_00727,30,Month-to-month,2875.82,1,12,0,1,1,95.86066666666667,0,1,0.747
CUST_00728,19,Month-to-month,956.39,3,9,0,1,1,50.33631578947368,1,1,0.615
CUST_00729,56,One year,2441.42,1,29,0,1,0,43.596785714285716,0,0,0.306
CUST_00730,66,Two year,2936.51,1,21,1,1,0,44.492575757575764,0,0,0.345
CUST_00731,60,One year,2428.6,1,0,0,1,0,40.47666666666667,0,0,0.122
CUST_00732,9,Month-to-month,2023.36,2,24,0,1,1,224.81777777777776,0,1,0.8
CUST_00733,39,Month-to-month,2345.54,3,7,0,0,1,60.142051282051284,1,1,0.777
CUST_00734,56,Month-to-month,2712.92,2,5,0,0,0,48.445,0,1,0.437
CUST_00735,18,One year,1723.97,0,14,0,1,0,95.7761111111111,0,0,0.355
CUST_00736,16,One year,1391.6,1,6,1,1,0,86.975,0,0,0.227
CUST_00737,67,One year,904.14,2,7,0,1,0,13.494626865671641,0,0,0.067
CUST_00738,59,Month-to-month,768.53,1,13,0,1,0,13.02593220338983,0,1,0.247
CUST_00739,1,Month-to-month,2854.13,1,5,0,1,1,2854.13,0,1,0.741
CUST_00740,24,One year,2762.32,1,5,0,1,1,115.09666666666668,0,0,0.432
CUST_00741,8,Month-to-month,2852.56,1,8,0,1,0,356.57,0,1,0.562
CUST_00742,39,Two year,2609.06,1,18,0,1,0,66.89897435897436,0,0,0.328
CUST_00743,3,One year,1054.83,1,12,1,0,1,351.60999999999996,0,0,0.455
CUST_00744,58,One year,1050.26,0,21,1,1,0,18.107931034482757,0,0,0.159
CUST_00745,35,Two year,320.56,2,24,1,0,1,9.158857142857142,0,0,0.354
CUST_00746,7,Month-to-month,1923.33,1,21,0,0,1,274.76142857142855,0,1,0.817
CUST_00747,70,Month-to-month,1579.52,2,8,0,1,0,22.56457142857143,0,1,0.374
CUST_00748,27,Month-to-month,1669.08,0,18,0,1,1,61.81777777777778,0,1,0.64
CUST_00749,60,Month-to-month,1819.54,2,4,0,1,1,30.325666666666667,0,1,0.325
CUST_00750,65,One year,451.95,0,4,0,1,0,6.953076923076923,0,0,0.05
CUST_00751,30,One year,2798.2,1,21,0,1,1,93.27333333333333,0,0,0.559
CUST_00752,19,Month-to-month,708.65,2,15,0,1,1,37.29736842105263,0,1,0.528
CUST_00753,68,Two year,2858.45,1,5,0,1,0,42.0360294117647,0,0,0.346
CUST_00754,41,Two year,2318.34,2,4,0,1,0,56.54487804878049,0,0,0.199
CUST_00755,14,Month-to-month,441.3,1,0,0,0,1,31.521428571428572,0,1,0.55
CUST_00756,65,Month-to-month,2316.59,2,20,1,0,0,35.63984615384616,0,1,0.566
CUST_00757,18,Month-to-month,2572.83,1,11,0,0,1,142.935,0,1,0.763
CUST_00758,51,Month-to-month,2283.03,3,27,0,0,1,44.765294117647066,1,1,0.735
CUST_00759,5,Month-to-month,2203.22,2,0,0,1,1,440.64399999999995,0,1,0.696
CUST_00760,66,Month-to-month,2789.37,4,11,0,0,1,42.26318181818181,1,1,0.807
CUST_00761,59,Month-to-month,659.45,2,18,0,0,0,11.177118644067797,0,1,0.313
CUST_00762,40,One year,567.72,3,9,0,0,0,14.193000000000001,1,0,0.084
CUST_00763,41,Month-to-month,2920.85,0,23,0,1,0,71.24024390243902,0,1,0.415
CUST_00764,48,Month-to-month,2901.54,1,8,0,1,1,60.44875,0,1,0.623
CUST_00765,30,Month-to-month,2015.87,2,26,0,0,1,67.19566666666667,0,1,0.76
CUST_00766,5,One year,1567.27,1,6,0,1,0,313.454,0,0,0.243
CUST_00767,16,Month-to-month,1243.97,1,20,0,0,0,77.748125,0,1,0.715
CUST_00768,67,Two year,1669.08,0,2,0,0,0,24.911641791044776,0,0,0.146
CUST_00769,46,Two year,1651.11,3,13,1,1,1,35.89369565217391,1,0,0.415
CUST_00770,30,Month-to-month,2529.2,2,17,0,1,1,84.30666666666666,0,1,0.708
CUST_00771,4,Month-to-month,1881.44,4,1,0,1,1,470.36,1,1,0.556
CUST_00772,38,Month-to-month,1235.0,1,16,0,0,1,32.5,0,1,0.58
CUST_00773,63,Month-to-month,530.14,1,0,0,0,0,8.414920634920636,0,1,0.291
CUST_00774,38,One year,1891.29,2,28,0,1,0,49.77078947368421,0,0,0.293
CUST_00775,5,Month-to-month,1170.23,1,7,0,0,1,234.046,0,1,0.659
CUST_00776,23,Month-to-month,2932.24,1,5,0,1,0,127.4886956521739,0,1,0.622
CUST_00777,3,Two year,2070.49,2,25,0,0,1,690.1633333333333,0,0,0.631
CUST_00778,69,Two year,1534.03,3,2,0,1,0,22.23231884057971,1,0,0.106
CUST_00779,11,Month-to-month,2680.59,1,15,0,0,1,243.69000000000003,0,1,0.752
CUST_00780,47,One year,2570.95,2,11,1,0,1,54.70106382978723,0,0,0.44
CUST_00781,6,Month-to-month,2582.63,2,24,0,1,1,430.43833333333333,0,1,0.833
CUST_00782,38,Month-to-month,1586.73,1,0,0,0,0,41.756052631578946,0,1,0.369
CUST_00783,64,Two year,1329.55,2,12,0,1,0,20.77421875,0,0,0.144
CUST_00784,11,Two year,2044.82,2,20,0,0,0,185.89272727272726,0,0,0.542
CUST_00785,46,One year,1561.31,0,14,0,1,0,33.94152173913044,0,0,0.159
CUST_00786,52,Month-to-month,622.54,2,27,0,1,1,11.971923076923076,0,1,0.414
CUST_00787,2,One year,711.03,4,21,0,1,0,355.515,1,0,0.353
CUST_00788,46,Month-to-month,852.35,2,20,1,1,0,18.52934782608696,0,1,0.337
CUST_00789,10,Month-to-month,1570.73,3,15,0,1,1,157.073,1,1,0.791
CUST_00790,68,Two year,1153.56,2,16,0,0,0,16.964117647058824,0,0,0.191
CUST_00791,45,Month-to-month,1802.1,3,18,1,0,1,40.04666666666667,1,1,0.676
CUST_00792,41,Month-to-month,2810.17,1,28,0,1,1,68.54073170731708,0,1,0.676
CUST_00793,3,One year,1674.46,0,0,0,0,1,558.1533333333333,0,0,0.392
CUST_00794,24,Two year,2377.22,2,20,0,0,1,99.05083333333333,0,0,0.586
CUST_00795,29,Two year,954.99,3,25,0,1,0,32.930689655172415,1,0,0.337
CUST_00796,45,Month-to-month,590.34,1,10,0,1,0,13.118666666666668,0,1,0.228
CUST_00797,35,Two year,1338.79,3,9,0,0,0,38.25114285714286,1,0,0.298
CUST_00798,11,One year,1527.23,5,17,0,1,1,138.8390909090909,1,0,0.624
CUST_00799,11,One year,1292.09,0,16,0,0,1,117.46272727272726,0,0,0.429
CUST_00800,17,Month-to-month,1359.71,2,16,0,0,1,79.98294117647059,0,1,0.755
CUST_00801,1,One year,2450.67,0,22,0,1,1,2450.67,0,0,0.649
CUST_00802,41,Month-to-month,805.86,0,15,0,0,1,19.655121951219513,0,1,0.481
CUST_00803,16,Month-to-month,1709.33,0,28,0,1,0,106.833125,0,1,0.609
CUST_00804,46,One year,1983.7,1,19,0,0,1,43.12391304347826,0,0,0.328
CUST_00805,41,One year,1359.55,2,26,1,0,1,33.15975609756097,0,0,0.43
CUST_00806,69,Month-to-month,1174.27,3,29,0,0,1,17.018405797101448,1,1,0.602
CUST_00807,47,One year,1508.8,1,13,0,1,0,32.102127659574464,0,0,0.169
CUST_00808,3,One year,541.81,1,16,0,1,0,180.60333333333332,0,0,0.319
CUST_00809,2,Two year,1254.83,2,19,0,0,1,627.415,0,0,0.615
CUST_00810,63,Month-to-month,685.28,2,9,1,1,0,10.877460317460317,0,1,0.248
CUST_00811,3,Month-to-month,1729.73,1,28,1,0,1,576.5766666666667,0,1,0.882
CUST_00812,29,Month-to-month,1427.0,2,13,0,1,1,49.206896551724135,0,1,0.599
CUST_00813,12,One year,1535.29,0,17,0,0,0,127.94083333333333,0,0,0.427
CUST_00814,3,Month-to-month,579.12,2,4,1,1,1,193.04,0,1,0.692
CUST_00815,30,Two year,2047.46,2,14,0,0,0,68.24866666666667,0,0,0.465
CUST_00816,29,Two year,1871.71,1,0,0,1,1,64.54172413793104,0,0,0.269
CUST_00817,65,One year,2485.98,0,14,1,0,1,38.24584615384615,0,0,0.345
CUST_00818,43,Month-to-month,1728.88,1,22,0,0,1,40.20651162790698,0,1,0.641
CUST_00819,41,Two year,2945.68,3,15,0,1,0,71.84585365853658,1,0,0.514
CUST_00820,27,One year,2350.41,2,22,0,0,1,87.05222222222221,0,0,0.634
CUST_00821,45,Month-to-month,2812.83,0,18,0,0,1,62.507333333333335,0,1,0.625
CUST_00822,25,Month-to-month,2854.12,0,6,0,1,0,114.1648,0,1,0.405
CUST_00823,47,Month-to-month,303.79,0,15,0,0,0,6.463617021276596,0,1,0.249
CUST_00824,58,Two year,2811.28,1,17,1,0,1,48.47034482758621,0,0,0.474
CUST_00825,41,Two year,1936.93,2,17,0,0,1,47.24219512195122,0,0,0.397
CUST_00826,31,Two year,2167.13,0,2,0,1,0,69.90741935483871,0,0,0.202
CUST_00827,28,Two year,1776.85,0,14,0,1,1,63.458928571428565,0,0,0.351
CUST_00828,69,Month-to-month,2708.92,1,11,0,0,0,39.25971014492754,0,1,0.451
CUST_00829,8,Two year,2444.85,1,12,0,0,0,305.60625,0,0,0.445
CUST_00830,19,One year,2572.14,1,10,0,1,0,135.3757894736842,0,0,0.342
CUST_00831,18,Month-to-month,2636.38,0,14,0,0,1,146.46555555555557,0,1,0.662
CUST_00832,7,One year,2487.09,1,11,0,1,0,355.29857142857145,0,0,0.349
CUST_00833,63,One year,1681.25,1,13,0,0,0,26.686507936507937,0,0,0.26
CUST_00834,35,Two year,759.67,0,3,0,1,0,21.70485714285714,0,0,0.094
CUST_00835,4,Month-to-month,756.6,1,16,0,0,1,189.15,0,1,0.72
CUST_00836,52,Month-to-month,1669.08,1,9,0,0,1,32.097692307692306,0,1,0.369
CUST_00837,18,One year,736.64,3,18,0,0,1,40.92444444444445,1,0,0.592
CUST_00838,25,Month-to-month,1789.9,0,10,0,0,0,71.596,0,1,0.462
CUST_00839,53,Month-to-month,2787.01,1,23,0,0,1,52.58509433962264,0,1,0.623
CUST_00840,18,Month-to-month,1986.32,2,9,1,1,1,110.35111111111111,0,1,0.625
CUST_00841,60,Two year,2438.54,1,16,0,0,0,40.64233333333333,0,0,0.307
CUST_00842,40,Month-to-month,2873.5,1,19,0,1,1,71.8375,0,1,0.708
CUST_00843,58,Two year,2953.87,1,29,0,1,1,50.92879310344827,0,0,0.523
CUST_00844,59,One year,1667.18,1,17,1,0,0,28.25728813559322,0,0,0.264
CUST_00845,56,Month-to-month,2402.6,2,19,0,1,1,42.903571428571425,0,1,0.432
CUST_00846,41,Month-to-month,1336.73,1,29,0,0,1,32.603170731707316,0,1,0.631
CUST_00847,1,Month-to-month,2901.53,2,3,1,0,1,2901.53,0,1,0.829
CUST_00848,43,Month-to-month,481.01,1,29,0,0,0,11.186279069767442,0,1,0.288
CUST_00849,52,Two year,558.51,1,27,0,1,1,10.740576923076922,0,0,0.253
CUST_00850,29,Two year,1662.85,0,7,0,0,0,57.33965517241379,0,0,0.302
CUST_00851,27,Month-to-month,1669.08,1,28,0,0,1,61.81777777777778,0,1,0.737
CUST_00852,47,One year,2282.16,1,4,0,1,0,48.55659574468085,0,0,0.149
CUST_00853,37,Two year,1681.47,4,23,0,0,1,45.44513513513514,1,0,0.644
CUST_00854,54,Month-to-month,1650.31,1,28,1,0,1,30.561296296296295,0,1,0.621
CUST_00855,22,Month-to-month,1832.3,1,10,0,1,1,83.28636363636363,0,1,0.536
CUST_00856,6,Month-to-month,2066.79,0,12,0,0,1,344.465,0,1,0.62
CUST_00857,40,Month-to-month,1608.62,3,12,0,0,0,40.2155,1,1,0.544
CUST_00858,70,One year,1941.69,1,21,0,1,0,27.73842857142857,0,0,0.274
CUST_00859,65,Month-to-month,1944.17,0,16,0,1,1,29.910307692307693,0,1,0.39
CUST_00860,31,Two year,1149.63,0,3,0,1,0,37.08483870967742,0,0,0.123
CUST_00861,40,One year,2903.24,1,27,0,0,0,72.58099999999999,0,0,0.587
CUST_00862,33,One year,1599.16,1,16,0,0,1,48.45939393939394,0,0,0.462
CUST_00863,51,Two year,2354.11,1,14,0,1,0,46.15901960784314,0,0,0.223
CUST_00864,36,Month-to-month,1971.21,2,7,1,0,1,54.755833333333335,0,1,0.624
CUST_00865,50,Month-to-month,2842.74,3,4,0,0,0,56.8548,1,1,0.614
CUST_00866,53,One year,2371.32,1,9,0,1,0,44.74188679245283,0,0,0.149
CUST_00867,4,One year,327.09,3,9,0,0,0,81.7725,1,0,0.313
CUST_00868,34,One year,1696.03,1,7,0,1,1,49.88323529411765,0,0,0.209
CUST_00869,6,Month-to-month,1884.18,0,25,0,0,1,314.03000000000003,0,1,0.65
CUST_00870,44,One year,2592.35,0,26,0,0,0,58.91704545454545,0,0,0.427
CUST_00871,5,Month-to-month,1020.42,2,25,0,0,1,204.084,0,1,0.839
CUST_00872,22,One year,2289.21,1,27,0,1,1,104.055,0,0,0.598
CUST_00873,67,Month-to-month,1227.41,1,14,1,0,1,18.319552238805972,0,1,0.428
CUST_00874,19,Month-to-month,618.31,2,5,0,0,1,32.542631578947365,0,1,0.585
CUST_00875,66,Month-to-month,2720.5,4,25,0,0,1,41.21969696969697,1,1,0.915
CUST_00876,37,Month-to-month,836.53,1,18,0,0,0,22.608918918918917,0,1,0.469
CUST_00877,9,Month-to-month,342.92,0,24,0,1,0,38.102222222222224,0,1,0.276
CUST_00878,9,Month-to-month,923.03,2,18,0,0,0,102.55888888888889,0,1,0.733
CUST_00879,20,One year,480.96,1,1,1,1,0,24.048,0,0,0.112
CUST_00880,4,Month-to-month,2023.49,1,10,0,1,0,505.8725,0,1,0.527
CUST_00881,57,One year,2938.32,1,4,0,0,0,51.54947368421053,0,0,0.323
CUST_00882,51,One year,1936.78,0,23,0,1,0,37.97607843137255,0,0,0.216
CUST_00883,54,One year,2642.87,2,5,0,0,1,48.94203703703703,0,0,0.176
CUST_00884,11,One year,1576.59,0,5,0,1,0,143.32636363636362,0,0,0.2
CUST_00885,47,One year,1985.9,2,27,0,0,1,42.253191489361704,0,0,0.436
CUST_00886,45,Month-to-month,2014.73,0,11,0,1,1,44.77177777777778,0,1,0.357
CUST_00887,14,Two year,1301.22,0,17,0,0,0,92.94428571428571,0,0,0.433
CUST_00888,66,Month-to-month,1936.93,3,9,0,1,1,29.347424242424243,1,1,0.549
CUST_00889,3,Month-to-month,1382.64,0,20,0,1,0,460.88000000000005,0,1,0.535
CUST_00890,60,Month-to-month,2020.37,3,21,0,1,0,33.67283333333333,1,1,0.579
CUST_00891,3,Month-to-month,1669.08,3,1,0,1,0,556.36,1,1,0.6
CUST_00892,8,One year,847.82,0,25,0,0,0,105.9775,0,0,0.48
CUST_00893,62,Two year,738.59,1,13,0,0,1,11.912741935483872,0,0,0.224
CUST_00894,34,Month-to-month,1677.88,2,22,1,0,1,49.349411764705884,0,1,0.713
CUST_00895,58,Two year,655.47,4,11,0,1,1,11.301206896551724,1,0,0.357
CUST_00896,40,Month-to-month,2151.49,3,14,0,0,1,53.78724999999999,1,1,0.787
CUST_00897,40,Month-to-month,1755.06,2,11,0,1,1,43.8765,0,1,0.436
CUST_00898,25,Month-to-month,1474.89,1,15,1,0,1,58.9956,0,1,0.717
CUST_00899,17,Month-to-month,1143.81,2,18,1,0,0,67.28294117647059,0,1,0.701
CUST_00900,27,Month-to-month,1251.52,1,8,0,0,0,46.35259259259259,0,1,0.491
CUST_00901,25,One year,2539.64,1,25,0,1,0,101.5856,0,0,0.503
CUST_00902,68,Month-to-month,2493.91,3,22,1,0,1,36.675147058823526,1,1,0.731
CUST_00903,11,Month-to-month,2923.26,2,17,0,0,1,265.7509090909091,0,1,0.791
CUST_00904,12,Month-to-month,2375.77,0,13,0,0,0,197.98083333333332,0,1,0.628
CUST_00905,39,Two year,2729.56,0,5,1,1,0,69.98871794871795,0,0,0.203
CUST_00906,61,Two year,652.61,1,25,0,1,0,10.698524590163935,0,0,0.181
CUST_00907,44,Month-to-month,2067.81,1,0,0,1,0,46.995681818181815,0,1,0.295
CUST_00908,56,Two year,1605.28,1,1,0,1,0,28.665714285714284,0,0,0.102
CUST_00909,1,Month-to-month,2868.32,2,24,1,0,1,2868.32,0,1,0.893
CUST_00910,14,Month-to-month,1568.8,2,13,1,0,1,112.05714285714285,0,1,0.769
CUST_00911,10,Two year,2479.77,2,13,0,1,0,247.977,0,0,0.369
CUST_00912,27,Month-to-month,2720.37,1,28,0,1,0,100.75444444444445,0,1,0.676
CUST_00913,21,Month-to-month,453.85,1,4,0,1,0,21.611904761904764,0,1,0.394
CUST_00914,38,Two year,2193.57,0,13,0,1,0,57.72552631578948,0,0,0.331
CUST_00915,60,Month-to-month,1173.4,1,24,0,1,0,19.55666666666667,0,1,0.375
CUST_00916,65,One year,1385.92,1,20,0,1,1,21.321846153846156,0,0,0.246
CUST_00917,14,Two year,2697.31,1,0,0,1,0,192.665,0,0,0.24
CUST_00918,1,One year,2386.16,0,22,0,1,1,2386.16,0,0,0.653
CUST_00919,5,Month-to-month,784.74,0,15,0,1,1,156.948,0,1,0.624
CUST_00920,64,Month-to-month,1372.13,1,19,0,1,0,21.43953125,0,1,0.351
CUST_00921,24,Month-to-month,1894.16,0,24,1,1,1,78.92333333333333,0,1,0.686
CUST_00922,5,One year,919.33,0,22,0,0,1,183.866,0,0,0.555
CUST_00923,31,Month-to-month,2117.52,1,5,0,1,1,68.30709677419355,0,1,0.551
CUST_00924,22,One year,2502.17,3,17,0,1,1,113.735,1,0,0.572
CUST_00925,22,One year,2713.02,1,24,0,1,1,123.3190909090909,0,0,0.525
CUST_00926,1,Month-to-month,1691.22,0,16,1,1,0,1691.22,0,1,0.432
CUST_00927,44,Month-to-month,601.74,2,8,1,0,0,13.67590909090909,0,1,0.359
CUST_00928,69,Month-to-month,2797.53,1,6,1,1,1,40.54391304347826,0,1,0.507
CUST_00929,47,Month-to-month,2722.03,1,27,1,1,1,57.91553191489362,0,1,0.646
CUST_00930,69,Month-to-month,949.1,1,0,0,0,0,13.755072463768116,0,1,0.305
CUST_00931,52,Month-to-month,1051.73,2,19,0,1,0,20.225576923076922,0,1,0.346
CUST_00932,31,Month-to-month,2562.19,1,18,0,1,1,82.65129032258065,0,1,0.695
CUST_00933,25,Month-to-month,1667.8,2,24,0,1,1,66.712,0,1,0.712
CUST_00934,51,Month-to-month,2038.22,0,7,0,1,0,39.96509803921569,0,1,0.277
CUST_00935,69,Two year,1585.42,1,29,0,1,1,22.977101449275363,0,0,0.386
CUST_00936,4,One year,575.71,0,7,0,1,0,143.9275,0,0,0.192
CUST_00937,65,Month-to-month,1801.31,3,25,1,0,0,27.712461538461536,1,1,0.462
CUST_00938,40,One year,2687.49,1,2,0,0,1,67.18724999999999,0,0,0.255
CUST_00939,45,Two year,824.45,1,12,0,1,1,18.32111111111111,0,0,0.16
CUST_00940,25,One year,2387.48,3,8,0,0,1,95.4992,1,0,0.542
CUST_00941,62,One year,646.82,5,11,0,1,0,10.432580645161291,1,0,0.205
CUST_00942,40,Two year,590.31,2,26,0,0,0,14.757749999999998,0,0,0.218
CUST_00943,21,One year,1400.94,1,5,0,1,0,66.71142857142857,0,0,0.185
CUST_00944,22,One year,950.75,1,28,0,1,1,43.21590909090909,0,0,0.54
CUST_00945,52,Month-to-month,951.98,2,24,0,1,1,18.307307692307692,0,1,0.403
CUST_00946,48,Two year,1569.67,0,18,0,1,0,32.701458333333335,0,0,0.166
CUST_00947,40,Two year,804.66,1,3,0,0,0,20.1165,0,0,0.14
CUST_00948,35,Month-to-month,505.37,3,11,0,1,0,14.439142857142857,1,1,0.48
CUST_00949,3,Two year,1781.62,2,26,0,1,0,593.8733333333333,0,0,0.544
CUST_00950,35,Month-to-month,2477.79,2,12,1,1,1,70.794,0,1,0.672
CUST_00951,60,One year,1422.13,0,10,0,1,0,23.702166666666667,0,0,0.108
CUST_00952,35,One year,748.9,1,18,0,0,1,21.397142857142857,0,0,0.274
CUST_00953,52,Month-to-month,2998.14,1,29,0,1,1,57.65653846153846,0,1,0.763
CUST_00954,25,Month-to-month,1669.84,4,15,0,0,0,66.7936,1,1,0.778
CUST_00955,53,Month-to-month,2335.06,3,11,0,0,1,44.057735849056606,1,1,0.596
CUST_00956,37,Month-to-month,1485.94,2,25,1,1,1,40.160540540540545,0,1,0.594
CUST_00957,36,Month-to-month,1556.91,1,17,0,1,0,43.2475,0,1,0.405
CUST_00958,51,One year,1298.85,2,19,0,0,0,25.467647058823527,0,0,0.25
CUST_00959,65,Month-to-month,583.94,1,0,1,0,1,8.983692307692309,0,1,0.36
CUST_00960,45,Two year,1260.9,4,19,0,1,1,28.020000000000003,1,0,0.259
CUST_00961,31,Two year,903.51,1,26,0,0,0,29.14548387096774,0,0,0.264
CUST_00962,10,Month-to-month,1918.67,2,7,1,0,0,191.86700000000002,0,1,0.697
CUST_00963,36,Two year,464.0,0,18,1,1,0,12.88888888888889,0,0,0.105
CUST_00964,47,Month-to-month,2523.85,2,22,1,1,1,53.69893617021276,0,1,0.607
CUST_00965,21,One year,860.45,4,8,0,1,1,40.97380952380953,1,0,0.567
CUST_00966,15,Two year,2866.4,1,9,0,1,1,191.09333333333333,0,0,0.443
CUST_00967,30,Two year,2655.59,1,17,0,1,0,88.51966666666667,0,0,0.339
CUST_00968,47,Two year,2720.06,1,2,0,0,0,57.873617021276594,0,0,0.249
CUST_00969,41,Two year,712.39,1,4,0,1,0,17.375365853658536,0,0,0.087
CUST_00970,53,Month-to-month,558.03,1,10,0,1,1,10.528867924528301,0,1,0.274
CUST_00971,38,One year,2728.8,1,7,0,1,0,71.81052631578947,0,0,0.343
CUST_00972,46,Month-to-month,835.09,0,28,0,0,1,18.15413043478261,0,1,0.538
CUST_00973,43,Two year,669.43,0,14,0,0,1,15.56813953488372,0,0,0.258
CUST_00974,57,Month-to-month,721.14,3,11,0,1,1,12.65157894736842,1,1,0.483
CUST_00975,54,Month-to-month,1094.72,1,3,0,1,1,20.27259259259259,0,1,0.283
CUST_00976,30,One year,2221.52,1,15,1,0,1,74.05066666666667,0,0,0.592
CUST_00977,69,One year,1405.35,3,17,0,1,0,20.367391304347827,1,0,0.134
CUST_00978,71,Month-to-month,1287.81,2,20,0,0,1,18.138169014084507,0,1,0.527
CUST_00979,38,One year,900.27,2,26,0,1,0,23.691315789473684,0,0,0.205
CUST_00980,63,Month-to-month,705.63,3,6,0,0,0,11.20047619047619,1,1,0.364
CUST_00981,40,Two year,1262.74,1,19,0,0,1,31.5685,0,0,0.346
CUST_00982,38,One year,344.77,3,21,0,0,1,9.072894736842105,1,0,0.142
CUST_00983,44,Month-to-month,2116.59,0,13,0,1,1,48.104318181818186,0,1,0.381
CUST_00984,22,One year,2334.11,2,17,0,1,1,106.0959090909091,0,0,0.479
CUST_00985,9,One year,1696.93,0,0,0,1,1,188.54777777777778,0,0,0.336
CUST_00986,67,Month-to-month,2163.54,1,1,0,0,0,32.291641791044775,0,1,0.303
CUST_00987,71,One year,2961.85,1,4,0,0,1,41.71619718309859,0,0,0.522
CUST_00988,41,Month-to-month,1167.34,0,26,1,0,1,28.471707317073168,0,1,0.643
CUST_00989,56,Month-to-month,1319.44,3,26,0,1,1,23.56142857142857,1,1,0.543
CUST_00990,11,One year,2712.41,1,21,1,1,1,246.58272727272725,0,0,0.477
CUST_00991,48,Month-to-month,728.91,2,8,0,1,0,15.185625,0,1,0.285
CUST_00992,30,Month-to-month,1716.08,2,11,0,1,0,57.202666666666666,0,1,0.555
CUST_00993,66,One year,1050.76,1,4,0,0,1,15.92060606060606,0,0,0.17
CUST_00994,9,Month-to-month,2579.07,0,19,0,1,1,286.56333333333333,0,1,0.63
CUST_00995,20,Month-to-month,1625.65,2,18,1,0,1,81.2825,0,1,0.781
CUST_00996,35,Two year,1669.08,0,19,0,1,0,47.687999999999995,0,0,0.221
CUST_00997,26,Two year,1660.25,1,24,0,1,0,63.85576923076923,0,0,0.41
CUST_00998,19,Month-to-month,798.38,2,20,1,1,0,42.02,0,1,0.471
CUST_00999,55,Month-to-month,1998.48,2,26,0,0,1,36.336,0,1,0.631
CUST_01000,11,Two year,1138.21,2,26,0,1,1,103.47363636363637,0,0,0.617
CUST_01001,25,Two year,2059.99,2,3,0,1,1,82.39959999999999,0,0,0.345
CUST_01002,54,One year,1062.04,4,4,0,1,0,19.667407407407406,1,0,0.12
CUST_01003,3,Month-to-month,2415.84,0,18,0,0,1,805.2800000000001,0,1,0.696
CUST_01004,23,One year,1774.89,2,7,0,1,1,77.16913043478262,0,0,0.421
CUST_01005,12,Month-to-month,2727.17,1,20,0,1,1,227.26416666666668,0,1,0.779
CUST_01006,68,Two year,312.97,4,5,0,1,0,4.6025,1,0,0.145
CUST_01007,13,Two year,1874.02,2,0,0,0,0,144.1553846153846,0,0,0.263
CUST_01008,49,Month-to-month,2523.47,3,25,1,0,0,51.499387755102035,1,1,0.677
CUST_01009,56,Month-to-month,1078.21,0,10,0,1,0,19.25375,0,1,0.209
CUST_01010,28,Two year,2789.14,1,14,1,1,0,99.61214285714286,0,0,0.439
CUST_01011,66,Month-to-month,747.34,2,16,0,1,0,11.323333333333334,0,1,0.315
CUST_01012,21,Two year,2845.66,1,22,0,1,1,135.50761904761904,0,0,0.604
CUST_01013,9,Month-to-month,1322.47,1,23,0,0,1,146.94111111111113,0,1,0.804
CUST_01014,11,Month-to-month,957.22,3,26,0,0,1,87.02,1,1,0.853
CUST_01015,69,Month-to-month,1054.03,2,25,1,0,0,15.275797101449275,0,1,0.499
CUST_01016,25,Month-to-month,2922.29,0,18,0,0,0,116.8916,0,1,0.557
CUST_01017,25,One year,1444.93,2,9,0,1,0,57.797200000000004,0,0,0.326
CUST_01018,40,Month-to-month,2615.93,4,24,0,1,1,65.39824999999999,1,1,0.795
CUST_01019,65,Month-to-month,1831.26,0,2,0,1,0,28.17323076923077,0,1,0.202
CUST_01020,2,Month-to-month,2706.46,2,1,0,1,1,1353.23,0,1,0.793
CUST_01021,40,One year,1676.45,3,27,0,0,1,41.91125,1,0,0.539
CUST_01022,41,Month-to-month,1431.36,2,2,0,0,1,34.91121951219512,0,1,0.501
CUST_01023,46,Two year,1133.44,3,13,0,0,0,24.64,1,0,0.222
CUST_01024,16,Month-to-month,1580.53,1,5,0,1,0,98.783125,0,1,0.526
CUST_01025,29,Month-to-month,396.53,1,0,0,1,0,13.673448275862068,0,1,0.245
CUST_01026,12,Month-to-month,1910.91,1,23,1,0,1,159.2425,0,1,0.829
CUST_01027,20,Month-to-month,1933.53,2,8,1,1,1,96.6765,0,1,0.633
CUST_01028,11,Month-to-month,2045.5,0,5,0,0,1,185.95454545454547,0,1,0.494
CUST_01029,6,Month-to-month,1457.19,4,25,0,1,1,242.865,1,1,0.855
CUST_01030,21,One year,2609.88,3,27,0,1,1,124.28,1,0,0.723
CUST_01031,9,Month-to-month,2432.89,0,13,1,1,1,270.3211111111111,0,1,0.53
CUST_01032,44,Two year,355.43,1,17,0,1,1,8.077954545454546,0,0,0.237
CUST_01033,22,Month-to-month,2048.79,4,10,0,0,1,93.12681818181818,1,1,0.736
CUST_01034,19,Two year,1094.97,0,26,0,1,1,57.63,0,0,0.514
CUST_01035,31,Two year,1433.48,0,21,0,0,1,46.241290322580646,0,0,0.543
CUST_01036,48,One year,1593.76,0,25,0,1,0,33.20333333333333,0,0,0.198
CUST_01037,45,Month-to-month,2347.74,3,10,0,1,1,52.172,1,1,0.677
CUST_01038,36,Month-to-month,2239.71,3,26,0,0,1,62.21416666666667,1,1,0.811
CUST_01039,11,Month-to-month,1367.14,1,6,0,1,1,124.28545454545456,0,1,0.563
CUST_01040,26,Month-to-month,1962.24,3,13,1,0,1,75.47076923076924,1,1,0.773
CUST_01041,34,Month-to-month,1472.42,2,1,0,0,0,43.3064705882353,0,1,0.43
CUST_01042,69,One year,1360.13,1,24,0,1,0,19.71202898550725,0,0,0.235
CUST_01043,64,One year,445.61,3,27,0,0,1,6.96265625,1,0,0.388
CUST_01044,67,Month-to-month,974.01,1,13,0,1,1,14.537462686567164,0,1,0.325
CUST_01045,24,One year,2558.06,0,7,0,1,1,106.58583333333333,0,0,0.282
CUST_01046,15,Month-to-month,1773.57,2,6,0,0,1,118.238,0,1,0.7
CUST_01047,20,Month-to-month,2645.07,3,7,1,0,1,132.2535,1,1,0.73
CUST_01048,34,Two year,1467.26,1,2,0,0,0,43.15470588235294,0,0,0.208
CUST_01049,12,Month-to-month,1669.08,2,15,0,1,1,139.09,0,1,0.76
CUST_01050,40,Month-to-month,2868.88,0,26,0,1,0,71.72200000000001,0,1,0.426
CUST_01051,64,Month-to-month,2145.28,1,19,0,1,0,33.52,0,1,0.396
CUST_01052,25,Month-to-month,1890.23,3,4,0,1,0,75.6092,1,1,0.591
CUST_01053,14,Month-to-month,1940.34,1,16,0,1,1,138.59571428571428,0,1,0.736
CUST_01054,27,Month-to-month,606.81,1,26,1,0,1,22.474444444444444,0,1,0.612
CUST_01055,11,Two year,1882.74,3,21,0,1,0,171.15818181818182,1,0,0.502
CUST_01056,69,Month-to-month,2286.32,1,17,0,0,1,33.13507246376812,0,1,0.496
CUST_01057,7,Month-to-month,1072.58,0,5,0,0,0,153.22571428571428,0,1,0.35
CUST_01058,43,Month-to-month,1810.33,0,19,0,1,0,42.100697674418605,0,1,0.328
CUST_01059,56,Month-to-month,332.71,0,3,1,1,0,5.941249999999999,0,1,0.157
CUST_01060,67,Two year,2901.18,1,6,0,0,1,43.30119402985074,0,0,0.436
CUST_01061,51,Month-to-month,1846.5,2,29,0,1,1,36.205882352941174,0,1,0.546
CUST_01062,25,Two year,1829.52,0,8,0,1,0,73.1808,0,0,0.271
CUST_01063,68,One year,1727.46,0,27,0,1,0,25.403823529411767,0,0,0.24
CUST_01064,46,Month-to-month,1669.08,1,20,0,0,1,36.28434782608696,0,1,0.597
CUST_01065,41,One year,1152.45,0,21,0,1,1,28.108536585365854,0,0,0.247
CUST_01066,39,Month-to-month,2149.75,0,24,0,0,1,55.12179487179487,0,1,0.609
CUST_01067,8,Month-to-month,1414.36,3,3,0,0,1,176.795,1,1,0.767
CUST_01068,57,Month-to-month,933.04,1,27,0,1,1,16.369122807017543,0,1,0.436
CUST_01069,13,Month-to-month,1290.54,1,22,0,0,1,99.27230769230769,0,1,0.8
CUST_01070,16,Month-to-month,909.91,2,22,0,0,1,56.869375,0,1,0.809
CUST_01071,36,Month-to-month,959.01,2,11,1,1,0,26.639166666666668,0,1,0.422
CUST_01072,3,Month-to-month,1598.31,5,23,0,0,1,532.77,1,1,0.904
CUST_01073,58,Month-to-month,2583.16,1,3,0,1,1,44.537241379310345,0,1,0.359
CUST_01074,58,Two year,2609.56,0,23,0,0,1,44.992413793103445,0,0,0.503
CUST_01075,13,Month-to-month,2054.12,2,15,1,1,1,158.00923076923075,0,1,0.739
CUST_01076,64,Month-to-month,1713.77,0,26,0,1,1,26.77765625,0,1,0.459
CUST_01077,39,Two year,2710.29,3,6,0,0,0,69.49461538461539,1,0,0.469
CUST_01078,4,Month-to-month,1965.04,1,21,0,0,1,491.26,0,1,0.837
CUST_01079,47,Month-to-month,2084.15,2,16,0,1,0,44.3436170212766,0,1,0.423
CUST_01080,63,One year,405.85,3,24,0,0,0,6.442063492063492,1,0,0.138
CUST_01081,28,One year,2826.97,0,27,0,1,1,100.96321428571427,0,0,0.537
CUST_01082,34,One year,466.52,2,17,0,1,0,13.721176470588235,0,0,0.123
CUST_01083,13,Month-to-month,1634.43,2,17,0,1,1,125.72538461538463,0,1,0.775
CUST_01084,6,Month-to-month,1153.03,1,6,0,0,0,192.17166666666665,0,1,0.595
CUST_01085,2,One year,2844.85,1,0,0,0,1,1422.425,0,0,0.552
CUST_01086,18,Month-to-month,2605.22,1,7,0,1,1,144.73444444444442,0,1,0.671
CUST_01087,49,Month-to-month,2893.83,1,9,0,1,0,59.057755102040815,0,1,0.557
CUST_01088,13,Month-to-month,1056.56,2,25,0,0,1,81.27384615384615,0,1,0.846
CUST_01089,9,Month-to-month,966.48,1,12,0,0,0,107.38666666666667,0,1,0.551
CUST_01090,38,Month-to-month,2462.96,2,7,0,0,1,64.81473684210526,0,1,0.664
CUST_01091,56,Two year,1669.08,1,7,0,0,0,29.805,0,0,0.14
CUST_01092,71,Month-to-month,1835.95,2,19,1,1,1,25.85845070422535,0,1,0.563
CUST_01093,52,One year,1260.45,0,8,0,1,0,24.239423076923078,0,0,0.075
CUST_01094,29,Month-to-month,2565.87,1,13,0,1,1,88.47827586206895,0,1,0.711
CUST_01095,36,Month-to-month,1030.2,3,6,0,0,1,28.616666666666667,1,1,0.614
CUST_01096,49,Month-to-month,2808.31,5,2,0,1,1,57.312448979591835,1,1,0.731
CUST_01097,29,Month-to-month,1417.76,3,1,0,1,1,48.888275862068966,1,1,0.577
CUST_01098,22,Month-to-month,1609.14,1,13,0,0,0,73.14272727272727,0,1,0.665
CUST_01099,66,Two year,974.0,2,20,0,0,0,14.757575757575758,0,0,0.207
CUST_01100,10,One year,1846.85,0,27,0,1,0,184.685,0,0,0.569
CUST_01101,53,Month-to-month,2473.23,0,12,0,1,0,46.664716981132074,0,1,0.369
CUST_01102,70,Two year,2577.0,5,29,1,0,1,36.81428571428572,1,0,0.657
CUST_01103,51,One year,1220.18,0,5,0,0,0,23.925098039215687,0,0,0.114
CUST_01104,63,Two year,2494.31,1,22,1,1,0,39.59222222222222,0,0,0.286
CUST_01105,41,Month-to-month,2459.05,0,11,0,0,0,59.97682926829269,0,1,0.535
CUST_01106,8,Month-to-month,375.9,0,22,0,0,0,46.9875,0,1,0.32
CUST_01107,18,One year,1147.27,3,12,1,0,0,63.73722222222222,1,0,0.496
CUST_01108,18,Two year,364.77,1,29,0,0,0,20.265,0,0,0.393
CUST_01109,33,Month-to-month,2453.42,1,2,0,0,1,74.3460606060606,0,1,0.586
CUST_01110,39,Month-to-month,1093.63,0,2,0,1,0,28.041794871794874,0,1,0.325
CUST_01111,3,Two year,1000.78,3,14,0,1,0,333.5933333333333,1,0,0.35
CUST_01112,53,Two year,2792.89,1,7,0,0,0,52.69603773584905,0,0,0.344
CUST_01113,50,Month-to-month,1378.16,1,7,0,1,0,27.563200000000002,0,1,0.257
CUST_01114,22,One year,2005.61,1,1,0,1,0,91.1640909090909,0,0,0.22
CUST_01115,59,Month-to-month,322.43,2,7,0,1,0,5.4649152542372885,0,1,0.147
CUST_01116,4,Month-to-month,1057.73,1,24,0,1,1,264.4325,0,1,0.767
CUST_01117,1,One year,2814.6,2,17,0,1,0,2814.6,0,0,0.481
CUST_01118,20,One year,1517.84,1,27,0,0,1,75.892,0,0,0.696
CUST_01119,9,Two year,2936.9,3,19,0,1,1,326.32222222222225,1,0,0.646
CUST_01120,41,Two year,2182.4,2,23,0,1,0,53.22926829268293,0,0,0.298
CUST_01121,8,Month-to-month,2855.79,4,16,0,1,1,356.97375,1,1,0.807
CUST_01122,62,Two year,711.28,5,29,0,1,1,11.47225806451613,1,0,0.534
CUST_01123,12,Month-to-month,2094.46,4,24,0,0,1,174.53833333333333,1,1,0.887
CUST_01124,2,Month-to-month,2789.75,2,6,0,0,1,1394.875,0,1,0.893
CUST_01125,71,Month-to-month,365.49,2,25,1,0,1,5.147746478873239,0,1,0.649
CUST_01126,51,Two year,959.39,2,2,0,1,0,18.81156862745098,0,0,0.061
CUST_01127,31,Month-to-month,1449.03,3,3,0,1,0,46.74290322580645,1,1,0.48
CUST_01128,44,Month-to-month,2163.34,1,5,0,0,1,49.166818181818186,0,1,0.471
CUST_01129,12,Month-to-month,1995.49,0,4,0,1,1,166.29083333333332,0,1,0.447
CUST_01130,24,One year,719.51,2,9,0,1,1,29.979583333333334,0,0,0.315
CUST_01131,59,Month-to-month,499.62,2,4,0,1,0,8.468135593220339,0,1,0.193
CUST_01132,34,Month-to-month,604.38,2,16,0,0,1,17.775882352941178,0,1,0.425
CUST_01133,25,One year,2164.55,1,3,0,0,0,86.58200000000001,0,0,0.321
CUST_01134,3,Month-to-month,2165.27,3,4,0,1,1,721.7566666666667,1,1,0.788
CUST_01135,29,Month-to-month,1489.69,2,18,0,0,1,51.368620689655174,0,1,0.719
CUST_01136,35,Two year,1362.84,1,21,0,1,0,38.93828571428571,0,0,0.239
CUST_01137,23,Month-to-month,1073.33,1,18,0,1,0,46.66652173913043,0,1,0.477
CUST_01138,55,Month-to-month,1656.76,4,28,0,1,1,30.12290909090909,1,1,0.86
CUST_01139,52,Two year,2267.34,2,17,0,1,0,43.60269230769231,0,0,0.23
CUST_01140,23,One year,1669.08,1,28,1,1,1,72.56869565217391,0,0,0.611
CUST_01141,42,Month-to-month,2306.25,0,10,0,1,0,54.910714285714285,0,1,0.386
CUST_01142,40,One year,537.71,0,3,0,0,1,13.44275,0,0,0.204
CUST_01143,1,Month-to-month,2947.68,1,11,0,1,1,2947.68,0,1,0.866
CUST_01144,48,Two year,1377.46,3,1,0,0,0,28.697083333333335,1,0,0.167
CUST_01145,60,Month-to-month,1773.75,2,23,0,1,0,29.5625,0,1,0.454
CUST_01146,9,Month-to-month,1672.88,1,0,0,0,1,185.87555555555556,0,1,0.68
CUST_01147,14,One year,464.09,1,27,0,0,0,33.14928571428571,0,0,0.284
CUST_01148,30,Month-to-month,1274.77,1,20,1,1,1,42.492333333333335,0,1,0.551
CUST_01149,65,Month-to-month,1469.7,0,3,1,1,0,22.610769230769233,0,1,0.217
CUST_01150,21,One year,1752.62,2,11,1,0,1,83.45809523809524,0,0,0.584
CUST_01151,46,One year,2639.92,4,22,0,1,1,57.38956521739131,1,0,0.632
CUST_01152,17,Two year,1640.55,0,6,0,0,0,96.50294117647059,0,0,0.272
CUST_01153,65,Month-to-month,1133.7,2,19,0,0,0,17.441538461538464,0,1,0.481
CUST_01154,43,Month-to-month,1445.53,2,15,0,1,1,33.61697674418605,0,1,0.413
CUST_01155,46,Two year,2923.78,2,16,0,1,0,63.5604347826087,0,0,0.397
CUST_01156,4,Two year,1767.36,1,1,0,0,0,441.84,0,0,0.284
CUST_01157,48,Month-to-month,2336.05,2,23,0,1,0,48.66770833333334,0,1,0.436
CUST_01158,37,Two year,2410.24,1,10,1,1,0,65.14162162162161,0,0,0.335
CUST_01159,62,Two year,550.54,2,8,0,1,0,8.879677419354838,0,0,0.055
CUST_01160,52,One year,2603.72,2,10,1,0,0,50.07153846153846,0,0,0.28
CUST_01161,5,One year,1044.29,2,11,0,0,1,208.858,0,0,0.463
CUST_01162,16,Month-to-month,2091.7,3,11,0,1,1,130.73125,1,1,0.774
CUST_01163,12,One year,524.76,0,28,0,1,1,43.73,0,0,0.536
CUST_01164,3,Month-to-month,2192.82,1,2,0,1,1,730.94,0,1,0.705
CUST_01165,15,Month-to-month,2063.33,3,21,0,0,1,137.55533333333332,1,1,0.873
CUST_01166,62,Month-to-month,2351.54,1,21,0,0,0,37.928064516129034,0,1,0.54
CUST_01167,34,Month-to-month,2574.48,0,9,0,1,1,75.72,0,1,0.487
CUST_01168,61,One year,415.35,0,15,0,1,0,6.809016393442623,0,0,0.072
CUST_01169,62,Two year,2682.11,2,25,0,0,1,43.259838709677425,0,0,0.496
CUST_01170,25,Two year,2570.13,1,19,1,1,1,102.8052,0,0,0.474
CUST_01171,21,Two year,2972.76,2,16,0,1,0,141.56,0,0,0.507
CUST_01172,61,One year,879.18,0,2,0,0,0,14.4127868852459,0,0,0.105
CUST_01173,29,Two year,547.26,2,7,0,1,0,18.87103448275862,0,0,0.071
CUST_01174,17,One year,1065.08,2,8,0,0,0,62.65176470588235,0,0,0.32
CUST_01175,13,Month-to-month,431.17,1,23,0,0,1,33.16692307692308,0,1,0.648
CUST_01176,15,One year,2167.41,1,24,1,0,0,144.494,0,0,0.522
CUST_01177,66,Month-to-month,1067.09,4,29,0,0,0,16.168030303030303,1,1,0.711
CUST_01178,51,Month-to-month,808.68,0,24,1,0,1,15.856470588235293,0,1,0.623
CUST_01179,6,Two year,2279.48,2,3,0,1,0,379.91333333333336,0,0,0.245
CUST_01180,10,Month-to-month,395.23,0,8,0,0,0,39.523,0,1,0.295
CUST_01181,20,One year,2857.68,3,7,0,1,0,142.884,1,0,0.553
CUST_01182,26,Month-to-month,1076.52,0,20,0,1,0,41.40461538461538,0,1,0.403
CUST_01183,52,Month-to-month,777.9,2,10,0,1,0,14.959615384615384,0,1,0.277
CUST_01184,47,One year,1219.27,2,25,0,1,0,25.94191489361702,0,0,0.213
CUST_01185,51,Month-to-month,2154.75,1,29,0,1,1,42.25,0,1,0.517
CUST_01186,19,Month-to-month,1034.63,1,20,0,1,0,54.4542105263158,0,1,0.675
CUST_01187,54,Month-to-month,1001.14,0,16,0,1,0,18.53962962962963,0,1,0.29
CUST_01188,1,Two year,2799.11,3,25,0,0,1,2799.11,1,0,0.698
CUST_01189,23,Two year,2530.16,0,25,0,0,0,110.00695652173913,0,0,0.46
CUST_01190,65,Two year,2712.69,1,15,1,1,0,41.73369230769231,0,0,0.231
CUST_01191,25,Two year,907.73,1,14,0,1,0,36.309200000000004,0,0,0.256
CUST_01192,24,One year,2869.09,3,12,0,0,1,119.54541666666667,1,0,0.68
CUST_01193,27,Month-to-month,2696.08,4,20,0,1,0,99.85481481481482,1,1,0.671
CUST_01194,19,Two year,2511.86,1,3,0,1,0,132.20315789473685,0,0,0.234
CUST_01195,50,Two year,1935.01,1,2,1,1,0,38.7002,0,0,0.095
CUST_01196,37,Two year,2111.25,4,0,0,1,0,57.060810810810814,1,0,0.416
CUST_01197,37,Month-to-month,2575.31,0,3,1,1,0,69.60297297297298,0,1,0.357
CUST_01198,60,Month-to-month,1674.29,4,22,0,1,0,27.904833333333332,1,1,0.775
CUST_01199,47,Month-to-month,2034.93,2,15,0,0,0,43.29638297872341,0,1,0.505
CUST_01200,30,Two year,1594.11,1,10,0,1,0,53.13699999999999,0,0,0.267
CUST_01201,36,One year,877.87,1,26,0,1,0,24.385277777777777,0,0,0.219
CUST_01202,38,Month-to-month,1541.3,1,20,0,0,1,40.560526315789474,0,1,0.633
CUST_01203,60,Month-to-month,2550.92,0,19,0,0,1,42.51533333333334,0,1,0.488
CUST_01204,56,Month-to-month,1455.57,3,4,0,1,0,25.992321428571426,1,1,0.318
CUST_01205,46,Month-to-month,1753.17,1,0,1,1,1,38.11239130434783,0,1,0.318
CUST_01206,69,Month-to-month,625.08,0,3,0,1,0,9.05913043478261,0,1,0.171
CUST_01207,40,Month-to-month,692.72,1,3,0,0,1,17.318,0,1,0.441
CUST_01208,45,Two year,2989.93,0,19,1,1,0,66.44288888888889,0,0,0.41
CUST_01209,35,Month-to-month,591.85,0,22,0,1,1,16.91,0,1,0.448
CUST_01210,59,Two year,2800.85,2,7,0,1,0,47.472033898305085,0,0,0.307
CUST_01211,14,Month-to-month,756.83,2,5,1,0,1,54.059285714285714,0,1,0.661
CUST_01212,17,Month-to-month,2731.4,2,11,0,1,0,160.67058823529413,0,1,0.731
CUST_01213,35,Month-to-month,1743.23,2,15,1,0,1,49.80657142857143,0,1,0.609
CUST_01214,17,One year,933.15,0,22,0,0,1,54.891176470588235,0,0,0.497
CUST_01215,6,Month-to-month,937.18,1,25,1,0,0,156.19666666666666,0,1,0.741
CUST_01216,8,Two year,2656.39,3,28,0,0,1,332.04875,1,0,0.73
CUST_01217,10,Month-to-month,1825.32,1,6,0,1,1,182.53199999999998,0,1,0.573
CUST_01218,20,Two year,341.48,1,24,0,1,0,17.074,0,0,0.247
CUST_01219,60,Month-to-month,2473.24,3,10,0,0,1,41.220666666666666,1,1,0.43
CUST_01220,17,Month-to-month,2211.46,1,27,0,1,1,130.08588235294118,0,1,0.822
CUST_01221,2,Month-to-month,677.66,1,28,0,1,0,338.83,0,1,0.651
CUST_01222,58,Month-to-month,590.18,0,11,1,1,0,10.175517241379309,0,1,0.199
CUST_01223,9,Month-to-month,2165.79,3,3,1,0,1,240.64333333333332,1,1,0.793
CUST_01224,68,Two year,1515.65,2,2,0,1,0,22.288970588235294,0,0,0.112
CUST_01225,3,Two year,674.28,3,1,1,1,1,224.76,1,0,0.507
CUST_01226,8,Two year,1980.46,1,25,0,1,1,247.5575,0,0,0.495
CUST_01227,11,One year,1198.68,1,2,0,0,0,108.9709090909091,0,0,0.245
CUST_01228,47,Month-to-month,2302.58,2,1,1,1,1,48.99106382978723,0,1,0.402
CUST_01229,67,Month-to-month,678.26,3,1,0,0,1,10.123283582089552,1,1,0.504
CUST_01230,71,One year,2952.37,4,28,0,1,0,41.58267605633802,1,0,0.561
CUST_01231,16,One year,311.11,1,24,0,0,1,19.444375,0,0,0.461
CUST_01232,66,Two year,2763.04,2,23,0,0,0,41.86424242424243,0,0,0.455
CUST_01233,70,One year,2098.08,0,25,0,0,0,29.972571428571428,0,0,0.425
CUST_01234,15,Month-to-month,1280.87,0,3,0,1,0,85.39133333333332,0,1,0.291
CUST_01235,27,Month-to-month,1822.19,0,18,0,1,1,67.48851851851852,0,1,0.602
CUST_01236,43,One year,2160.8,1,11,1,0,1,50.25116279069768,0,0,0.317
CUST_01237,20,Month-to-month,509.34,1,19,0,1,1,25.467,0,1,0.435
CUST_01238,49,One year,893.61,1,20,1,1,0,18.236938775510204,0,0,0.172
CUST_01239,18,Month-to-month,461.24,1,20,0,1,0,25.624444444444446,0,1,0.402
CUST_01240,2,Two year,2243.7,2,14,0,1,1,1121.85,0,0,0.6
CUST_01241,54,Two year,1209.02,1,6,0,0,0,22.38925925925926,0,0,0.1
CUST_01242,6,Month-to-month,1244.21,4,23,1,0,1,207.36833333333334,1,1,0.861
CUST_01243,54,Month-to-month,2406.41,2,1,0,1,0,44.563148148148144,0,1,0.324
CUST_01244,52,Two year,2979.3,3,27,0,0,0,57.29423076923077,1,0,0.592
CUST_01245,25,Two year,942.73,2,10,1,0,1,37.7092,0,0,0.318
CUST_01246,37,One year,1627.51,0,10,0,1,0,43.986756756756755,0,0,0.161
CUST_01247,50,Two year,1051.04,3,23,0,1,0,21.020799999999998,1,0,0.169
CUST_01248,49,One year,2889.23,2,25,0,0,0,58.96387755102041,0,0,0.54
CUST_01249,67,Month-to-month,420.95,3,26,0,0,1,6.282835820895523,1,1,0.645
CUST_01250,8,Month-to-month,1530.43,2,4,1,0,1,191.30375,0,1,0.738
CUST_01251,57,Month-to-month,2566.79,1,28,0,0,1,45.03140350877193,0,1,0.591
CUST_01252,14,Month-to-month,1998.39,2,25,0,0,1,142.74214285714285,0,1,0.836
CUST_01253,59,Month-to-month,1285.24,1,26,0,1,1,21.78372881355932,0,1,0.393
CUST_01254,56,One year,1809.49,1,6,1,1,0,32.31232142857143,0,0,0.089
CUST_01255,59,One year,2679.73,4,0,0,0,0,45.419152542372885,1,0,0.301
CUST_01256,28,One year,1334.63,1,3,1,1,0,47.66535714285715,0,0,0.229
CUST_01257,58,One year,779.84,0,1,0,1,0,13.44551724137931,0,0,0.081
CUST_01258,35,Two year,1812.32,0,25,1,0,0,51.78057142857143,0,0,0.377
CUST_01259,55,Month-to-month,674.97,1,4,1,0,1,12.272181818181819,0,1,0.363
CUST_01260,55,Month-to-month,2737.31,0,28,1,1,0,49.76927272727273,0,1,0.391
CUST_01261,64,Month-to-month,2755.28,0,18,0,0,0,43.05125,0,1,0.464
CUST_01262,6,Two year,1045.66,0,20,0,1,0,174.27666666666667,0,0,0.381
CUST_01263,69,One year,995.94,1,19,1,1,1,14.433913043478261,0,0,0.288
CUST_01264,9,Month-to-month,2047.79,1,13,0,1,0,227.53222222222223,0,1,0.655
CUST_01265,60,Month-to-month,1513.26,0,17,0,1,0,25.221,0,1,0.298
CUST_01266,36,Two year,1480.25,4,18,0,1,0,41.11805555555556,1,0,0.325
CUST_01267,58,One year,1231.55,2,17,0,1,0,21.233620689655172,0,0,0.154
CUST_01268,47,Two year,2545.3,3,10,1,1,0,54.15531914893617,1,0,0.459
CUST_01269,35,Month-to-month,2401.94,0,9,0,0,0,68.62685714285715,0,1,0.456
CUST_01270,24,Month-to-month,1497.55,5,0,0,0,1,62.39791666666667,1,1,0.735
CUST_01271,54,Month-to-month,429.91,2,1,0,0,0,7.961296296296297,0,1,0.284
CUST_01272,37,Month-to-month,1983.46,3,4,0,1,0,53.60702702702703,1,1,0.584
CUST_01273,31,Month-to-month,667.49,4,7,0,0,1,21.531935483870967,1,1,0.635
CUST_01274,54,One year,1669.94,1,29,0,0,0,30.924814814814816,0,0,0.346
CUST_01275,16,Two year,604.72,1,2,0,1,0,37.795,0,0,0.142
CUST_01276,62,Month-to-month,1293.34,1,28,0,1,0,20.86032258064516,0,1,0.377
CUST_01277,20,Two year,1669.08,2,29,0,0,1,83.454,0,0,0.697
CUST_01278,18,One year,2281.67,2,2,0,0,0,126.75944444444445,0,0,0.247
CUST_01279,28,Month-to-month,2950.66,4,28,0,0,1,105.38071428571428,1,1,0.83
CUST_01280,53,Month-to-month,2994.55,2,12,0,1,1,56.50094339622642,0,1,0.679
CUST_01281,67,One year,1643.25,2,10,0,1,1,24.526119402985074,0,0,0.279
CUST_01282,16,One year,1629.23,2,20,0,1,1,101.826875,0,0,0.524
CUST_01283,14,Month-to-month,2678.56,2,28,0,0,0,191.32571428571427,0,1,0.738
CUST_01284,34,Two year,919.85,1,9,0,0,0,27.054411764705883,0,0,0.2
CUST_01285,53,Month-to-month,2487.31,1,12,0,1,1,46.93037735849057,0,1,0.405
CUST_01286,53,One year,2205.56,0,12,0,1,0,41.61433962264151,0,0,0.18
CUST_01287,51,Month-to-month,2895.12,2,0,0,1,1,56.76705882352941,0,1,0.602
CUST_01288,23,Month-to-month,1392.04,0,3,0,0,0,60.52347826086957,0,1,0.446
CUST_01289,5,One year,650.59,0,22,0,0,1,130.118,0,0,0.483
CUST_01290,44,Two year,1535.18,3,0,0,0,0,34.890454545454546,1,0,0.217
CUST_01291,35,Month-to-month,1439.28,0,29,0,0,1,41.12228571428572,0,1,0.662
CUST_01292,20,Month-to-month,2629.1,2,4,0,1,0,131.45499999999998,0,1,0.647
CUST_01293,71,Two year,2123.69,0,20,1,1,0,29.91112676056338,0,0,0.223
CUST_01294,45,Month-to-month,696.18,4,7,0,0,0,15.470666666666666,1,1,0.462
CUST_01295,63,Month-to-month,2011.61,1,15,0,1,0,31.930317460317458,0,1,0.379
CUST_01296,35,Month-to-month,1026.88,0,29,0,0,0,29.339428571428574,0,1,0.506
CUST_01297,44,One year,1898.95,0,17,1,0,0,43.157954545454544,0,0,0.312
CUST_01298,30,Month-to-month,2498.31,1,3,1,1,1,83.277,0,1,0.622
CUST_01299,47,Month-to-month,1087.58,2,3,0,1,0,23.139999999999997,0,1,0.319
CUST_01300,10,Month-to-month,2701.94,2,22,0,0,1,270.194,0,1,0.828
CUST_01301,37,One year,772.55,1,18,0,1,0,20.87972972972973,0,0,0.172
CUST_01302,28,One year,2884.4,1,6,0,0,1,103.01428571428572,0,0,0.547
CUST_01303,33,Month-to-month,2467.74,1,23,0,0,1,74.77999999999999,0,1,0.692
CUST_01304,56,One year,1034.35,1,10,0,0,0,18.470535714285713,0,0,0.124
CUST_01305,31,One year,1421.53,1,11,0,1,0,45.8558064516129,0,0,0.252
CUST_01306,13,One year,2368.75,4,22,1,0,1,182.21153846153845,1,0,0.673
CUST_01307,20,One year,822.71,1,12,0,1,0,41.1355,0,0,0.247
CUST_01308,56,One year,2820.27,1,29,0,0,0,50.361964285714286,0,0,0.395
CUST_01309,71,One year,743.27,2,29,0,1,1,10.468591549295775,0,0,0.456
CUST_01310,59,Month-to-month,2008.53,4,2,0,1,1,34.0428813559322,1,1,0.508
CUST_01311,61,Month-to-month,1070.04,3,21,0,0,0,17.541639344262293,1,1,0.423
CUST_01312,66,One year,2030.1,2,18,0,1,0,30.759090909090908,0,0,0.225
CUST_01313,17,Two year,310.68,1,20,0,0,0,18.27529411764706,0,0,0.352
CUST_01314,38,Month-to-month,2288.2,3,11,0,0,1,60.215789473684204,1,1,0.78
CUST_01315,68,One year,415.34,1,2,0,1,0,6.107941176470588,0,0,0.064
CUST_01316,37,Month-to-month,595.19,5,24,0,1,0,16.08621621621622,1,1,0.475
CUST_01317,26,Month-to-month,2459.4,1,13,0,1,0,94.5923076923077,0,1,0.724
CUST_01318,35,Two year,2273.15,3,7,0,1,1,64.94714285714286,1,0,0.614
CUST_01319,56,Month-to-month,2599.85,1,25,0,0,1,46.425892857142856,0,1,0.574
CUST_01320,40,One year,2765.6,1,26,0,0,0,69.14,0,0,0.489
CUST_01321,35,Two year,781.11,3,27,0,0,0,22.31742857142857,1,0,0.258
CUST_01322,62,Month-to-month,998.43,0,15,0,1,0,16.103709677419353,0,1,0.284
CUST_01323,32,One year,1833.56,2,5,0,1,0,57.29875,0,0,0.261
CUST_01324,40,Month-to-month,2341.25,0,23,0,1,1,58.53125,0,1,0.568
CUST_01325,53,Month-to-month,2061.85,2,11,0,0,0,38.902830188679246,0,1,0.42
CUST_01326,41,One year,2019.48,2,26,1,1,1,49.25560975609756,0,0,0.341
CUST_01327,34,Month-to-month,707.23,0,24,0,0,1,20.800882352941176,0,1,0.572
CUST_01328,56,Two year,2628.23,4,2,0,1,0,46.932678571428575,1,0,0.262
CUST_01329,53,Month-to-month,988.4,0,4,0,0,0,18.649056603773584,0,1,0.281
CUST_01330,22,Two year,1863.94,2,12,1,0,1,84.72454545454546,0,0,0.59
CUST_01331,69,One year,1976.67,1,21,0,0,1,28.647391304347828,0,0,0.472
CUST_01332,3,One year,927.85,4,3,0,1,0,309.28333333333336,1,0,0.311
CUST_01333,57,One year,958.26,3,12,1,0,0,16.81157894736842,1,0,0.112
CUST_01334,67,One year,2561.95,1,15,0,1,1,38.23805970149253,0,0,0.266
CUST_01335,33,Two year,1787.31,0,15,0,0,1,54.16090909090909,0,0,0.45
CUST_01336,28,Month-to-month,1669.08,2,18,0,1,0,59.61,0,1,0.597
CUST_01337,61,Month-to-month,560.55,0,23,0,1,0,9.189344262295082,0,1,0.246
CUST_01338,35,Month-to-month,2336.67,2,14,0,0,1,66.762,0,1,0.686
CUST_01339,24,Two year,779.95,2,13,0,1,1,32.49791666666667,0,0,0.331
CUST_01340,34,One year,1669.08,2,21,0,1,0,49.09058823529411,0,0,0.276
CUST_01341,57,One year,885.31,1,17,0,0,1,15.531754385964911,0,0,0.238
CUST_01342,51,Month-to-month,2299.02,1,1,0,1,0,45.078823529411764,0,1,0.298
CUST_01343,24,Month-to-month,2219.99,3,1,0,1,1,92.49958333333332,1,1,0.744
CUST_01344,16,Month-to-month,671.92,1,18,1,0,0,41.995,0,1,0.453
CUST_01345,9,One year,795.55,2,2,0,0,0,88.39444444444445,0,0,0.275
CUST_01346,19,Two year,2157.53,1,4,0,0,1,113.5542105263158,0,0,0.362
CUST_01347,37,Month-to-month,1221.62,1,2,0,1,0,33.016756756756756,0,1,0.379
CUST_01348,17,One year,1222.49,2,8,0,0,0,71.91117647058823,0,0,0.37
CUST_01349,13,Month-to-month,436.8,2,22,0,0,1,33.6,0,1,0.643
CUST_01350,52,One year,1662.94,1,0,0,1,0,31.979615384615386,0,0,0.124
CUST_01351,38,Month-to-month,761.84,0,13,0,0,1,20.04842105263158,0,1,0.426
CUST_01352,31,Month-to-month,2679.16,1,18,0,1,0,86.42451612903226,0,1,0.664
CUST_01353,6,Two year,352.35,1,13,0,1,0,58.725,0,0,0.221
CUST_01354,71,One year,502.49,2,18,0,0,0,7.077323943661972,0,0,0.107
CUST_01355,63,Two year,587.12,4,1,0,1,0,9.31936507936508,1,0,0.115
CUST_01356,63,One year,745.7,1,26,0,0,1,11.836507936507937,0,0,0.379
CUST_01357,59,Month-to-month,1188.21,3,14,0,0,0,20.139152542372884,1,1,0.367
CUST_01358,69,Two year,613.75,4,4,0,1,0,8.894927536231885,1,0,0.093
CUST_01359,13,Month-to-month,1651.25,1,16,1,1,1,127.01923076923077,0,1,0.747
CUST_01360,15,Month-to-month,1364.62,1,28,0,1,1,90.97466666666666,0,1,0.747
CUST_01361,56,Two year,2256.72,2,9,0,1,0,40.29857142857143,0,0,0.149
CUST_01362,15,Month-to-month,983.02,0,11,0,1,0,65.53466666666667,0,1,0.48
CUST_01363,71,Month-to-month,2133.29,4,4,1,1,1,30.046338028169014,1,1,0.669
CUST_01364,55,One year,335.59,1,12,0,0,0,6.101636363636363,0,0,0.13
CUST_01365,51,Month-to-month,1386.33,1,21,0,0,1,27.182941176470585,0,1,0.542
CUST_01366,46,Month-to-month,2697.23,1,23,1,1,0,58.6354347826087,0,1,0.502
CUST_01367,60,One year,564.55,0,25,0,1,0,9.409166666666666,0,0,0.087
CUST_01368,22,Month-to-month,760.67,3,4,0,1,1,34.575909090909086,1,1,0.699
CUST_01369,65,One year,2726.59,0,9,0,0,1,41.947538461538464,0,0,0.229
CUST_01370,28,Month-to-month,2062.22,1,9,1,1,0,73.65071428571427,0,1,0.555
CUST_01371,32,Month-to-month,386.7,1,5,1,1,0,12.084375,0,1,0.262
CUST_01372,2,One year,2832.72,0,10,0,0,1,1416.36,0,0,0.644
CUST_01373,49,One year,339.97,0,23,0,0,1,6.938163265306123,0,0,0.145
CUST_01374,70,One year,2757.64,0,22,0,0,1,39.39485714285714,0,0,0.477
CUST_01375,40,Month-to-month,1894.78,1,6,0,0,0,47.3695,0,1,0.483
CUST_01376,8,Month-to-month,526.55,1,26,0,0,1,65.81875,0,1,0.786
CUST_01377,10,Month-to-month,2338.62,1,7,0,0,1,233.862,0,1,0.711
CUST_01378,58,Month-to-month,2272.62,1,28,0,0,1,39.18310344827586,0,1,0.602
CUST_01379,12,Month-to-month,2723.94,3,28,0,0,1,226.995,1,1,0.871
CUST_01380,33,One year,843.49,0,1,0,1,0,25.560303030303032,0,0,0.109
CUST_01381,40,Month-to-month,2295.36,1,20,0,1,1,57.384,0,1,0.551
CUST_01382,52,Month-to-month,2381.9,1,16,0,1,0,45.80576923076923,0,1,0.386
CUST_01383,71,Two year,2551.24,4,9,0,1,1,35.93295774647887,1,0,0.378
CUST_01384,6,Month-to-month,1261.73,0,5,0,1,0,210.28833333333333,0,1,0.319
CUST_01385,11,One year,1520.13,1,3,1,0,0,138.1936363636364,0,0,0.26
CUST_01386,38,One year,1059.71,0,6,0,1,0,27.887105263157896,0,0,0.106
CUST_01387,62,Two year,2780.81,3,26,0,0,0,44.85177419354839,1,0,0.599
CUST_01388,34,Two year,336.92,1,13,0,0,0,9.909411764705883,0,0,0.114
CUST_01389,31,One year,2717.14,1,15,0,1,0,87.64967741935483,0,0,0.387
CUST_01390,50,Month-to-month,1495.9,2,29,0,1,1,29.918000000000003,0,1,0.479
CUST_01391,18,Month-to-month,1050.26,3,21,0,0,1,58.34777777777778,1,1,0.828
CUST_01392,10,One year,1103.33,2,1,0,1,0,110.333,0,0,0.217
CUST_01393,42,Month-to-month,378.07,1,7,0,0,0,9.001666666666667,0,1,0.296
CUST_01394,67,Two year,2389.08,2,10,0,0,1,35.657910447761196,0,0,0.33
CUST_01395,14,One year,773.59,2,15,0,0,0,55.25642857142857,0,0,0.374
CUST_01396,71,Month-to-month,1142.84,3,25,1,1,0,16.09633802816901,1,1,0.399
CUST_01397,56,Month-to-month,1017.84,0,5,0,1,0,18.175714285714285,0,1,0.205
CUST_01398,15,Month-to-month,838.07,0,18,1,0,1,55.87133333333334,0,1,0.694
CUST_01399,14,Month-to-month,1662.67,4,29,0,0,1,118.76214285714286,1,1,0.903
CUST_01400,7,Month-to-month,2759.37,2,20,1,1,1,394.19571428571425,0,1,0.825
CUST_01401,3,One year,2955.0,1,10,1,0,1,985.0,0,0,0.588
CUST_01402,39,Month-to-month,2735.84,1,15,0,1,1,70.1497435897436,0,1,0.633
CUST_01403,8,Month-to-month,869.75,1,14,0,1,0,108.71875,0,1,0.585
CUST_01404,32,One year,574.61,4,23,0,1,1,17.9565625,1,0,0.261
CUST_01405,40,One year,596.32,0,28,1,1,0,14.908000000000001,0,0,0.193
CUST_01406,46,Month-to-month,1937.42,3,9,0,0,1,42.117826086956526,1,1,0.604
CUST_01407,9,Month-to-month,1710.25,3,26,0,1,1,190.02777777777777,1,1,0.869
CUST_01408,70,One year,1923.46,1,8,0,1,0,27.478,0,0,0.167
CUST_01409,9,Month-to-month,417.12,3,5,1,1,1,46.346666666666664,1,1,0.749
CUST_01410,52,Month-to-month,967.6,3,16,0,1,1,18.607692307692307,1,1,0.435
CUST_01411,3,Two year,2217.87,3,9,0,0,0,739.29,1,0,0.449
CUST_01412,52,Month-to-month,2874.64,1,25,0,0,0,55.28153846153846,0,1,0.606
CUST_01413,20,One year,794.93,0,17,1,1,0,39.7465,0,0,0.287
CUST_01414,64,Month-to-month,772.91,3,18,0,1,0,12.07671875,1,1,0.411
CUST_01415,25,Two year,2250.45,1,3,1,0,1,90.01799999999999,0,0,0.38
CUST_01416,44,One year,2049.11,3,21,0,0,0,46.57068181818182,1,0,0.452
CUST_01417,61,One year,1417.28,2,13,0,0,0,23.234098360655736,0,0,0.199
CUST_01418,24,Two year,650.35,6,20,0,0,0,27.097916666666666,1,0,0.26
CUST_01419,24,Month-to-month,1961.02,2,19,0,0,1,81.70916666666666,0,1,0.76
CUST_01420,10,Two year,2258.21,8,2,0,0,1,225.821,1,0,0.509
CUST_01421,54,Month-to-month,1416.85,2,18,0,0,1,26.23796296296296,0,1,0.522
CUST_01422,20,Two year,1760.91,3,8,0,1,1,88.0455,1,0,0.597
CUST_01423,24,Two year,409.48,0,11,0,0,0,17.061666666666667,0,0,0.126
CUST_01424,43,One year,2722.12,4,29,0,0,1,63.305116279069765,1,0,0.809
CUST_01425,67,Two year,1530.75,0,24,0,0,1,22.847014925373134,0,0,0.346
CUST_01426,17,Month-to-month,510.2,5,1,0,0,1,30.011764705882353,1,1,0.747
CUST_01427,24,Month-to-month,1024.9,2,20,0,1,0,42.70416666666667,0,1,0.46
CUST_01428,19,One year,794.58,0,15,0,1,0,41.82,0,0,0.253
CUST_01429,38,Two year,1841.71,0,11,0,1,1,48.46605263157895,0,0,0.29
CUST_01430,50,One year,2218.74,0,28,0,1,1,44.37479999999999,0,0,0.333
CUST_01431,14,Month-to-month,2014.89,0,12,0,0,1,143.9207142857143,0,1,0.63
CUST_01432,58,One year,371.81,1,15,0,0,0,6.410517241379311,0,0,0.12
CUST_01433,2,Month-to-month,2125.91,3,23,0,1,0,1062.955,1,1,0.801
CUST_01434,21,Month-to-month,1942.48,4,19,1,0,1,92.49904761904762,1,1,0.854
CUST_01435,16,Two year,524.59,1,0,0,0,0,32.786875,0,0,0.159
CUST_01436,67,Month-to-month,2827.98,1,20,0,1,0,42.20865671641791,0,1,0.412
CUST_01437,9,Two year,2187.35,1,12,0,0,1,243.0388888888889,0,0,0.472
CUST_01438,55,Month-to-month,558.81,0,27,0,0,0,10.160181818181817,0,1,0.269
CUST_01439,30,Month-to-month,1996.16,2,16,0,1,0,66.53866666666667,0,1,0.662
CUST_01440,25,Month-to-month,1415.19,1,9,1,1,0,56.607600000000005,0,1,0.496
CUST_01441,71,Month-to-month,528.61,1,0,0,1,0,7.445211267605634,0,1,0.195
CUST_01442,34,One year,839.44,1,16,0,0,0,24.689411764705884,0,0,0.28
CUST_01443,59,Month-to-month,2631.6,0,27,0,0,1,44.603389830508476,0,1,0.58
CUST_01444,10,One year,1381.89,3,1,0,1,0,138.18900000000002,1,0,0.355
CUST_01445,16,Two year,392.14,3,16,0,0,0,24.50875,1,0,0.242
CUST_01446,56,Month-to-month,2934.55,2,27,0,1,1,52.402678571428574,0,1,0.678
CUST_01447,55,Two year,1196.78,3,10,0,1,0,21.759636363636364,1,0,0.106
CUST_01448,65,One year,1823.96,0,0,0,1,0,28.06092307692308,0,0,0.125
CUST_01449,13,One year,320.51,1,3,0,0,0,24.654615384615383,0,0,0.135
CUST_01450,57,Month-to-month,2116.53,1,21,0,0,0,37.1321052631579,0,1,0.573
CUST_01451,19,One year,2557.93,0,19,0,0,0,134.6278947368421,0,0,0.399
CUST_01452,7,One year,1074.59,0,14,1,1,0,153.51285714285714,0,0,0.286
CUST_01453,25,Month-to-month,2295.82,2,18,0,1,0,91.8328,0,1,0.715
CUST_01454,67,One year,2628.38,3,17,0,0,1,39.22955223880597,1,0,0.604
CUST_01455,5,Month-to-month,1276.47,2,22,0,1,1,255.294,0,1,0.804
CUST_01456,25,Month-to-month,1610.64,0,20,0,1,1,64.4256,0,1,0.608
CUST_01457,38,Month-to-month,366.41,0,22,0,0,0,9.642368421052632,0,1,0.353
CUST_01458,43,Two year,1676.15,1,19,1,1,0,38.980232558139534,0,0,0.202
CUST_01459,5,One year,2496.3,2,12,0,1,0,499.26000000000005,0,0,0.357
CUST_01460,21,Month-to-month,1335.86,1,0,0,0,1,63.612380952380946,0,1,0.611
CUST_01461,22,Month-to-month,1178.0,3,3,0,1,0,53.54545454545455,1,1,0.542
CUST_01462,25,Two year,2909.19,3,8,0,0,0,116.3676,1,0,0.578
CUST_01463,8,One year,1567.69,1,2,0,1,0,195.96125,0,0,0.221
CUST_01464,22,One year,1943.89,0,18,0,1,0,88.35863636363636,0,0,0.359
CUST_01465,32,Month-to-month,2489.69,2,21,1,0,1,77.8028125,0,1,0.782
CUST_01466,1,Month-to-month,575.86,0,0,0,0,0,575.86,0,1,0.364
CUST_01467,26,Month-to-month,2936.72,0,10,0,0,1,112.95076923076923,0,1,0.653
CUST_01468,40,Month-to-month,2926.66,2,9,0,0,1,73.1665,0,1,0.74
CUST_01469,24,Month-to-month,1783.41,0,23,0,0,0,74.30875,0,1,0.581
CUST_01470,35,Month-to-month,2734.97,2,23,1,1,1,78.142,0,1,0.748
CUST_01471,27,Two year,1563.52,1,15,0,1,0,57.90814814814815,0,0,0.315
CUST_01472,47,One year,2764.67,1,10,0,0,1,58.82276595744681,0,0,0.498
CUST_01473,42,Month-to-month,1176.4,1,4,1,1,0,28.009523809523813,0,1,0.334
CUST_01474,28,Month-to-month,2145.97,3,14,0,0,1,76.6417857142857,1,1,0.774
CUST_01475,50,Two year,794.73,0,22,0,0,0,15.8946,0,0,0.244
CUST_01476,70,Month-to-month,1885.5,3,29,0,0,0,26.935714285714287,1,1,0.556
CUST_01477,7,Month-to-month,1282.42,0,12,0,0,1,183.20285714285714,0,1,0.612
CUST_01478,52,Month-to-month,2840.5,2,28,0,1,0,54.625,0,1,0.53
CUST_01479,63,One year,1458.63,0,14,0,1,0,23.152857142857144,0,0,0.152
CUST_01480,54,Month-to-month,2347.92,1,14,0,0,0,43.480000000000004,0,1,0.431
CUST_01481,40,Month-to-month,2419.92,1,11,0,0,1,60.498000000000005,0,1,0.627
CUST_01482,21,Month-to-month,972.1,0,24,0,1,1,46.29047619047619,0,1,0.571
CUST_01483,56,Two year,492.86,0,22,0,0,0,8.80107142857143,0,0,0.088
CUST_01484,66,Two year,1267.37,1,16,0,1,0,19.202575757575755,0,0,0.153
CUST_01485,65,Month-to-month,2471.03,0,16,0,0,0,38.015846153846155,0,1,0.411
CUST_01486,55,Month-to-month,1761.38,3,2,0,0,1,32.02509090909091,1,1,0.385
CUST_01487,11,Month-to-month,1646.82,1,2,0,1,1,149.7109090909091,0,1,0.593
CUST_01488,51,One year,2366.17,1,18,0,0,1,46.395490196078434,0,0,0.361
CUST_01489,22,Month-to-month,2698.84,0,7,0,0,1,122.67454545454547,0,1,0.559
CUST_01490,4,One year,2472.66,0,25,1,1,0,618.165,0,0,0.455
CUST_01491,67,Month-to-month,2947.84,4,24,0,0,1,43.99761194029851,1,1,0.91
CUST_01492,38,One year,1600.12,2,23,1,0,1,42.10842105263158,0,0,0.474
CUST_01493,10,Two year,2904.17,2,23,0,0,1,290.41700000000003,0,0,0.757
CUST_01494,2,Month-to-month,533.98,1,7,1,1,0,266.99,0,1,0.54
CUST_01495,28,Two year,651.81,3,9,0,1,0,23.27892857142857,1,0,0.164
CUST_01496,12,Month-to-month,1363.99,1,11,0,0,0,113.66583333333334,0,1,0.603
CUST_01497,4,Month-to-month,1118.14,3,13,0,0,1,279.535,1,1,0.778
CUST_01498,50,Month-to-month,1340.18,1,4,1,0,1,26.803600000000003,0,1,0.379
CUST_01499,14,One year,1023.48,2,9,0,0,0,73.10571428571428,0,0,0.343
CUST_01500,28,Month-to-month,2243.65,2,20,0,0,1,80.13035714285715,0,1,0.772
CUST_01501,48,One year,694.36,1,5,1,1,0,14.465833333333334,0,0,0.091
CUST_01502,59,One year,2589.48,3,22,0,0,0,43.88949152542373,1,0,0.541
CUST_01503,15,Month-to-month,2476.83,3,17,0,0,1,165.12199999999999,1,1,0.843
CUST_01504,59,Two year,2533.1,1,29,0,0,0,42.933898305084746,0,0,0.415
CUST_01505,70,Two year,1805.91,2,3,0,1,1,25.798714285714286,0,0,0.269
CUST_01506,4,Month-to-month,2186.12,1,24,1,1,1,546.53,0,1,0.845
CUST_01507,29,Month-to-month,1096.42,3,3,0,0,0,37.80758620689655,1,1,0.54
CUST_01508,17,Month-to-month,1755.56,2,3,0,1,1,103.26823529411764,0,1,0.6
CUST_01509,25,One year,2947.46,2,23,1,0,1,117.8984,0,0,0.775
CUST_01510,49,One year,2548.51,1,23,0,1,1,52.01040816326531,0,0,0.347
CUST_01511,20,Two year,2027.39,3,29,0,0,1,101.3695,1,0,0.764
CUST_01512,33,Month-to-month,931.04,3,29,0,1,1,28.21333333333333,1,1,0.714
CUST_01513,27,Month-to-month,2608.34,0,10,0,0,1,96.60518518518519,0,1,0.6
CUST_01514,62,Month-to-month,454.09,3,24,0,0,0,7.324032258064515,1,1,0.41
CUST_01515,70,Month-to-month,1819.3,2,3,1,1,1,25.99,0,1,0.472
CUST_01516,62,Month-to-month,349.47,2,19,0,1,0,5.6366129032258065,0,1,0.165
CUST_01517,13,Month-to-month,778.75,3,28,0,1,1,59.90384615384615,1,1,0.824
CUST_01518,58,Month-to-month,705.68,2,8,0,1,1,12.166896551724138,0,1,0.29
CUST_01519,18,Month-to-month,2681.64,3,22,0,0,1,148.98,1,1,0.86
CUST_01520,49,Month-to-month,1307.83,2,7,0,1,1,26.690408163265303,0,1,0.323
CUST_01521,7,Month-to-month,1164.15,2,5,0,1,0,166.30714285714288,0,1,0.576
CUST_01522,18,Month-to-month,2962.33,3,7,0,1,0,164.5738888888889,1,1,0.532
CUST_01523,22,Month-to-month,1094.61,2,0,0,1,0,49.754999999999995,0,1,0.463
CUST_01524,27,Month-to-month,2173.98,1,29,0,0,1,80.51777777777778,0,1,0.787
CUST_01525,8,Month-to-month,2709.44,1,5,1,1,0,338.68,0,1,0.603
CUST_01526,1,One year,694.05,3,18,0,0,1,694.05,1,0,0.522
CUST_01527,51,One year,721.83,3,27,0,0,0,14.153529411764707,1,0,0.248
CUST_01528,50,One year,1804.21,2,26,0,1,0,36.0842,0,0,0.229
CUST_01529,23,One year,1178.14,2,4,0,0,0,51.22347826086957,0,0,0.284
CUST_01530,6,Month-to-month,2330.84,0,8,0,0,1,388.47333333333336,0,1,0.598
CUST_01531,25,Month-to-month,2531.48,2,4,0,1,1,101.2592,0,1,0.661
CUST_01532,26,Month-to-month,2266.56,1,4,0,0,1,87.17538461538462,0,1,0.64
CUST_01533,11,Two year,1669.08,2,13,0,0,0,151.73454545454544,0,0,0.474
CUST_01534,1,Two year,1755.17,1,21,0,0,1,1755.17,0,0,0.625
CUST_01535,45,Month-to-month,1458.63,1,16,0,1,1,32.414,0,1,0.352
CUST_01536,4,Month-to-month,2190.38,1,26,1,0,1,547.595,0,1,0.895
CUST_01537,14,Month-to-month,1612.79,2,12,1,0,1,115.19928571428571,0,1,0.755
CUST_01538,55,Two year,2810.67,0,10,1,1,1,51.10309090909091,0,0,0.502
CUST_01539,59,One year,504.59,2,22,0,0,0,8.552372881355932,0,0,0.088
CUST_01540,20,Month-to-month,2749.93,1,3,0,0,1,137.4965,0,1,0.743
CUST_01541,61,One year,1948.07,2,1,0,0,0,31.935573770491803,0,0,0.157
CUST_01542,44,Month-to-month,346.71,1,29,0,0,0,7.8797727272727265,0,1,0.255
CUST_01543,59,One year,2451.41,5,15,1,1,0,41.5493220338983,1,0,0.31
CUST_01544,27,One year,1203.87,2,12,0,0,0,44.587777777777774,0,0,0.304
CUST_01545,39,Month-to-month,2204.54,1,3,0,1,0,56.526666666666664,0,1,0.425
CUST_01546,37,Month-to-month,1711.26,3,17,0,1,1,46.25027027027027,1,1,0.627
CUST_01547,63,Two year,318.71,0,14,0,0,0,5.058888888888888,0,0,0.133
CUST_01548,69,Two year,1403.34,2,3,0,1,0,20.338260869565215,0,0,0.098
CUST_01549,66,One year,2008.55,3,4,0,0,0,30.43257575757576,1,0,0.282
CUST_01550,25,Two year,2342.39,2,1,0,1,0,93.6956,0,0,0.246
CUST_01551,26,One year,2482.27,3,17,0,0,1,95.47192307692308,1,0,0.581
CUST_01552,27,Two year,2557.01,0,18,0,0,0,94.70407407407409,0,0,0.389
CUST_01553,58,Month-to-month,2527.08,0,5,0,0,1,43.570344827586204,0,1,0.4
CUST_01554,64,Two year,1178.69,1,26,0,0,0,18.41703125,0,0,0.278
CUST_01555,52,Two year,1252.9,0,1,0,1,0,24.09423076923077,0,0,0.078
CUST_01556,30,Month-to-month,1776.44,2,22,0,1,1,59.214666666666666,0,1,0.627
CUST_01557,32,Month-to-month,2755.81,0,26,0,1,1,86.1190625,0,1,0.47
CUST_01558,57,One year,1280.77,2,10,0,1,0,22.469649122807017,0,0,0.111
CUST_01559,47,Month-to-month,1669.08,1,26,0,0,1,35.51234042553191,0,1,0.628
CUST_01560,59,Month-to-month,379.57,2,14,0,1,0,6.4333898305084745,0,1,0.157
CUST_01561,58,One year,1294.13,0,3,0,0,0,22.312586206896555,0,0,0.101
CUST_01562,16,One year,1669.08,1,15,0,0,0,104.3175,0,0,0.493
CUST_01563,41,Month-to-month,2489.64,5,21,0,0,1,60.72292682926829,1,1,0.808
CUST_01564,17,Month-to-month,1076.96,9,29,0,0,1,63.35058823529412,1,1,0.837
CUST_01565,19,Month-to-month,609.92,0,10,0,0,1,32.101052631578945,0,1,0.503
CUST_01566,55,One year,2271.59,1,25,0,0,1,41.30163636363637,0,0,0.456
CUST_01567,38,Month-to-month,2447.21,0,1,0,1,0,64.40026315789474,0,1,0.296
CUST_01568,50,One year,1326.77,1,21,1,1,1,26.5354,0,0,0.289
CUST_01569,26,Month-to-month,707.75,1,11,0,0,1,27.221153846153847,0,1,0.489
CUST_01570,26,Month-to-month,1646.55,1,16,0,0,1,63.32884615384615,0,1,0.684
CUST_01571,25,One year,319.56,0,6,0,0,0,12.7824,0,0,0.129
CUST_01572,17,Month-to-month,2259.29,0,25,0,1,1,132.8994117647059,0,1,0.654
CUST_01573,11,Month-to-month,458.33,2,9,0,0,0,41.666363636363634,0,1,0.434
CUST_01574,15,Month-to-month,1739.86,0,24,0,0,1,115.99066666666666,0,1,0.699
CUST_01575,61,Month-to-month,703.99,2,6,1,1,1,11.540819672131148,0,1,0.314
CUST_01576,55,Two year,2383.07,1,10,0,0,0,43.328545454545456,0,0,0.23
CUST_01577,43,One year,2583.37,3,29,1,1,1,60.078372093023255,1,0,0.752
CUST_01578,51,One year,1046.59,4,8,0,0,0,20.521372549019606,1,0,0.12
CUST_01579,45,Month-to-month,371.48,4,6,0,1,0,8.25511111111111,1,1,0.421
CUST_01580,24,One year,1630.3,0,7,0,1,0,67.92916666666666,0,0,0.212
CUST_01581,25,Month-to-month,1530.06,2,23,0,0,1,61.2024,0,1,0.721
CUST_01582,13,One year,683.99,2,7,0,1,1,52.614615384615384,0,0,0.369
CUST_01583,10,Month-to-month,1801.96,1,22,0,1,1,180.196,0,1,0.765
CUST_01584,50,Month-to-month,1539.64,2,24,1,0,1,30.792800000000003,0,1,0.662
CUST_01585,8,Month-to-month,308.03,0,20,0,0,0,38.50375,0,1,0.272
CUST_01586,34,One year,2689.35,2,23,1,1,1,79.0985294117647,0,0,0.595
CUST_01587,55,Month-to-month,2076.74,2,3,0,0,1,37.758909090909086,0,1,0.378
CUST_01588,43,One year,599.91,2,26,0,1,0,13.951395348837208,0,0,0.201
CUST_01589,14,Month-to-month,2901.81,2,16,0,0,0,207.27214285714285,0,1,0.734
CUST_01590,25,Month-to-month,2060.16,2,10,0,1,0,82.40639999999999,0,1,0.589
CUST_01591,11,One year,498.3,1,14,0,1,0,45.300000000000004,0,0,0.238
CUST_01592,21,One year,559.47,1,22,0,1,1,26.641428571428573,0,0,0.41
CUST_01593,1,Month-to-month,1725.47,2,1,0,0,1,1725.47,0,1,0.828
CUST_01594,24,Month-to-month,2613.6,1,17,0,1,0,108.89999999999999,0,1,0.719
CUST_01595,18,Month-to-month,826.72,3,7,0,1,0,45.92888888888889,1,1,0.596
CUST_01596,38,Month-to-month,2615.66,0,1,1,1,0,68.83315789473684,0,1,0.297
CUST_01597,47,Month-to-month,817.56,2,2,0,0,1,17.394893617021275,0,1,0.372
CUST_01598,46,Two year,547.7,0,8,1,0,0,11.906521739130437,0,0,0.088
CUST_01599,1,One year,1282.98,4,29,0,1,1,1282.98,1,0,0.649
CUST_01600,2,Month-to-month,1126.72,1,16,0,1,0,563.36,0,1,0.695
CUST_01601,3,Month-to-month,2907.52,2,25,0,1,1,969.1733333333333,0,1,0.872
CUST_01602,4,Month-to-month,838.37,0,10,0,1,1,209.5925,0,1,0.54
CUST_01603,11,One year,1626.65,1,11,0,0,0,147.87727272727273,0,0,0.42
CUST_01604,33,Month-to-month,2382.78,0,28,0,0,0,72.20545454545456,0,1,0.537
CUST_01605,15,Month-to-month,1669.08,4,4,0,0,1,111.27199999999999,1,1,0.743
CUST_01606,57,Month-to-month,1349.11,1,6,0,1,0,23.66859649122807,0,1,0.253
CUST_01607,27,One year,1955.11,2,0,0,1,0,72.41148148148147,0,0,0.296
CUST_01608,34,Two year,1945.2,2,26,0,1,1,57.21176470588235,0,0,0.313
CUST_01609,25,Month-to-month,2816.91,1,9,1,1,1,112.6764,0,1,0.661
CUST_01610,69,One year,757.85,1,15,1,1,0,10.983333333333334,0,0,0.14
CUST_01611,63,Month-to-month,1729.39,3,5,0,1,0,27.450634920634922,1,1,0.29
CUST_01612,15,Month-to-month,811.49,4,3,0,1,0,54.099333333333334,1,1,0.608
CUST_01613,63,Month-to-month,2151.88,2,27,0,0,0,34.1568253968254,0,1,0.565
CUST_01614,35,Two year,1755.74,0,25,0,1,0,50.164,0,0,0.233
CUST_01615,50,Month-to-month,2011.52,0,28,1,0,0,40.2304,0,1,0.654
CUST_01616,69,Two year,2646.48,4,16,0,1,0,38.35478260869565,1,0,0.403
CUST_01617,48,Month-to-month,2004.59,2,25,0,1,0,41.76229166666666,0,1,0.471
CUST_01618,62,One year,488.99,2,27,1,0,0,7.8869354838709675,0,0,0.232
CUST_01619,52,One year,2406.13,4,19,0,0,0,46.27173076923077,1,0,0.369
CUST_01620,8,Two year,2201.54,0,26,0,1,1,275.1925,0,0,0.565
CUST_01621,15,Month-to-month,2245.57,2,27,1,1,1,149.70466666666667,0,1,0.85
CUST_01622,33,Two year,1145.03,0,3,0,1,0,34.697878787878786,0,0,0.125
CUST_01623,14,Month-to-month,1737.97,3,12,0,0,1,124.14071428571428,1,1,0.789
CUST_01624,19,Month-to-month,503.56,1,10,0,0,0,26.50315789473684,0,1,0.436
CUST_01625,43,Month-to-month,905.35,1,24,0,1,0,21.054651162790698,0,1,0.407
CUST_01626,23,Month-to-month,2832.16,3,4,0,0,1,123.13739130434782,1,1,0.774
CUST_01627,19,Two year,1115.29,1,23,0,1,0,58.699473684210524,0,0,0.431
CUST_01628,67,Two year,2099.37,0,20,0,1,0,31.333880597014925,0,0,0.199
CUST_01629,63,Month-to-month,1058.54,0,25,1,1,1,16.802222222222223,0,1,0.472
CUST_01630,40,Month-to-month,2201.25,2,18,1,1,0,55.03125,0,1,0.571
CUST_01631,69,Month-to-month,1107.48,1,11,0,0,0,16.050434782608697,0,1,0.344
CUST_01632,33,Month-to-month,2331.02,0,19,0,0,0,70.6369696969697,0,1,0.529
CUST_01633,44,One year,2722.91,3,25,0,0,1,61.88431818181818,1,0,0.711
CUST_01634,23,Month-to-month,1050.23,0,15,0,1,1,45.66217391304348,0,1,0.505
CUST_01635,22,Month-to-month,1479.97,0,19,0,1,0,67.27136363636363,0,1,0.529
CUST_01636,61,Month-to-month,1588.0,2,28,0,1,0,26.0327868852459,0,1,0.369
CUST_01637,7,Month-to-month,1999.3,5,22,0,1,1,285.6142857142857,1,1,0.858
CUST_01638,37,Month-to-month,2473.15,1,29,1,0,1,66.84189189189189,0,1,0.772
CUST_01639,28,Month-to-month,2797.5,2,3,0,1,1,99.91071428571429,0,1,0.649
CUST_01640,67,Month-to-month,1669.08,1,16,0,0,0,24.911641791044776,0,1,0.398
CUST_01641,52,Month-to-month,1669.08,2,11,0,0,1,32.097692307692306,0,1,0.45
CUST_01642,58,One year,1168.89,0,5,0,0,0,20.153275862068966,0,0,0.086
CUST_01643,47,Month-to-month,1376.05,1,19,0,0,0,29.277659574468085,0,1,0.475
CUST_01644,66,Two year,957.13,3,28,1,0,0,14.501969696969697,1,0,0.291
CUST_01645,47,Month-to-month,2593.89,2,26,1,1,1,55.18914893617021,0,1,0.634
CUST_01646,6,Two year,2870.45,0,19,0,0,1,478.4083333333333,0,0,0.697
CUST_01647,45,Month-to-month,2050.15,3,20,0,1,0,45.55888888888889,1,1,0.511
CUST_01648,32,Two year,1562.14,2,13,0,0,0,48.816875,0,0,0.385
CUST_01649,62,Month-to-month,1190.64,2,7,0,1,0,19.20387096774194,0,1,0.284
CUST_01650,58,Month-to-month,1594.55,0,27,1,0,1,27.492241379310343,0,1,0.59
CUST_01651,42,One year,2007.73,0,7,0,1,0,47.80309523809524,0,0,0.165
CUST_01652,32,One year,865.21,2,16,1,1,0,27.0378125,0,0,0.175
CUST_01653,45,One year,2961.15,3,8,0,1,1,65.80333333333334,1,0,0.645
CUST_01654,66,Two year,589.63,1,21,0,1,0,8.933787878787879,0,0,0.111
CUST_01655,13,Month-to-month,2303.52,4,1,0,0,1,177.19384615384615,1,1,0.804
CUST_01656,32,Month-to-month,1908.16,2,18,0,0,1,59.63,0,1,0.649
CUST_01657,69,Month-to-month,1819.17,0,9,0,1,1,26.364782608695652,0,1,0.282
CUST_01658,55,Month-to-month,1223.63,3,22,0,0,0,22.247818181818182,1,1,0.483
CUST_01659,40,Month-to-month,1156.42,2,18,0,1,1,28.910500000000003,0,1,0.479
CUST_01660,5,Two year,1817.75,3,22,0,0,0,363.55,1,0,0.499
CUST_01661,45,Month-to-month,2432.22,2,20,0,1,1,54.04933333333333,0,1,0.531
CUST_01662,53,Month-to-month,2025.16,0,0,0,0,0,38.21056603773585,0,1,0.278
CUST_01663,17,Month-to-month,2461.72,1,15,0,0,1,144.8070588235294,0,1,0.791
CUST_01664,31,One year,2076.81,1,13,0,0,1,66.99387096774193,0,0,0.465
CUST_01665,66,One year,2221.33,3,12,0,1,0,33.65651515151515,1,0,0.351
CUST_01666,68,One year,1048.26,1,9,0,0,0,15.415588235294118,0,0,0.149
CUST_01667,23,One year,703.87,2,6,0,0,0,30.60304347826087,0,0,0.205
CUST_01668,53,Two year,2614.67,0,1,0,1,0,49.3333962264151,0,0,0.133
CUST_01669,45,Month-to-month,1081.32,1,11,0,0,0,24.029333333333334,0,1,0.351
CUST_01670,55,One year,2151.29,3,12,0,0,1,39.114363636363635,1,0,0.373
CUST_01671,25,Month-to-month,1880.57,1,1,0,1,0,75.22279999999999,0,1,0.478
CUST_01672,48,Month-to-month,2576.17,1,22,0,0,1,53.670208333333335,0,1,0.634
CUST_01673,29,Month-to-month,453.83,1,13,0,1,1,15.649310344827585,0,1,0.335
CUST_01674,71,Month-to-month,588.45,0,5,0,0,0,8.288028169014085,0,1,0.319
CUST_01675,51,One year,1222.78,2,10,1,0,0,23.97607843137255,0,0,0.17
CUST_01676,6,One year,2883.55,2,28,1,0,1,480.5916666666667,0,0,0.673
CUST_01677,25,Month-to-month,1367.51,0,10,0,1,0,54.7004,0,1,0.465
CUST_01678,52,One year,2874.0,1,12,1,0,1,55.26923076923077,0,0,0.523
CUST_01679,48,Month-to-month,532.95,2,11,0,0,0,11.103125,0,1,0.336
CUST_01680,63,Month-to-month,1581.65,2,18,0,0,1,25.105555555555558,0,1,0.481
CUST_01681,13,Month-to-month,1719.66,2,15,1,1,0,132.28153846153847,0,1,0.729
CUST_01682,8,Month-to-month,1881.29,0,9,0,1,0,235.16125,0,1,0.388
CUST_01683,60,Month-to-month,329.06,1,7,0,1,0,5.484333333333334,0,1,0.114
CUST_01684,38,Month-to-month,2521.67,3,4,0,1,0,66.35973684210526,1,1,0.594
CUST_01685,12,Month-to-month,2433.28,1,26,0,0,1,202.77333333333334,0,1,0.823
CUST_01686,23,Two year,1189.95,1,22,0,1,0,51.73695652173913,0,0,0.439
CUST_01687,28,Two year,2514.47,1,4,0,1,0,89.8025,0,0,0.232
CUST_01688,45,Month-to-month,1507.2,1,7,1,0,0,33.49333333333333,0,1,0.342
CUST_01689,62,Month-to-month,1524.73,2,27,0,1,0,24.59241935483871,0,1,0.395
CUST_01690,15,Month-to-month,1474.96,5,29,0,1,1,98.33066666666667,1,1,0.892
CUST_01691,42,Month-to-month,2252.71,0,13,0,1,0,53.63595238095238,0,1,0.432
CUST_01692,29,Month-to-month,1034.76,4,14,0,0,1,35.68137931034483,1,1,0.758
CUST_01693,52,One year,2761.41,2,5,0,0,0,53.10403846153846,0,0,0.228
CUST_01694,43,Two year,1377.95,1,0,0,1,1,32.0453488372093,0,0,0.225
CUST_01695,22,Month-to-month,538.53,7,16,1,0,1,24.47863636363636,1,1,0.672
CUST_01696,10,One year,665.24,2,18,1,0,1,66.524,0,0,0.58
CUST_01697,37,Two year,1299.72,1,15,0,1,0,35.12756756756757,0,0,0.194
CUST_01698,53,Two year,866.85,0,23,0,0,1,16.35566037735849,0,0,0.276
CUST_01699,2,Month-to-month,2186.23,0,28,0,0,1,1093.115,0,1,0.768
CUST_01700,11,Month-to-month,629.45,1,13,0,1,1,57.222727272727276,0,1,0.626
CUST_01701,48,Month-to-month,2241.72,2,29,0,0,1,46.70249999999999,0,1,0.658
CUST_01702,1,Two year,2593.07,1,0,0,1,1,2593.07,0,0,0.427
CUST_01703,55,One year,1475.61,1,12,0,0,0,26.829272727272727,0,0,0.226
CUST_01704,40,Two year,2723.39,3,5,0,0,0,68.08475,1,0,0.438
CUST_01705,28,Two year,2038.41,0,26,0,1,0,72.80035714285715,0,0,0.418
CUST_01706,36,Month-to-month,1409.96,3,1,0,0,1,39.16555555555556,1,1,0.629
CUST_01707,32,Two year,890.67,1,21,1,1,0,27.8334375,0,0,0.205
CUST_01708,37,Two year,2290.4,3,28,0,1,1,61.902702702702705,1,0,0.727
CUST_01709,60,Month-to-month,1105.36,5,16,0,0,0,18.422666666666665,1,1,0.447
CUST_01710,20,Month-to-month,2588.51,2,17,1,1,1,129.4255,0,1,0.795
CUST_01711,6,Two year,1471.95,1,20,0,0,1,245.32500000000002,0,0,0.561
CUST_01712,50,Two year,2203.72,2,29,0,1,0,44.0744,0,0,0.29
CUST_01713,61,Two year,2089.04,0,21,0,1,0,34.24655737704918,0,0,0.204
CUST_01714,64,Month-to-month,2968.99,3,3,1,1,0,46.39046875,1,1,0.409
CUST_01715,54,One year,2586.1,0,25,0,0,1,47.89074074074074,0,0,0.482
CUST_01716,58,Two year,613.97,0,9,0,0,0,10.585689655172414,0,0,0.082
CUST_01717,3,Month-to-month,2493.27,0,29,0,1,1,831.09,0,1,0.753
CUST_01718,52,Month-to-month,1840.63,3,22,1,0,1,35.39673076923077,1,1,0.701
CUST_01719,20,One year,1198.83,1,15,0,0,0,59.9415,0,0,0.375
CUST_01720,1,Month-to-month,1037.64,1,9,0,0,1,1037.64,0,1,0.72
CUST_01721,42,Two year,1349.99,0,14,0,0,1,32.14261904761905,0,0,0.36
CUST_01722,61,Two year,1486.74,2,24,0,1,0,24.3727868852459,0,0,0.25
CUST_01723,65,Month-to-month,2468.01,1,0,0,1,0,37.96938461538462,0,1,0.276
CUST_01724,8,One year,1747.94,0,15,0,1,1,218.4925,0,0,0.41
CUST_01725,40,Month-to-month,2403.21,1,29,0,0,0,60.08025,0,1,0.617
CUST_01726,64,Month-to-month,760.43,2,14,0,0,1,11.88171875,0,1,0.43
CUST_01727,44,One year,2810.68,1,13,0,1,0,63.879090909090905,0,0,0.371
CUST_01728,29,Month-to-month,2919.06,1,20,0,1,1,100.65724137931035,0,1,0.757
CUST_01729,69,One year,837.12,4,5,0,0,0,12.132173913043479,1,0,0.151
CUST_01730,46,One year,1365.15,0,22,0,0,0,29.67717391304348,0,0,0.35
CUST_01731,63,Month-to-month,2245.67,0,3,0,0,0,35.64555555555555,0,1,0.294
CUST_01732,10,One year,1073.18,1,7,0,1,0,107.31800000000001,0,0,0.242
CUST_01733,17,Month-to-month,1758.42,0,28,0,1,1,103.4364705882353,0,1,0.652
CUST_01734,4,One year,1130.79,2,14,1,1,1,282.6975,0,0,0.462
CUST_01735,49,Two year,2235.16,1,5,0,1,0,45.61551020408163,0,0,0.131
CUST_01736,42,Month-to-month,2510.46,0,7,0,1,1,59.77285714285714,0,1,0.488
CUST_01737,53,Two year,2320.21,3,29,1,0,0,43.77754716981132,1,0,0.546
CUST_01738,32,Month-to-month,1708.35,0,14,0,0,1,53.3859375,0,1,0.62
CUST_01739,63,One year,1560.57,2,24,1,1,1,24.77095238095238,0,0,0.316
CUST_01740,23,Month-to-month,1612.74,1,3,1,1,1,70.1191304347826,0,1,0.572
CUST_01741,43,Month-to-month,623.93,3,27,0,0,1,14.509999999999998,1,1,0.697
CUST_01742,44,Two year,1618.92,1,9,0,0,1,36.79363636363637,0,0,0.269
CUST_01743,37,Month-to-month,2632.52,1,1,0,0,0,71.14918918918919,0,1,0.528
CUST_01744,52,Two year,1875.44,2,25,0,1,0,36.066153846153846,0,0,0.234
CUST_01745,43,Month-to-month,2216.6,0,29,0,1,1,51.54883720930232,0,1,0.595
CUST_01746,19,One year,2453.52,2,27,0,0,0,129.13263157894735,0,0,0.617
CUST_01747,22,One year,1542.06,1,22,0,1,0,70.09363636363636,0,0,0.488
CUST_01748,59,One year,2644.11,2,28,0,1,0,44.81542372881356,0,0,0.374
CUST_01749,12,One year,1849.84,0,10,1,0,1,154.15333333333334,0,0,0.457
CUST_01750,34,Two year,2820.17,1,20,0,1,1,82.94617647058824,0,0,0.606
CUST_01751,20,One year,2307.8,2,19,0,1,0,115.39000000000001,0,0,0.482
CUST_01752,70,One year,1515.45,0,12,0,0,0,21.649285714285714,0,0,0.176
CUST_01753,3,Two year,1177.03,1,28,1,0,1,392.3433333333333,0,0,0.578
CUST_01754,46,Two year,449.89,1,4,0,1,0,9.780217391304348,0,0,0.074
CUST_01755,16,Month-to-month,658.15,1,2,0,1,0,41.134375,0,1,0.396
CUST_01756,64,Month-to-month,2979.95,3,6,0,1,1,46.56171875,1,1,0.587
CUST_01757,4,Two year,2202.19,3,26,0,0,0,550.5475,1,0,0.552
CUST_01758,14,One year,2134.56,1,8,1,0,0,152.46857142857144,0,0,0.415
CUST_01759,1,One year,381.97,0,15,0,0,0,381.97,0,0,0.295
CUST_01760,33,One year,800.4,1,29,1,0,1,24.254545454545454,0,0,0.401
CUST_01761,57,Month-to-month,2956.1,3,14,0,0,1,51.86140350877193,1,1,0.705
CUST_01762,2,Two year,1443.06,1,5,0,1,1,721.53,0,0,0.309
CUST_01763,35,One year,1628.61,1,17,1,1,0,46.53171428571428,0,0,0.225
CUST_01764,38,Month-to-month,803.79,1,18,1,0,1,21.152368421052632,0,1,0.52
CUST_01765,37,Month-to-month,2211.63,3,10,0,1,1,59.773783783783784,1,1,0.708
CUST_01766,58,Month-to-month,1576.57,3,22,0,0,0,27.182241379310344,1,1,0.446
CUST_01767,38,One year,811.37,1,15,0,1,1,21.35184210526316,0,0,0.219
CUST_01768,61,One year,2849.72,1,6,0,0,1,46.7167213114754,0,0,0.485
CUST_01769,53,One year,709.09,1,7,0,0,0,13.379056603773586,0,0,0.121
CUST_01770,58,Two year,2267.38,2,5,0,0,0,39.09275862068966,0,0,0.145
CUST_01771,31,Month-to-month,1669.08,0,4,0,0,1,53.84129032258064,0,1,0.511
CUST_01772,43,Month-to-month,1322.56,1,4,1,0,0,30.75720930232558,0,1,0.369
CUST_01773,61,Month-to-month,2450.7,1,4,0,1,1,40.17540983606557,0,1,0.342
CUST_01774,66,One year,678.41,2,8,0,1,0,10.278939393939394,0,0,0.075
CUST_01775,22,Two year,655.52,2,22,0,0,0,29.796363636363637,0,0,0.303
CUST_01776,48,Month-to-month,1280.06,1,13,0,1,0,26.667916666666667,0,1,0.322
CUST_01777,4,Month-to-month,1586.78,2,26,0,0,1,396.695,0,1,0.894
CUST_01778,38,Two year,1463.22,2,8,1,1,0,38.50578947368421,0,0,0.158
CUST_01779,52,Month-to-month,2313.46,3,21,0,0,1,44.489615384615384,1,1,0.708
CUST_01780,14,Two year,2987.26,2,7,1,0,1,213.3757142857143,0,0,0.599
CUST_01781,68,Two year,2720.53,1,6,1,0,0,40.00779411764706,0,0,0.203
CUST_01782,50,Month-to-month,1033.24,1,15,0,0,0,20.6648,0,1,0.388
CUST_01783,70,Month-to-month,1241.73,3,12,0,0,0,17.739,1,1,0.347
CUST_01784,68,One year,2932.28,2,8,0,1,0,43.121764705882356,0,0,0.378
CUST_01785,67,Month-to-month,766.61,4,18,0,0,1,11.441940298507463,1,1,0.676
CUST_01786,8,Month-to-month,1310.42,0,11,1,1,1,163.8025,0,1,0.537
CUST_01787,11,Month-to-month,1384.13,0,0,1,1,0,125.83000000000001,0,1,0.329
CUST_01788,27,Month-to-month,2471.05,1,2,0,1,0,91.52037037037037,0,1,0.609
CUST_01789,18,Month-to-month,2532.5,1,23,0,1,1,140.69444444444446,0,1,0.797
CUST_01790,61,One year,2780.64,0,0,0,1,1,45.58426229508196,0,0,0.472
CUST_01791,64,Month-to-month,1526.4,1,14,0,0,1,23.85,0,1,0.421
CUST_01792,43,Month-to-month,1967.48,2,15,0,0,1,45.755348837209304,0,1,0.56
CUST_01793,62,Month-to-month,2874.93,1,4,0,0,0,46.36983870967742,0,1,0.617
CUST_01794,41,Month-to-month,2187.25,1,29,0,0,1,53.34756097560975,0,1,0.714
CUST_01795,61,One year,927.47,3,3,0,1,0,15.204426229508197,1,0,0.091
CUST_01796,35,Month-to-month,1329.14,2,11,0,0,1,37.97542857142857,0,1,0.518
CUST_01797,65,Two year,2509.77,2,20,0,1,1,38.61184615384615,0,0,0.336
CUST_01798,1,One year,2564.7,1,3,1,0,0,2564.7,0,0,0.296
CUST_01799,59,One year,2462.49,0,20,0,0,0,41.73711864406779,0,0,0.405
CUST_01800,45,Month-to-month,1302.75,0,3,0,0,1,28.95,0,1,0.305
CUST_01801,39,One year,2799.04,2,17,0,1,0,71.77025641025641,0,0,0.461
CUST_01802,41,Two year,659.42,1,4,0,1,0,16.08341463414634,0,0,0.102
CUST_01803,7,Two year,1303.04,0,6,0,1,0,186.14857142857142,0,0,0.217
CUST_01804,59,Two year,501.37,0,26,0,1,0,8.497796610169491,0,0,0.094
CUST_01805,42,One year,682.69,1,1,0,0,0,16.25452380952381,0,0,0.159
CUST_01806,42,Two year,1969.13,1,27,0,1,0,46.88404761904762,0,0,0.257
CUST_01807,57,Month-to-month,316.9,0,23,1,0,1,5.559649122807017,0,1,0.617
CUST_01808,44,Month-to-month,2348.88,1,7,0,0,1,53.38363636363636,0,1,0.603
CUST_01809,63,Month-to-month,1678.1,1,11,1,1,1,26.636507936507936,0,1,0.379
CUST_01810,44,One year,1584.21,1,1,0,1,0,36.00477272727273,0,0,0.135
CUST_01811,6,Month-to-month,387.95,3,18,0,1,1,64.65833333333333,1,1,0.776
CUST_01812,13,Two year,2841.03,1,23,0,1,1,218.54076923076926,0,0,0.554
CUST_01813,5,Month-to-month,2887.08,2,19,0,1,1,577.4159999999999,0,1,0.875
CUST_01814,32,One year,773.99,4,13,0,1,0,24.1871875,1,0,0.18
CUST_01815,18,Two year,1774.93,1,26,0,1,0,98.60722222222222,0,0,0.5
CUST_01816,55,Month-to-month,2700.73,0,23,0,1,0,49.10418181818182,0,1,0.369
CUST_01817,55,Month-to-month,1943.61,2,23,0,0,0,35.33836363636363,0,1,0.604
CUST_01818,11,One year,2205.58,0,11,0,1,0,200.50727272727272,0,0,0.412
CUST_01819,34,Month-to-month,1712.24,3,15,0,1,1,50.36,1,1,0.637
CUST_01820,61,Two year,410.32,0,6,0,0,1,6.72655737704918,0,0,0.069
CUST_01821,44,One year,2408.74,1,17,0,1,0,54.74409090909091,0,0,0.274
CUST_01822,63,Two year,860.53,2,5,0,1,0,13.659206349206348,0,0,0.07
CUST_01823,49,Month-to-month,681.35,2,16,0,1,0,13.905102040816328,0,1,0.311
CUST_01824,23,Two year,2953.79,0,4,0,1,0,128.42565217391305,0,0,0.38
CUST_01825,29,One year,1504.85,1,0,0,1,0,51.891379310344824,0,0,0.216
CUST_01826,23,One year,2878.1,2,0,0,0,0,125.13478260869564,0,0,0.328
CUST_01827,14,Month-to-month,368.03,2,8,0,0,1,26.287857142857142,0,1,0.507
CUST_01828,67,Month-to-month,2220.82,1,5,0,0,1,33.14656716417911,0,1,0.353
CUST_01829,53,Month-to-month,830.71,0,14,0,0,1,15.67377358490566,0,1,0.408
CUST_01830,19,One year,729.44,2,14,0,1,0,38.39157894736842,0,0,0.311
CUST_01831,65,Two year,2099.53,1,28,0,1,0,32.30046153846154,0,0,0.271
CUST_01832,50,Month-to-month,1483.42,3,7,0,1,0,29.668400000000002,1,1,0.43
CUST_01833,52,Two year,2614.53,2,8,0,1,0,50.27942307692308,0,0,0.154
CUST_01834,50,Month-to-month,1440.58,4,2,0,0,1,28.8116,1,1,0.594
CUST_01835,45,One year,1369.41,2,4,1,0,0,30.431333333333335,0,0,0.159
CUST_01836,70,Month-to-month,2570.53,0,13,0,1,1,36.72185714285715,0,1,0.344
CUST_01837,49,Two year,1599.33,0,5,0,0,0,32.63938775510204,0,0,0.138
CUST_01838,20,Month-to-month,1853.55,1,22,0,1,1,92.6775,0,1,0.76
CUST_01839,69,Month-to-month,1787.24,1,26,0,1,1,25.902028985507247,0,1,0.481
CUST_01840,51,Month-to-month,2118.24,3,20,0,0,0,41.53411764705882,1,1,0.587
CUST_01841,38,Month-to-month,1112.15,3,18,0,0,1,29.267105263157898,1,1,0.649
CUST_01842,68,Month-to-month,2205.49,2,24,0,1,0,32.43367647058823,0,1,0.486
CUST_01843,21,One year,2622.23,0,21,0,0,0,124.86809523809524,0,0,0.387
CUST_01844,68,One year,2507.35,1,28,1,1,1,36.87279411764706,0,0,0.385
CUST_01845,7,One year,1920.42,0,22,0,1,1,274.3457142857143,0,0,0.521
CUST_01846,32,One year,2796.84,4,9,0,1,0,87.40125,1,0,0.504
CUST_01847,44,Month-to-month,305.93,1,8,0,1,1,6.952954545454546,0,1,0.191
CUST_01848,34,Two year,2061.36,2,26,0,0,0,60.62823529411765,0,0,0.424
CUST_01849,44,One year,2453.16,0,11,0,0,1,55.75363636363636,0,0,0.42
CUST_01850,54,Month-to-month,621.65,4,7,0,1,1,11.512037037037036,1,1,0.635
CUST_01851,64,Month-to-month,1426.47,3,29,0,0,1,22.28859375,1,1,0.642
CUST_01852,48,Month-to-month,924.26,2,21,0,1,0,19.255416666666665,0,1,0.382
CUST_01853,71,Two year,1942.9,0,22,0,0,0,27.364788732394366,0,0,0.404
CUST_01854,34,Month-to-month,1394.24,4,4,0,0,1,41.00705882352941,1,1,0.694
CUST_01855,42,One year,2692.35,4,6,0,0,0,64.10357142857143,1,0,0.479
CUST_01856,54,Month-to-month,1817.94,4,13,0,0,1,33.66555555555556,1,1,0.726
CUST_01857,69,Month-to-month,1694.95,2,15,1,0,1,24.56449275362319,0,1,0.507
CUST_01858,20,Month-to-month,2162.7,0,21,0,1,0,108.13499999999999,0,1,0.61
CUST_01859,8,One year,301.55,2,17,1,1,0,37.69375,0,0,0.236
CUST_01860,40,Month-to-month,2873.23,0,0,0,0,0,71.83075,0,1,0.385
CUST_01861,57,Month-to-month,1146.11,0,8,0,0,0,20.107192982456137,0,1,0.266
CUST_01862,43,Month-to-month,2907.31,0,24,0,0,1,67.61186046511628,0,1,0.662
CUST_01863,57,Two year,1384.53,2,9,0,0,1,24.29,0,0,0.194
CUST_01864,60,Month-to-month,2523.36,3,12,0,0,0,42.056000000000004,1,1,0.512
CUST_01865,60,Two year,1266.58,2,12,0,1,1,21.109666666666666,0,0,0.168
CUST_01866,66,Two year,343.51,1,1,0,0,0,5.204696969696969,0,0,0.092
CUST_01867,48,Month-to-month,1049.11,1,27,0,1,1,21.856458333333332,0,1,0.404
CUST_01868,6,Two year,2815.83,3,22,1,1,0,469.305,1,0,0.438
CUST_01869,5,Two year,935.95,3,18,0,1,0,187.19,1,0,0.416
CUST_01870,7,Two year,2952.73,1,10,0,0,1,421.81857142857143,0,0,0.595
CUST_01871,44,Month-to-month,2578.09,3,6,0,0,1,58.592954545454546,1,1,0.773
CUST_01872,36,Month-to-month,2003.47,0,27,0,1,1,55.651944444444446,0,1,0.595
CUST_01873,62,One year,381.92,1,11,0,1,0,6.16,0,0,0.085
CUST_01874,27,Month-to-month,1804.94,1,18,0,0,0,66.84962962962963,0,1,0.647
CUST_01875,4,One year,651.73,4,17,0,0,1,162.9325,1,0,0.581
CUST_01876,6,One year,758.03,3,24,0,0,1,126.33833333333332,1,0,0.683
CUST_01877,13,Two year,434.98,2,5,0,1,0,33.46,0,0,0.119
CUST_01878,15,One year,2425.9,0,27,0,0,1,161.72666666666666,0,0,0.605
CUST_01879,20,Month-to-month,812.56,1,29,0,0,1,40.628,0,1,0.654
CUST_01880,53,Month-to-month,2252.12,3,0,0,0,0,42.49283018867924,1,1,0.402
CUST_01881,34,Month-to-month,484.65,4,13,0,0,1,14.254411764705882,1,1,0.654
CUST_01882,12,Month-to-month,1269.39,1,6,0,0,1,105.78250000000001,0,1,0.62
CUST_01883,32,Month-to-month,1835.42,2,26,0,1,0,57.356875,0,1,0.563
CUST_01884,54,Two year,1984.93,0,23,0,1,1,36.757962962962964,0,0,0.249
CUST_01885,25,Month-to-month,1661.15,2,9,0,0,1,66.446,0,1,0.682
CUST_01886,50,One year,2728.23,1,23,0,0,1,54.5646,0,0,0.442
CUST_01887,58,One year,1739.06,0,1,1,0,1,29.983793103448274,0,0,0.217
CUST_01888,1,Month-to-month,320.69,1,15,0,1,1,320.69,0,1,0.647
CUST_01889,49,Month-to-month,1510.42,2,6,1,1,0,30.824897959183676,0,1,0.308
CUST_01890,41,Month-to-month,1154.28,1,15,0,0,1,28.153170731707316,0,1,0.515
CUST_01891,37,One year,2902.86,3,7,1,1,1,78.45567567567568,1,0,0.662
CUST_01892,18,Month-to-month,781.64,0,7,0,1,0,43.42444444444445,0,1,0.369
CUST_01893,52,Month-to-month,1330.97,3,5,1,1,0,25.595576923076923,1,1,0.294
CUST_01894,1,Month-to-month,1168.98,1,0,0,1,0,1168.98,0,1,0.583
CUST_01895,34,Month-to-month,2477.07,0,5,0,0,0,72.855,0,1,0.393
CUST_01896,19,Month-to-month,2578.05,1,0,0,0,1,135.68684210526317,0,1,0.741
CUST_01897,46,Month-to-month,564.67,0,17,0,1,0,12.275434782608695,0,1,0.206
CUST_01898,67,Month-to-month,1991.12,3,25,0,1,1,29.71820895522388,1,1,0.729
CUST_01899,53,Month-to-month,1239.19,2,11,1,1,0,23.380943396226417,0,1,0.324
CUST_01900,66,Month-to-month,1188.83,2,19,0,0,0,18.012575757575757,0,1,0.478
CUST_01901,56,Month-to-month,1655.92,0,12,0,1,0,29.57,0,1,0.292
CUST_01902,53,Month-to-month,2118.43,4,24,1,1,1,39.970377358490566,1,1,0.876
CUST_01903,68,One year,1242.82,0,4,0,0,0,18.276764705882353,0,0,0.093
CUST_01904,12,One year,951.83,2,2,0,1,0,79.31916666666667,0,0,0.244
CUST_01905,53,Month-to-month,1225.66,4,22,0,1,1,23.125660377358493,1,1,0.712
CUST_01906,19,Month-to-month,636.01,1,12,0,0,0,33.47421052631579,0,1,0.502
CUST_01907,40,One year,1687.46,0,3,0,0,0,42.1865,0,0,0.185
CUST_01908,8,Two year,2672.3,2,9,0,1,0,334.0375,0,0,0.313
CUST_01909,46,One year,1427.32,1,19,0,0,1,31.028695652173912,0,0,0.324
CUST_01910,64,Month-to-month,1030.14,0,0,0,0,0,16.0959375,0,1,0.277
CUST_01911,66,Month-to-month,2781.42,4,23,1,0,1,42.14272727272727,1,1,0.908
CUST_01912,7,Month-to-month,672.99,0,29,0,0,1,96.14142857142858,0,1,0.662
CUST_01913,18,Two year,1974.04,1,16,0,1,0,109.66888888888889,0,0,0.439
CUST_01914,41,Month-to-month,673.42,4,28,0,1,0,16.424878048780485,1,1,0.535
CUST_01915,43,Month-to-month,1580.86,1,2,0,0,0,36.764186046511625,0,1,0.331
CUST_01916,40,Month-to-month,1066.03,1,0,0,1,1,26.65075,0,1,0.428
CUST_01917,18,Month-to-month,2334.93,3,17,0,1,1,129.71833333333333,1,1,0.827
CUST_01918,71,One year,2037.14,3,27,0,1,1,28.69211267605634,1,0,0.414
CUST_01919,34,Month-to-month,2863.25,2,20,0,1,1,84.21323529411765,0,1,0.705
CUST_01920,63,Month-to-month,2527.41,1,14,0,1,1,40.117619047619044,0,1,0.398
CUST_01921,59,Month-to-month,524.91,0,11,0,0,1,8.896779661016948,0,1,0.345
CUST_01922,5,Month-to-month,2545.96,0,19,0,1,1,509.192,0,1,0.685
CUST_01923,60,Month-to-month,548.85,0,4,0,1,1,9.1475,0,1,0.266
CUST_01924,68,Month-to-month,1669.08,2,28,0,0,1,24.545294117647057,0,1,0.55
CUST_01925,48,Month-to-month,2376.32,1,9,1,1,0,49.50666666666667,0,1,0.345
CUST_01926,32,One year,2967.19,2,8,0,0,0,92.7246875,0,0,0.466
CUST_01927,12,Month-to-month,2491.37,2,28,0,0,0,207.61416666666665,0,1,0.756
CUST_01928,52,Two year,827.98,1,20,0,0,0,15.922692307692309,0,0,0.228
CUST_01929,27,Month-to-month,1281.04,1,6,0,0,1,47.44592592592593,0,1,0.544
CUST_01930,58,Month-to-month,1957.7,2,26,0,0,1,33.75344827586207,0,1,0.612
CUST_01931,59,Month-to-month,484.22,1,9,0,1,0,8.207118644067798,0,1,0.148
CUST_01932,3,One year,779.09,0,16,0,1,0,259.69666666666666,0,0,0.352
CUST_01933,42,Two year,2955.24,2,0,0,0,0,70.36285714285714,0,0,0.251
CUST_01934,11,Month-to-month,1597.56,0,16,1,1,1,145.23272727272726,0,1,0.614
CUST_01935,28,Two year,2406.02,1,9,0,1,0,85.92928571428571,0,0,0.305
CUST_01936,19,Two year,506.95,4,18,0,0,0,26.681578947368422,1,0,0.307
CUST_01937,24,One year,2482.42,0,9,0,0,0,103.43416666666667,0,0,0.323
CUST_01938,44,One year,881.85,0,20,0,1,0,20.042045454545455,0,0,0.159
CUST_01939,55,Month-to-month,2890.83,2,7,0,0,1,52.560545454545455,0,1,0.688
CUST_01940,44,Two year,2258.94,1,9,0,1,1,51.33954545454546,0,0,0.305
CUST_01941,1,Month-to-month,1348.64,0,4,0,1,0,1348.64,0,1,0.38
CUST_01942,52,Two year,1597.36,2,12,1,1,0,30.718461538461536,0,0,0.172
CUST_01943,58,Month-to-month,1981.22,2,9,0,1,0,34.15896551724138,0,1,0.352
CUST_01944,22,Two year,2953.24,1,9,0,1,0,134.2381818181818,0,0,0.407
CUST_01945,18,Month-to-month,2224.49,0,24,0,1,1,123.58277777777776,0,1,0.615
CUST_01946,46,Month-to-month,2188.28,1,1,0,1,0,47.57130434782609,0,1,0.309
CUST_01947,58,Two year,1771.23,1,8,1,0,0,30.53844827586207,0,0,0.161
CUST_01948,26,Month-to-month,2476.06,0,7,0,0,0,95.23307692307692,0,1,0.53
CUST_01949,45,Month-to-month,2520.81,2,10,1,0,0,56.018,0,1,0.598
CUST_01950,45,Two year,2337.75,0,1,0,0,0,51.95,0,0,0.223
CUST_01951,50,Two year,330.19,1,10,0,1,0,6.6038,0,0,0.117
CUST_01952,48,Month-to-month,2030.16,4,25,0,0,1,42.295,1,1,0.841
CUST_01953,4,Two year,1782.21,1,8,1,1,1,445.5525,0,0,0.415
CUST_01954,35,Month-to-month,2918.47,0,21,0,1,0,83.38485714285714,0,1,0.439
CUST_01955,68,Month-to-month,857.2,0,8,0,0,1,12.605882352941178,0,1,0.259
CUST_01956,37,One year,416.34,4,13,0,0,0,11.252432432432432,1,0,0.165
CUST_01957,8,Two year,2135.85,1,5,0,0,0,266.98125,0,0,0.33
CUST_01958,10,Month-to-month,2995.64,2,13,1,0,1,299.56399999999996,0,1,0.8
CUST_01959,8,One year,1509.64,1,20,0,1,1,188.705,0,0,0.479
CUST_01960,4,Month-to-month,535.02,2,8,1,1,1,133.755,0,1,0.71
CUST_01961,14,One year,2403.0,1,24,0,1,0,171.64285714285714,0,0,0.471
CUST_01962,47,Month-to-month,1321.8,1,8,0,1,0,28.123404255319148,0,1,0.262
CUST_01963,57,Two year,503.35,2,20,1,0,0,8.830701754385965,0,0,0.075
CUST_01964,59,Month-to-month,2394.68,0,14,1,1,1,40.58779661016949,0,1,0.367
CUST_01965,42,Month-to-month,1467.43,3,13,0,1,1,34.938809523809525,1,1,0.605
CUST_01966,55,Month-to-month,822.93,3,1,0,1,1,14.962363636363635,1,1,0.529
CUST_01967,57,One year,1895.24,1,25,0,0,0,33.24982456140351,0,0,0.375
CUST_01968,26,Month-to-month,890.12,4,18,0,0,0,34.23538461538462,1,1,0.781
CUST_01969,12,Month-to-month,401.13,4,13,0,0,1,33.4275,1,1,0.83
CUST_01970,54,Two year,1473.62,3,7,1,0,0,27.289259259259257,1,0,0.154
CUST_01971,34,Month-to-month,2170.45,4,27,0,0,1,63.836764705882345,1,1,0.831
CUST_01972,50,Month-to-month,488.26,0,12,0,1,1,9.7652,0,1,0.258
CUST_01973,67,Month-to-month,2138.17,2,16,0,0,1,31.912985074626867,0,1,0.54
CUST_01974,18,One year,2380.01,1,27,0,1,1,132.2227777777778,0,0,0.544
CUST_01975,33,Month-to-month,2176.18,1,29,0,1,1,65.94484848484848,0,1,0.664
CUST_01976,49,Month-to-month,1047.69,2,15,0,1,0,21.38142857142857,0,1,0.348
CUST_01977,42,Month-to-month,304.48,1,12,0,1,1,7.24952380952381,0,1,0.388
CUST_01978,29,One year,1781.05,2,12,0,0,1,61.415517241379305,0,0,0.438
CUST_01979,20,One year,1699.47,1,23,0,1,0,84.9735,0,0,0.506
CUST_01980,43,Month-to-month,2035.41,2,18,0,1,0,47.33511627906977,0,1,0.424
CUST_01981,57,One year,2860.13,1,6,0,1,0,50.17771929824561,0,0,0.283
CUST_01982,70,Two year,798.19,1,8,0,0,0,11.402714285714287,0,0,0.121
CUST_01983,48,Two year,1473.74,1,13,0,1,0,30.702916666666667,0,0,0.163
CUST_01984,55,Month-to-month,2143.08,1,22,0,1,1,38.96509090909091,0,1,0.461
CUST_01985,40,Month-to-month,2469.9,1,0,1,1,0,61.7475,0,1,0.454
CUST_01986,69,Month-to-month,1121.22,1,24,1,1,1,16.249565217391304,0,1,0.524
CUST_01987,50,Month-to-month,702.47,3,5,1,0,1,14.0494,1,1,0.509
CUST_01988,41,One year,1293.0,1,7,0,1,0,31.536585365853657,0,0,0.134
CUST_01989,5,One year,587.84,0,10,0,0,0,117.56800000000001,0,0,0.233
CUST_01990,27,Month-to-month,2650.98,2,25,0,0,1,98.18444444444445,0,1,0.771
CUST_01991,23,Two year,2470.2,0,12,0,0,0,107.39999999999999,0,0,0.4
CUST_01992,62,Two year,787.14,2,18,0,1,0,12.695806451612903,0,0,0.132
CUST_01993,51,Month-to-month,2535.48,1,5,0,1,0,49.71529411764706,0,1,0.328
CUST_01994,15,Month-to-month,2420.06,0,3,0,0,0,161.33733333333333,0,1,0.615
CUST_01995,36,Month-to-month,2681.93,0,25,0,0,0,74.49805555555555,0,1,0.523
CUST_01996,2,Two year,1818.92,0,29,0,1,1,909.46,0,0,0.726
CUST_01997,47,Month-to-month,2029.32,1,23,1,0,1,43.177021276595745,0,1,0.643
CUST_01998,63,Month-to-month,2923.32,3,11,1,1,1,46.40190476190477,1,1,0.53
CUST_01999,52,Month-to-month,2532.15,3,27,1,0,0,48.69519230769231,1,1,0.553
CUST_02000,16,One year,959.02,1,12,0,0,0,59.93875,0,0,0.338
CUST_02001,40,Month-to-month,2113.96,1,15,1,0,1,52.849000000000004,0,1,0.667
CUST_02002,64,Two year,1234.8,0,3,1,0,0,19.29375,0,0,0.102
CUST_02003,22,One year,2170.73,2,23,0,1,0,98.66954545454546,0,0,0.509
CUST_02004,41,Month-to-month,421.4,2,6,1,1,0,10.278048780487804,0,1,0.259
CUST_02005,61,Month-to-month,1768.49,3,7,0,1,0,28.991639344262296,1,1,0.363
CUST_02006,22,Two year,1350.29,1,11,0,0,0,61.37681818181818,0,0,0.332
CUST_02007,8,One year,890.65,4,4,0,0,1,111.33125,1,0,0.499
CUST_02008,51,Month-to-month,2091.08,2,24,0,0,1,41.00156862745098,0,1,0.624
CUST_02009,19,Month-to-month,2880.1,1,12,0,1,1,151.5842105263158,0,1,0.785
CUST_02010,32,One year,1418.8,5,8,0,1,1,44.3375,1,0,0.446
CUST_02011,20,Two year,982.36,1,6,0,0,0,49.118,0,0,0.26
CUST_02012,22,Month-to-month,1386.92,2,18,0,1,1,63.041818181818186,0,1,0.694
CUST_02013,10,One year,376.65,0,22,0,0,0,37.665,0,0,0.253
CUST_02014,50,Month-to-month,2908.77,4,21,0,0,1,58.175399999999996,1,1,0.828
CUST_02015,42,Month-to-month,2262.01,4,9,0,1,0,53.85738095238096,1,1,0.714
CUST_02016,16,One year,776.52,2,10,0,1,1,48.5325,0,0,0.406
CUST_02017,17,Two year,451.03,3,28,0,1,1,26.531176470588235,1,0,0.597
CUST_02018,24,Month-to-month,1713.74,1,1,0,0,0,71.40583333333333,0,1,0.569
CUST_02019,52,One year,2223.88,4,10,0,1,1,42.76692307692308,1,0,0.398
CUST_02020,1,Two year,679.9,3,8,0,0,0,679.9,1,0,0.368
CUST_02021,13,Two year,1669.08,1,3,0,0,0,128.39076923076922,0,0,0.279
CUST_02022,29,Month-to-month,1091.17,1,0,0,0,0,37.62655172413793,0,1,0.416
CUST_02023,15,Month-to-month,1766.76,1,12,1,1,0,117.784,0,1,0.685
CUST_02024,42,Month-to-month,1659.75,4,24,0,1,1,39.517857142857146,1,1,0.823
CUST_02025,11,Month-to-month,2480.6,0,28,0,0,0,225.5090909090909,0,1,0.688
CUST_02026,39,Two year,1837.22,3,7,0,0,0,47.10820512820513,1,0,0.253
CUST_02027,50,Two year,961.85,2,12,1,1,0,19.237000000000002,0,0,0.111
CUST_02028,39,Month-to-month,1009.6,2,3,0,0,0,25.887179487179488,0,1,0.406
CUST_02029,1,Month-to-month,2606.67,3,15,0,1,1,2606.67,1,1,0.854
CUST_02030,16,One year,1626.37,2,4,0,1,0,101.648125,0,0,0.3
CUST_02031,69,One year,2991.31,2,27,0,1,1,43.35231884057971,0,0,0.593
CUST_02032,68,Month-to-month,2718.2,4,19,0,1,1,39.9735294117647,1,1,0.864
CUST_02033,59,One year,1728.22,0,1,0,0,0,29.291864406779663,0,0,0.158
CUST_02034,2,Month-to-month,979.89,3,13,0,0,1,489.945,1,1,0.791
CUST_02035,33,Two year,2161.16,1,12,0,0,0,65.48969696969696,0,0,0.425
CUST_02036,51,Month-to-month,1907.06,2,26,0,1,1,37.39333333333333,0,1,0.511
CUST_02037,67,Month-to-month,1358.25,4,2,0,0,0,20.27238805970149,1,1,0.31
CUST_02038,13,Month-to-month,1086.98,2,8,0,0,1,83.61384615384615,0,1,0.649
CUST_02039,45,Month-to-month,2189.96,2,3,0,1,0,48.66577777777778,0,1,0.343
CUST_02040,4,Two year,865.27,3,15,0,0,0,216.3175,1,0,0.409
CUST_02041,17,One year,988.29,1,0,1,1,0,58.13470588235294,0,0,0.197
CUST_02042,59,Month-to-month,450.15,2,10,0,0,1,7.629661016949152,0,1,0.272
CUST_02043,69,One year,2805.88,1,27,0,1,0,40.664927536231886,0,0,0.371
CUST_02044,25,Two year,1572.28,0,29,0,0,1,62.8912,0,0,0.642
CUST_02045,1,Month-to-month,1390.53,1,20,1,1,0,1390.53,0,1,0.571
CUST_02046,17,Month-to-month,2662.99,0,28,0,1,0,156.64647058823527,0,1,0.636
CUST_02047,43,Month-to-month,1004.35,0,7,0,0,1,23.356976744186046,0,1,0.31
CUST_02048,66,Two year,1951.72,2,4,0,1,0,29.57151515151515,0,0,0.129
CUST_02049,65,Two year,2760.23,1,7,0,0,0,42.46507692307692,0,0,0.219
CUST_02050,24,One year,2028.47,1,5,0,0,1,84.51958333333333,0,0,0.391
CUST_02051,31,Month-to-month,354.63,3,22,0,1,1,11.439677419354839,1,1,0.671
CUST_02052,25,Month-to-month,2698.16,0,18,0,0,1,107.9264,0,1,0.614
CUST_02053,5,Month-to-month,743.01,2,28,0,1,1,148.602,0,1,0.838
CUST_02054,58,One year,2361.38,1,6,0,1,0,40.71344827586207,0,0,0.101
CUST_02055,36,One year,761.19,2,28,0,1,0,21.144166666666667,0,0,0.217
CUST_02056,58,One year,676.77,0,7,0,1,0,11.668448275862069,0,0,0.077
CUST_02057,34,Month-to-month,369.18,0,16,0,0,0,10.858235294117648,0,1,0.21
CUST_02058,67,Two year,1684.65,1,20,0,0,1,25.14402985074627,0,0,0.378
CUST_02059,12,One year,1706.13,3,6,0,0,0,142.1775,1,0,0.419
CUST_02060,13,Two year,962.85,2,5,0,1,1,74.06538461538462,0,0,0.286
CUST_02061,54,Month-to-month,1918.07,0,3,0,0,1,35.519814814814815,0,1,0.342
CUST_02062,44,Month-to-month,2898.25,1,9,0,0,0,65.86931818181819,0,1,0.621
CUST_02063,60,Month-to-month,2841.44,1,8,1,0,1,47.35733333333334,0,1,0.602
CUST_02064,69,Month-to-month,867.14,7,20,0,1,1,12.567246376811594,1,1,0.616
CUST_02065,11,Month-to-month,2323.35,4,2,0,0,1,211.21363636363637,1,1,0.795
CUST_02066,3,One year,2355.57,2,19,1,0,1,785.19,0,0,0.634
CUST_02067,22,Month-to-month,702.11,1,5,0,0,0,31.91409090909091,0,1,0.516
CUST_02068,28,Month-to-month,1847.34,1,9,0,0,0,65.97642857142857,0,1,0.556
CUST_02069,65,Two year,1950.59,0,20,0,1,0,30.009076923076922,0,0,0.191
CUST_02070,30,One year,1979.42,1,1,1,1,0,65.98066666666666,0,0,0.214
CUST_02071,43,Two year,1956.51,1,26,0,0,0,45.50023255813954,0,0,0.408
CUST_02072,64,Month-to-month,1131.84,0,28,0,0,1,17.685,0,1,0.523
CUST_02073,67,Two year,1166.64,2,3,0,1,0,17.412537313432836,0,0,0.073
CUST_02074,3,Month-to-month,2614.68,1,29,0,0,1,871.56,0,1,0.851
CUST_02075,14,Month-to-month,2073.27,0,2,0,0,1,148.09071428571428,0,1,0.543
CUST_02076,23,Month-to-month,1669.08,1,0,0,0,0,72.56869565217391,0,1,0.58
CUST_02077,68,Month-to-month,1669.08,4,18,0,0,1,24.545294117647057,1,1,0.664
CUST_02078,12,One year,2470.89,0,6,0,1,0,205.9075,0,0,0.308
CUST_02079,13,Month-to-month,371.57,2,16,0,0,0,28.58230769230769,0,1,0.395
CUST_02080,43,Two year,1798.03,4,7,0,0,0,41.814651162790696,1,0,0.183
CUST_02081,3,One year,2414.21,1,16,0,1,0,804.7366666666667,0,0,0.472
CUST_02082,57,Month-to-month,1937.96,1,23,1,1,0,33.999298245614035,0,1,0.496
CUST_02083,70,One year,2928.06,1,21,0,1,1,41.82942857142857,0,0,0.478
CUST_02084,17,Month-to-month,407.29,1,14,0,0,1,23.95823529411765,0,1,0.364
CUST_02085,2,Month-to-month,2351.76,3,22,0,1,1,1175.88,1,1,0.85
CUST_02086,58,Month-to-month,407.97,0,11,0,1,0,7.03396551724138,0,1,0.128
CUST_02087,38,Month-to-month,2533.48,0,20,0,1,0,66.67052631578947,0,1,0.445
CUST_02088,63,One year,2448.28,0,29,0,1,0,38.861587301587306,0,0,0.283
CUST_02089,66,Month-to-month,1646.1,3,21,0,1,1,24.940909090909088,1,1,0.621
CUST_02090,14,Month-to-month,2040.52,2,11,0,0,0,145.75142857142856,0,1,0.724
CUST_02091,62,Month-to-month,2209.35,2,2,0,1,0,35.63467741935484,0,1,0.316
CUST_02092,49,One year,1448.75,1,26,0,1,0,29.566326530612244,0,0,0.23
CUST_02093,2,Two year,2084.36,2,10,0,1,1,1042.18,0,0,0.564
CUST_02094,68,Month-to-month,1397.71,0,1,0,1,0,20.554558823529412,0,1,0.217
CUST_02095,36,Month-to-month,2007.8,1,9,0,0,1,55.77222222222222,0,1,0.584
CUST_02096,53,Two year,1222.47,0,11,0,1,0,23.065471698113207,0,0,0.109
CUST_02097,9,One year,1836.59,2,11,0,1,1,204.06555555555553,0,0,0.449
CUST_02098,3,Month-to-month,2508.24,1,25,0,0,1,836.0799999999999,0,1,0.866
CUST_02099,29,Month-to-month,2755.5,1,20,0,1,1,95.01724137931035,0,1,0.73
CUST_02100,6,Month-to-month,2175.49,0,5,1,0,0,362.58166666666665,0,1,0.449
CUST_02101,62,Month-to-month,1440.52,4,25,0,0,1,23.234193548387097,1,1,0.84
CUST_02102,7,One year,1669.08,1,22,0,0,1,238.44,0,0,0.57
CUST_02103,13,Month-to-month,2158.87,1,16,1,0,1,166.06692307692308,0,1,0.793
CUST_02104,15,One year,864.02,1,22,1,1,0,57.60133333333333,0,0,0.384
CUST_02105,24,Month-to-month,1877.86,1,19,0,1,1,78.24416666666666,0,1,0.732
CUST_02106,38,One year,2967.75,1,13,1,0,1,78.09868421052632,0,0,0.555
CUST_02107,40,One year,1101.5,2,7,1,0,0,27.5375,0,0,0.185
CUST_02108,66,One year,2442.17,2,8,0,1,0,37.002575757575755,0,0,0.119
CUST_02109,58,Month-to-month,1525.01,1,28,0,1,0,26.293275862068967,0,1,0.372
CUST_02110,63,One year,1669.08,2,19,0,1,0,26.493333333333332,0,0,0.218
CUST_02111,11,Month-to-month,1052.01,1,23,0,0,1,95.63727272727273,0,1,0.779
CUST_02112,69,Month-to-month,406.62,2,25,0,0,1,5.89304347826087,0,1,0.508
CUST_02113,18,Month-to-month,2238.05,1,0,0,1,1,124.33611111111112,0,1,0.612
CUST_02114,55,Month-to-month,1856.9,0,9,0,1,0,33.761818181818185,0,1,0.258
CUST_02115,46,Two year,2517.58,1,26,0,1,0,54.73,0,0,0.302
CUST_02116,55,Month-to-month,1979.34,1,5,0,1,0,35.988,0,1,0.324
CUST_02117,11,Month-to-month,2785.16,2,12,0,0,0,253.19636363636363,0,1,0.743
CUST_02118,5,Two year,1519.22,1,14,0,1,0,303.844,0,0,0.349
CUST_02119,10,Month-to-month,1576.65,0,1,0,0,0,157.66500000000002,0,1,0.409
CUST_02120,28,Month-to-month,1187.35,0,9,1,0,1,42.40535714285714,0,1,0.465
CUST_02121,25,Month-to-month,356.72,3,28,0,0,1,14.2688,1,1,0.723
CUST_02122,66,Month-to-month,1959.97,2,4,0,1,0,29.69651515151515,0,1,0.373
CUST_02123,46,One year,1024.36,0,21,0,1,0,22.26869565217391,0,0,0.172
CUST_02124,17,One year,2374.66,4,29,0,1,1,139.68588235294118,1,0,0.741
CUST_02125,54,One year,328.6,2,20,0,1,0,6.0851851851851855,0,0,0.122
CUST_02126,60,Month-to-month,926.35,3,21,1,0,0,15.439166666666667,1,1,0.48
CUST_02127,7,Month-to-month,461.04,2,17,0,0,1,65.86285714285715,0,1,0.743
CUST_02128,57,One year,647.24,2,0,0,1,0,11.355087719298245,0,0,0.097
CUST_02129,53,Month-to-month,1325.94,3,21,0,0,1,25.017735849056606,1,1,0.532
CUST_02130,50,One year,643.12,2,19,0,0,0,12.862400000000001,0,0,0.143
CUST_02131,7,Month-to-month,1270.69,2,2,0,1,1,181.52714285714288,0,1,0.614
CUST_02132,61,Month-to-month,2166.78,0,5,0,0,0,35.52098360655738,0,1,0.304
CUST_02133,23,One year,2197.4,1,23,1,0,1,95.5391304347826,0,0,0.603
CUST_02134,47,One year,1087.25,2,10,0,1,0,23.132978723404257,0,0,0.103
CUST_02135,13,Two year,2797.96,2,1,0,1,0,215.2276923076923,0,0,0.293
CUST_02136,45,Two year,804.12,2,12,0,0,0,17.869333333333334,0,0,0.144
CUST_02137,28,Month-to-month,1096.46,2,20,0,1,1,39.159285714285716,0,1,0.516
CUST_02138,46,Month-to-month,1408.75,2,21,0,1,0,30.625,0,1,0.42
CUST_02139,1,Month-to-month,2518.79,1,10,0,1,1,2518.79,0,1,0.751
CUST_02140,47,Month-to-month,2730.77,0,20,1,0,1,58.10148936170213,0,1,0.677
CUST_02141,71,Month-to-month,563.06,5,15,1,0,1,7.9304225352112665,1,1,0.681
CUST_02142,25,Two year,1216.39,0,9,0,0,1,48.65560000000001,0,0,0.37
CUST_02143,59,Two year,2447.91,2,20,1,1,1,41.489999999999995,0,0,0.358
CUST_02144,37,One year,2098.98,1,6,0,1,0,56.72918918918919,0,0,0.254
CUST_02145,19,Two year,1170.87,0,4,0,1,0,61.62473684210526,0,0,0.181
CUST_02146,23,Month-to-month,1669.08,1,15,0,0,1,72.56869565217391,0,1,0.697
CUST_02147,19,Month-to-month,1043.37,1,0,1,1,1,54.914210526315784,0,1,0.481
CUST_02148,2,Month-to-month,304.18,2,1,0,1,0,152.09,0,1,0.513
CUST_02149,38,Month-to-month,1076.34,1,15,1,0,1,28.32473684210526,0,1,0.532
CUST_02150,42,One year,602.36,2,16,0,0,0,14.341904761904763,0,0,0.166
CUST_02151,46,Month-to-month,583.99,4,7,1,1,1,12.695434782608697,1,1,0.614
CUST_02152,44,Two year,412.41,1,5,0,0,0,9.372954545454546,0,0,0.097
CUST_02153,70,Month-to-month,1491.18,2,28,0,1,1,21.30257142857143,0,1,0.492
CUST_02154,71,One year,669.63,1,15,0,1,0,9.431408450704225,0,0,0.167
CUST_02155,63,Month-to-month,2876.09,3,21,0,0,1,45.65222222222222,1,1,0.749
CUST_02156,54,Two year,1559.57,1,10,0,1,0,28.880925925925926,0,0,0.15
CUST_02157,37,One year,1796.34,1,24,0,1,0,48.54972972972973,0,0,0.256
CUST_02158,55,Month-to-month,813.62,1,24,0,0,1,14.793090909090909,0,1,0.583
CUST_02159,55,Month-to-month,2235.33,1,13,0,0,0,40.64236363636363,0,1,0.435
CUST_02160,29,Month-to-month,380.69,4,16,0,1,1,13.127241379310345,1,1,0.66
CUST_02161,65,Month-to-month,2953.9,2,24,0,1,1,45.44461538461539,0,1,0.58
CUST_02162,4,Month-to-month,2431.44,0,23,0,1,1,607.86,0,1,0.745
CUST_02163,56,Month-to-month,309.34,1,29,0,1,0,5.523928571428571,0,1,0.358
CUST_02164,69,Month-to-month,2344.28,2,19,0,1,1,33.97507246376812,0,1,0.507
CUST_02165,41,Month-to-month,1558.38,0,26,0,0,1,38.00926829268293,0,1,0.669
CUST_02166,23,Two year,1332.75,1,14,0,1,0,57.94565217391305,0,0,0.319
CUST_02167,48,Two year,2329.84,3,7,0,0,0,48.538333333333334,1,0,0.319
CUST_02168,64,Two year,777.74,2,19,0,1,0,12.1521875,0,0,0.144
CUST_02169,54,Two year,1141.68,4,19,0,0,1,21.142222222222223,1,0,0.346
CUST_02170,20,Two year,2195.31,1,12,0,0,1,109.7655,0,0,0.518
CUST_02171,41,Month-to-month,2952.71,1,15,1,0,1,72.01731707317073,0,1,0.781
CUST_02172,59,Month-to-month,2422.39,1,23,0,0,0,41.057457627118644,0,1,0.549
CUST_02173,7,Month-to-month,2927.81,0,11,1,0,0,418.25857142857143,0,1,0.487
CUST_02174,24,Month-to-month,952.75,3,2,1,1,0,39.697916666666664,1,1,0.584
CUST_02175,3,Two year,2890.32,2,6,0,0,1,963.44,0,0,0.534
CUST_02176,20,Two year,2985.18,1,17,0,1,0,149.259,0,0,0.488
CUST_02177,54,Two year,2033.61,1,28,0,1,0,37.65944444444444,0,0,0.252
CUST_02178,10,Two year,384.2,3,22,0,1,0,38.42,1,0,0.282
CUST_02179,40,One year,2491.01,0,1,0,0,0,62.27525000000001,0,0,0.245
CUST_02180,62,Month-to-month,1808.38,2,3,0,1,1,29.16741935483871,0,1,0.326
CUST_02181,5,Month-to-month,2533.79,2,19,0,0,1,506.758,0,1,0.879
CUST_02182,53,Month-to-month,722.41,1,18,0,1,1,13.630377358490566,0,1,0.275
CUST_02183,41,Month-to-month,1009.27,0,17,0,0,0,24.616341463414635,0,1,0.47
CUST_02184,55,One year,750.17,3,10,0,1,0,13.639454545454544,1,0,0.097
CUST_02185,40,Month-to-month,2957.04,2,5,0,1,1,73.926,0,1,0.764
CUST_02186,24,One year,679.25,2,3,0,0,0,28.302083333333332,0,0,0.184
CUST_02187,3,Two year,2631.09,2,13,0,0,1,877.0300000000001,0,0,0.582
CUST_02188,42,Month-to-month,323.79,2,6,0,0,1,7.7092857142857145,0,1,0.411
CUST_02189,34,Month-to-month,1251.28,1,6,0,0,0,36.80235294117647,0,1,0.433
CUST_02190,5,Month-to-month,2649.28,0,29,0,1,0,529.856,0,1,0.598
CUST_02191,34,Two year,1095.84,0,17,0,1,0,32.230588235294114,0,0,0.179
CUST_02192,24,One year,2549.73,1,19,0,1,1,106.23875,0,0,0.489
CUST_02193,27,Month-to-month,2453.52,4,20,1,0,1,90.8711111111111,1,1,0.821
CUST_02194,59,Month-to-month,1497.54,2,19,0,1,0,25.382033898305085,0,1,0.382
CUST_02195,12,Month-to-month,2617.6,1,23,0,1,0,218.13333333333333,0,1,0.755
CUST_02196,24,Month-to-month,2145.97,0,29,0,1,0,89.41541666666666,0,1,0.61
CUST_02197,55,Month-to-month,601.68,0,11,1,0,1,10.939636363636362,0,1,0.365
CUST_02198,37,One year,2778.94,1,1,0,0,1,75.10648648648649,0,0,0.478
CUST_02199,33,Month-to-month,1348.72,2,19,1,1,0,40.870303030303035,0,1,0.448
CUST_02200,30,One year,776.01,0,9,0,1,0,25.867,0,0,0.122
CUST_02201,42,Month-to-month,1255.09,0,9,0,0,1,29.883095238095237,0,1,0.402
CUST_02202,61,Month-to-month,2546.33,1,3,0,0,0,41.74311475409836,0,1,0.369
CUST_02203,21,Month-to-month,1251.79,1,3,0,0,1,59.609047619047615,0,1,0.612
CUST_02204,15,Month-to-month,2289.34,1,3,0,1,1,152.62266666666667,0,1,0.626
CUST_02205,40,Two year,1248.75,0,22,0,0,1,31.21875,0,0,0.377
CUST_02206,30,One year,2271.19,5,8,1,1,1,75.70633333333333,1,0,0.699
CUST_02207,23,Month-to-month,2450.53,2,22,0,0,1,106.54478260869566,0,1,0.811
CUST_02208,43,One year,1166.02,0,29,0,1,0,27.11674418604651,0,0,0.284
CUST_02209,18,Month-to-month,2553.3,1,23,0,1,0,141.85000000000002,0,1,0.795
CUST_02210,67,Month-to-month,1048.28,3,25,0,0,0,15.645970149253731,1,1,0.477
CUST_02211,48,Month-to-month,908.34,3,12,0,1,0,18.923750000000002,1,1,0.395
CUST_02212,65,Month-to-month,2783.11,0,21,0,0,1,42.817076923076925,0,1,0.529
CUST_02213,65,One year,1455.3,1,29,0,1,0,22.389230769230767,0,0,0.348
CUST_02214,2,Month-to-month,2337.53,1,23,0,1,1,1168.765,0,1,0.814
CUST_02215,53,One year,2859.59,1,25,0,1,0,53.954528301886796,0,0,0.419
CUST_02216,13,One year,1972.43,1,19,0,0,1,151.72538461538463,0,0,0.538
CUST_02217,29,One year,1062.01,1,0,0,1,0,36.62103448275862,0,0,0.12
CUST_02218,39,One year,1144.32,1,0,1,1,0,29.34153846153846,0,0,0.128
CUST_02219,31,Month-to-month,2477.75,0,23,1,0,1,79.9274193548387,0,1,0.673
CUST_02220,3,Month-to-month,1081.32,1,8,0,1,1,360.44,0,1,0.583
CUST_02221,27,Month-to-month,1160.4,1,1,0,0,0,42.97777777777778,0,1,0.4
CUST_02222,9,Month-to-month,1219.03,1,25,1,1,1,135.4477777777778,0,1,0.772
CUST_02223,39,One year,2385.76,3,29,0,1,1,61.17333333333334,1,0,0.744
CUST_02224,65,Month-to-month,751.17,4,25,0,0,1,11.556461538461537,1,1,0.821
CUST_02225,3,Month-to-month,789.73,2,11,0,1,1,263.24333333333334,0,1,0.726
CUST_02226,34,Month-to-month,2502.44,2,18,0,1,0,73.60117647058824,0,1,0.62
CUST_02227,65,One year,911.87,2,29,1,1,0,14.02876923076923,0,0,0.287
CUST_02228,61,Two year,369.38,2,9,0,1,0,6.055409836065573,0,0,0.072
CUST_02229,51,Month-to-month,506.44,2,16,1,1,0,9.930196078431372,0,1,0.229
CUST_02230,59,Month-to-month,1981.19,1,8,0,0,1,33.57949152542373,0,1,0.369
CUST_02231,33,Month-to-month,956.06,0,20,0,0,1,28.97151515151515,0,1,0.582
CUST_02232,29,Month-to-month,1669.08,3,23,0,0,1,57.554482758620686,1,1,0.769
CUST_02233,43,Month-to-month,857.3,0,12,1,0,0,19.93720930232558,0,1,0.358
CUST_02234,37,Month-to-month,617.44,2,2,1,1,0,16.68756756756757,0,1,0.346
CUST_02235,9,Month-to-month,2580.0,3,11,1,1,1,286.6666666666667,1,1,0.818
CUST_02236,70,One year,2306.35,0,16,0,0,1,32.94785714285714,0,0,0.364
CUST_02237,27,One year,2611.86,3,0,0,1,1,96.73555555555556,1,0,0.608
CUST_02238,12,Month-to-month,2140.0,2,18,0,1,0,178.33333333333334,0,1,0.754
CUST_02239,50,Month-to-month,1852.83,1,10,0,1,0,37.056599999999996,0,1,0.307
CUST_02240,14,One year,2533.52,3,23,0,0,1,180.96571428571428,1,0,0.694
CUST_02241,25,Month-to-month,2547.65,1,11,1,1,1,101.906,0,1,0.743
CUST_02242,4,Month-to-month,925.02,3,10,0,0,0,231.255,1,1,0.586
CUST_02243,22,One year,591.42,1,12,0,0,1,26.88272727272727,0,0,0.333
CUST_02244,7,Two year,967.33,1,3,0,1,1,138.19,0,0,0.251
CUST_02245,29,Month-to-month,921.86,3,10,1,0,1,31.788275862068964,1,1,0.691
CUST_02246,39,One year,1951.25,2,27,1,0,1,50.032051282051285,0,0,0.507
CUST_02247,59,Month-to-month,2276.6,2,7,0,1,0,38.5864406779661,0,1,0.335
CUST_02248,1,Month-to-month,696.24,3,3,1,1,1,696.24,1,1,0.72
CUST_02249,52,Month-to-month,1963.78,0,0,0,0,0,37.765,0,1,0.299
CUST_02250,48,One year,2628.16,0,0,0,1,0,54.75333333333333,0,0,0.146
CUST_02251,2,Two year,1801.77,1,4,1,1,0,900.885,0,0,0.346
CUST_02252,57,Month-to-month,1415.8,2,4,0,1,1,24.83859649122807,0,1,0.31
CUST_02253,56,Month-to-month,1669.08,0,3,0,0,0,29.805,0,1,0.262
CUST_02254,35,Month-to-month,559.25,1,8,0,0,0,15.978571428571428,0,1,0.338
CUST_02255,48,One year,318.33,1,17,0,0,0,6.631875,0,0,0.129
CUST_02256,14,Month-to-month,1154.03,1,26,1,1,1,82.43071428571429,0,1,0.778
CUST_02257,68,Month-to-month,1627.42,0,19,0,1,0,23.93264705882353,0,1,0.312
CUST_02258,17,Month-to-month,2260.78,2,28,0,1,1,132.98705882352942,0,1,0.816
CUST_02259,8,Month-to-month,1268.83,2,25,0,0,1,158.60375,0,1,0.851
CUST_02260,27,Two year,2500.46,4,10,0,0,1,92.60962962962964,1,0,0.546
CUST_02261,63,One year,1957.02,3,29,0,1,1,31.063809523809525,1,0,0.523
CUST_02262,45,Month-to-month,1466.91,0,6,0,1,0,32.598,0,1,0.226
CUST_02263,51,Month-to-month,1372.41,2,0,1,1,0,26.91,0,1,0.314
CUST_02264,22,Month-to-month,1226.66,1,4,0,1,1,55.75727272727273,0,1,0.492
CUST_02265,35,Month-to-month,1703.5,1,15,0,0,1,48.67142857142857,0,1,0.578
CUST_02266,70,Month-to-month,1888.63,2,27,0,0,0,26.980428571428572,0,1,0.539
CUST_02267,2,Month-to-month,2325.39,1,7,0,0,1,1162.695,0,1,0.809
CUST_02268,31,Month-to-month,2794.51,1,23,0,1,1,90.14548387096775,0,1,0.751
CUST_02269,38,Month-to-month,333.73,2,1,0,0,0,8.782368421052633,0,1,0.298
CUST_02270,10,Two year,1108.72,0,26,0,1,0,110.872,0,0,0.502
CUST_02271,54,Two year,1086.22,1,2,0,1,0,20.115185185185187,0,0,0.074
CUST_02272,6,One year,2123.17,1,4,0,0,1,353.8616666666667,0,0,0.341
CUST_02273,28,Month-to-month,569.52,2,11,0,0,0,20.34,0,1,0.367
CUST_02274,66,One year,2211.18,1,15,0,1,0,33.50272727272727,0,0,0.202
CUST_02275,64,Month-to-month,1065.87,0,29,0,0,0,16.65421875,0,1,0.459
CUST_02276,36,Month-to-month,1787.42,1,26,0,0,1,49.650555555555556,0,1,0.72
CUST_02277,23,Month-to-month,2676.86,2,22,0,0,1,116.38521739130435,0,1,0.798
CUST_02278,16,One year,1992.29,3,11,0,0,0,124.518125,1,0,0.468
CUST_02279,17,Month-to-month,600.23,2,0,0,1,0,35.307647058823534,0,1,0.449
CUST_02280,58,Two year,790.63,2,24,0,1,0,13.631551724137932,0,0,0.194
CUST_02281,7,Two year,2428.87,0,24,0,0,1,346.9814285714286,0,0,0.54
CUST_02282,3,One year,2899.55,1,5,1,0,1,966.5166666666668,0,0,0.51
CUST_02283,70,Month-to-month,1329.35,2,11,0,0,1,18.990714285714283,0,1,0.457
CUST_02284,65,One year,2528.44,2,11,1,1,0,38.899076923076926,0,0,0.217
CUST_02285,41,Month-to-month,2083.56,2,3,1,1,0,50.818536585365855,0,1,0.447
CUST_02286,70,Month-to-month,2604.9,1,14,0,1,0,37.212857142857146,0,1,0.401
CUST_02287,71,Two year,1287.85,0,26,0,1,0,18.138732394366198,0,0,0.221
CUST_02288,67,Month-to-month,1226.22,1,0,0,1,0,18.30179104477612,0,1,0.243
CUST_02289,55,One year,1308.18,2,4,1,1,0,23.78509090909091,0,0,0.08
CUST_02290,23,Month-to-month,1773.35,3,17,0,0,0,77.10217391304347,1,1,0.673
CUST_02291,29,Month-to-month,320.66,2,25,0,0,0,11.057241379310346,0,1,0.371
CUST_02292,67,Month-to-month,2933.1,2,14,0,0,0,43.777611940298506,0,1,0.561
CUST_02293,70,One year,1546.74,3,24,0,1,0,22.096285714285713,1,0,0.168
CUST_02294,63,Month-to-month,424.12,1,17,0,0,1,6.732063492063492,0,1,0.353
CUST_02295,12,Two year,1802.08,1,16,0,1,1,150.17333333333332,0,0,0.414
CUST_02296,11,One year,1401.18,2,9,0,0,1,127.38000000000001,0,0,0.383
CUST_02297,36,Month-to-month,1022.96,0,20,0,0,1,28.415555555555557,0,1,0.547
CUST_02298,49,One year,1091.22,4,10,0,1,1,22.269795918367347,1,0,0.194
CUST_02299,23,Two year,1995.73,0,29,1,0,1,86.7708695652174,0,0,0.708
CUST_02300,7,One year,492.16,2,29,0,0,1,70.30857142857143,0,0,0.678
CUST_02301,48,Month-to-month,461.82,2,0,0,1,0,9.62125,0,1,0.278
CUST_02302,15,Month-to-month,871.92,1,25,0,0,1,58.128,0,1,0.815
CUST_02303,68,Month-to-month,2795.69,1,29,0,0,0,41.11308823529412,0,1,0.492
CUST_02304,71,Month-to-month,1430.7,2,13,1,0,1,20.150704225352115,0,1,0.536
CUST_02305,64,Month-to-month,1203.64,2,1,1,1,0,18.806875,0,1,0.314
CUST_02306,12,Month-to-month,417.74,3,4,0,1,1,34.81166666666667,1,1,0.769
CUST_02307,42,Two year,1118.13,4,19,0,1,0,26.622142857142858,1,0,0.241
CUST_02308,63,Month-to-month,1653.59,1,5,0,1,1,26.247460317460316,0,1,0.324
CUST_02309,48,Month-to-month,1009.06,0,18,1,0,0,21.02208333333333,0,1,0.383
CUST_02310,66,One year,2560.3,4,16,0,0,1,38.79242424242425,1,0,0.597
CUST_02311,48,Month-to-month,1461.26,1,6,0,1,0,30.442916666666665,0,1,0.267
CUST_02312,60,One year,2164.87,3,21,0,1,0,36.08116666666667,1,0,0.327
CUST_02313,29,Two year,1596.03,2,23,1,1,1,55.03551724137931,0,0,0.508
CUST_02314,9,Month-to-month,2039.1,0,12,0,0,0,226.56666666666666,0,1,0.531
CUST_02315,71,Month-to-month,1529.46,2,22,0,1,0,21.54169014084507,0,1,0.46
CUST_02316,30,Two year,390.4,2,14,0,0,0,13.013333333333332,0,0,0.107
CUST_02317,16,Two year,435.94,3,0,0,0,1,27.24625,1,0,0.487
CUST_02318,43,Month-to-month,1669.08,0,17,0,1,0,38.81581395348837,0,1,0.315
CUST_02319,9,Month-to-month,1950.11,1,5,0,1,0,216.67888888888888,0,1,0.547
CUST_02320,55,Month-to-month,2280.21,1,12,0,1,0,41.458363636363636,0,1,0.356
CUST_02321,49,Month-to-month,1578.64,1,11,0,1,0,32.21714285714286,0,1,0.301
CUST_02322,33,Two year,1663.87,3,7,1,0,0,50.420303030303025,1,0,0.334
CUST_02323,18,Two year,776.85,1,13,0,0,0,43.15833333333333,0,0,0.258
CUST_02324,49,Month-to-month,1647.81,1,3,0,1,0,33.62877551020408,0,1,0.293
CUST_02325,1,Month-to-month,1017.94,4,5,0,1,0,1017.94,1,1,0.459
CUST_02326,7,Two year,329.43,5,11,0,1,0,47.06142857142857,1,0,0.261
CUST_02327,2,Month-to-month,2498.72,1,23,0,0,0,1249.36,0,1,0.792
CUST_02328,51,Month-to-month,2780.81,1,12,0,0,1,54.5256862745098,0,1,0.658
CUST_02329,49,Month-to-month,1599.65,1,18,0,0,0,32.645918367346944,0,1,0.464
CUST_02330,22,Month-to-month,2450.76,3,20,0,0,1,111.39818181818183,1,1,0.867
CUST_02331,57,One year,1189.28,1,21,0,1,0,20.864561403508773,0,0,0.17
CUST_02332,38,Month-to-month,314.76,3,3,0,1,0,8.283157894736842,1,1,0.387
CUST_02333,49,Two year,1756.17,1,11,1,1,0,35.840204081632656,0,0,0.132
CUST_02334,58,Month-to-month,2078.47,1,21,1,1,0,35.83568965517241,0,1,0.471
CUST_02335,22,One year,1630.95,2,27,0,0,1,74.13409090909092,0,0,0.716
CUST_02336,67,Month-to-month,2936.02,2,8,1,0,1,43.821194029850744,0,1,0.677
CUST_02337,14,Month-to-month,1230.54,1,9,0,1,0,87.89571428571428,0,1,0.502
CUST_02338,54,One year,385.82,0,3,0,1,0,7.144814814814815,0,0,0.066
CUST_02339,27,Month-to-month,1534.93,2,24,0,1,0,56.84925925925926,0,1,0.573
CUST_02340,63,One year,2066.71,1,18,0,0,1,32.804920634920634,0,0,0.355
CUST_02341,26,One year,2811.35,2,2,0,0,1,108.12884615384615,0,0,0.367
CUST_02342,22,One year,1573.7,2,15,0,1,1,71.53181818181818,0,0,0.466
CUST_02343,71,Month-to-month,2840.02,1,25,0,0,0,40.000281690140845,0,1,0.478
CUST_02344,9,Two year,1304.11,2,26,0,1,0,144.9011111111111,0,0,0.573
CUST_02345,32,One year,693.3,1,11,0,1,0,21.665625,0,0,0.126
CUST_02346,70,Month-to-month,2369.27,3,25,0,0,1,33.846714285714285,1,1,0.75
CUST_02347,21,Month-to-month,435.06,4,12,0,1,0,20.717142857142857,1,1,0.42
CUST_02348,46,One year,2793.39,3,1,1,0,1,60.72586956521739,1,0,0.493
CUST_02349,18,One year,1609.74,2,12,0,0,1,89.43,0,0,0.467
CUST_02350,59,Two year,1052.58,2,8,0,1,0,17.840338983050845,0,0,0.072
CUST_02351,30,One year,393.24,0,4,1,1,0,13.108,0,0,0.062
CUST_02352,66,Month-to-month,2490.31,3,10,0,0,0,37.7319696969697,1,1,0.481
CUST_02353,61,Month-to-month,938.39,1,13,0,1,0,15.38344262295082,0,1,0.301
CUST_02354,56,Two year,1106.09,2,3,0,1,0,19.751607142857143,0,0,0.062
CUST_02355,14,Month-to-month,330.61,4,25,0,0,1,23.615000000000002,1,1,0.778
CUST_02356,53,Two year,2288.99,4,27,0,0,1,43.18849056603773,1,0,0.608
CUST_02357,5,Month-to-month,638.58,1,0,0,0,1,127.71600000000001,0,1,0.63
CUST_02358,25,One year,2032.07,5,3,0,1,1,81.2828,1,0,0.646
CUST_02359,51,One year,1206.09,0,28,1,1,1,23.648823529411764,0,0,0.296
CUST_02360,13,Two year,2618.68,0,7,1,1,1,201.43692307692305,0,0,0.37
CUST_02361,56,One year,1108.02,2,18,1,1,0,19.78607142857143,0,0,0.145
CUST_02362,10,Month-to-month,1669.08,2,3,0,0,1,166.908,0,1,0.718
CUST_02363,2,Month-to-month,1341.86,0,21,0,1,1,670.93,0,1,0.64
CUST_02364,58,Month-to-month,499.02,1,26,0,1,0,8.603793103448275,0,1,0.229
CUST_02365,12,One year,1669.08,4,13,0,0,0,139.09,1,0,0.467
CUST_02366,70,Month-to-month,926.39,1,23,1,1,0,13.234142857142857,0,1,0.48
CUST_02367,30,Month-to-month,1676.04,1,11,0,0,1,55.868,0,1,0.624
CUST_02368,57,Month-to-month,477.95,1,18,0,1,0,8.385087719298246,0,1,0.143
CUST_02369,6,Month-to-month,503.7,1,12,1,1,1,83.95,0,1,0.585
CUST_02370,36,One year,2024.18,2,20,0,1,0,56.227222222222224,0,0,0.277
CUST_02371,24,Two year,2901.32,1,20,1,0,1,120.88833333333334,0,0,0.753
CUST_02372,26,Month-to-month,1948.19,2,10,0,0,1,74.93038461538461,0,1,0.67
CUST_02373,20,One year,433.13,0,28,0,1,0,21.6565,0,0,0.303
CUST_02374,13,One year,729.4,1,24,1,0,0,56.107692307692304,0,0,0.401
CUST_02375,52,One year,1869.79,1,16,1,1,0,35.957499999999996,0,0,0.174
CUST_02376,29,Two year,735.01,0,24,0,1,0,25.345172413793104,0,0,0.191
CUST_02377,12,Month-to-month,1166.12,0,5,0,1,0,97.17666666666666,0,1,0.269
CUST_02378,10,Month-to-month,949.92,2,17,0,0,1,94.99199999999999,0,1,0.733
CUST_02379,19,Two year,2033.71,1,10,0,1,0,107.03736842105263,0,0,0.354
CUST_02380,50,Month-to-month,2237.67,1,8,0,1,0,44.7534,0,1,0.32
CUST_02381,57,Month-to-month,1113.48,0,2,0,0,0,19.534736842105264,0,1,0.259
CUST_02382,43,Two year,514.92,0,6,0,1,0,11.974883720930231,0,0,0.072
CUST_02383,11,Month-to-month,2324.65,1,10,0,0,0,211.3318181818182,0,1,0.655
CUST_02384,31,Month-to-month,1448.04,3,10,0,1,0,46.710967741935484,1,1,0.502
CUST_02385,11,Month-to-month,917.53,0,10,0,0,0,83.41181818181818,0,1,0.41
CUST_02386,34,Month-to-month,759.22,3,27,0,0,1,22.330000000000002,1,1,0.732
CUST_02387,38,Month-to-month,915.29,0,8,0,0,0,24.08657894736842,0,1,0.351
CUST_02388,50,One year,921.32,1,25,0,0,0,18.4264,0,0,0.215
CUST_02389,32,Month-to-month,1768.53,1,27,1,0,1,55.2665625,0,1,0.765
CUST_02390,41,One year,2608.04,3,21,0,1,0,63.61073170731707,1,0,0.53
CUST_02391,17,One year,1782.92,1,16,0,0,1,104.87764705882353,0,0,0.532
CUST_02392,32,One year,685.12,0,18,1,1,0,21.41,0,0,0.169
CUST_02393,36,Month-to-month,350.62,2,7,0,1,0,9.739444444444445,0,1,0.214
CUST_02394,12,One year,2138.06,0,0,0,0,0,178.17166666666665,0,0,0.286
CUST_02395,62,One year,339.9,2,14,0,1,0,5.482258064516128,0,0,0.096
CUST_02396,67,Two year,2160.85,2,23,0,0,1,32.25149253731343,0,0,0.475
CUST_02397,28,One year,1921.68,2,29,0,0,0,68.63142857142857,0,0,0.535
CUST_02398,13,One year,797.72,2,27,1,1,1,61.363076923076925,0,0,0.58
CUST_02399,18,Month-to-month,2184.2,3,15,1,1,0,121.34444444444443,1,1,0.732
CUST_02400,34,One year,2147.18,1,7,0,1,0,63.15235294117647,0,0,0.258
CUST_02401,57,Month-to-month,2581.87,2,17,1,0,1,45.2959649122807,0,1,0.574
CUST_02402,64,Month-to-month,1992.74,3,18,0,1,1,31.1365625,1,1,0.653
CUST_02403,60,Month-to-month,2798.74,1,23,0,1,0,46.64566666666666,0,1,0.441
CUST_02404,3,Month-to-month,1124.33,0,21,0,0,1,374.77666666666664,0,1,0.605
CUST_02405,36,Month-to-month,2004.45,2,29,0,0,1,55.67916666666667,0,1,0.733
CUST_02406,37,One year,564.57,0,1,0,1,0,15.25864864864865,0,0,0.102
CUST_02407,33,Month-to-month,2387.85,3,15,0,1,1,72.35909090909091,1,1,0.735
CUST_02408,39,One year,799.03,3,27,0,0,0,20.48794871794872,1,0,0.253
CUST_02409,47,Month-to-month,543.14,2,18,0,0,0,11.556170212765958,0,1,0.354
CUST_02410,34,Month-to-month,1308.77,0,24,0,1,0,38.493235294117646,0,1,0.451
CUST_02411,10,Month-to-month,2190.52,2,3,0,1,1,219.052,0,1,0.656
CUST_02412,4,Two year,1163.5,2,25,0,1,1,290.875,0,0,0.612
CUST_02413,1,Month-to-month,1950.87,3,27,0,0,1,1950.87,1,1,0.908
CUST_02414,68,Month-to-month,1225.05,2,1,0,0,0,18.01544117647059,0,1,0.367
CUST_02415,37,Month-to-month,1633.8,0,0,1,1,1,44.15675675675676,0,1,0.428
CUST_02416,68,Month-to-month,2829.65,2,23,0,1,1,41.612500000000004,0,1,0.519
CUST_02417,48,Month-to-month,1179.5,0,4,0,0,0,24.572916666666668,0,1,0.276
CUST_02418,13,Month-to-month,1301.93,0,9,0,0,0,100.14846153846155,0,1,0.418
CUST_02419,62,One year,1817.32,4,13,0,1,1,29.311612903225804,1,0,0.43
CUST_02420,40,Month-to-month,975.28,3,20,0,0,0,24.381999999999998,1,1,0.561
CUST_02421,46,One year,383.91,0,0,1,1,0,8.345869565217392,0,0,0.134
CUST_02422,27,Month-to-month,570.62,1,28,0,1,1,21.134074074074075,0,1,0.504
CUST_02423,4,Two year,1669.08,0,27,1,1,1,417.27,0,0,0.588
CUST_02424,8,One year,808.78,2,26,1,1,1,101.0975,0,0,0.623
CUST_02425,4,Month-to-month,633.52,2,21,1,1,0,158.38,0,1,0.668
CUST_02426,26,Month-to-month,2058.39,0,8,0,1,1,79.16884615384615,0,1,0.471
CUST_02427,60,Two year,2925.02,3,6,0,0,1,48.75033333333333,1,0,0.583
CUST_02428,54,Month-to-month,2735.49,1,14,1,1,0,50.65722222222222,0,1,0.426
CUST_02429,54,Two year,459.92,1,24,0,1,0,8.517037037037037,0,0,0.1
CUST_02430,22,Month-to-month,470.87,2,23,1,1,0,21.403181818181817,0,1,0.455
CUST_02431,41,Month-to-month,483.54,1,3,1,1,0,11.793658536585367,0,1,0.297
CUST_02432,67,Month-to-month,2623.55,0,5,0,1,0,39.157462686567165,0,1,0.259
CUST_02433,42,Month-to-month,1895.58,2,10,0,1,0,45.13285714285714,0,1,0.356
CUST_02434,52,Month-to-month,1344.39,4,16,0,1,0,25.853653846153847,1,1,0.487
CUST_02435,64,Two year,941.86,3,26,1,1,0,14.7165625,1,0,0.202
CUST_02436,66,Month-to-month,2359.13,0,12,1,1,0,35.744393939393944,0,1,0.289
CUST_02437,54,One year,1506.1,1,25,0,1,1,27.89074074074074,0,0,0.267
CUST_02438,61,Month-to-month,1833.56,1,11,0,1,0,30.058360655737705,0,1,0.337
CUST_02439,57,Month-to-month,776.36,0,13,0,1,0,13.620350877192983,0,1,0.234
CUST_02440,53,Month-to-month,1536.36,1,12,0,0,0,28.987924528301885,0,1,0.353
CUST_02441,43,Month-to-month,1823.9,0,8,0,1,0,42.41627906976744,0,1,0.25
CUST_02442,70,One year,2226.38,1,24,0,1,0,31.805428571428575,0,0,0.266
CUST_02443,62,Month-to-month,1367.02,1,18,0,0,1,22.048709677419353,0,1,0.438
CUST_02444,41,Month-to-month,459.6,3,4,0,0,1,11.209756097560977,1,1,0.616
CUST_02445,41,One year,1022.52,1,13,0,0,0,24.93951219512195,0,0,0.242
CUST_02446,8,Month-to-month,1389.95,0,6,0,1,1,173.74375,0,1,0.406
CUST_02447,53,One year,2830.17,1,14,0,1,0,53.399433962264155,0,0,0.323
CUST_02448,24,Month-to-month,2258.83,3,2,0,1,1,94.11791666666666,1,1,0.754
CUST_02449,55,Month-to-month,2666.0,2,21,0,1,1,48.472727272727276,0,1,0.484
CUST_02450,27,One year,762.96,2,19,0,1,0,28.25777777777778,0,0,0.216
CUST_02451,13,One year,2541.47,2,2,0,1,0,195.4976923076923,0,0,0.215
CUST_02452,63,Two year,2616.71,1,15,0,1,0,41.53507936507937,0,0,0.216
CUST_02453,3,Month-to-month,929.02,0,29,0,1,1,309.67333333333335,0,1,0.695
CUST_02454,49,Month-to-month,2248.82,1,13,1,0,0,45.894285714285715,0,1,0.458
CUST_02455,51,Month-to-month,2960.3,2,13,0,0,1,58.04509803921569,0,1,0.718
CUST_02456,33,Month-to-month,1880.52,3,18,0,1,0,56.985454545454544,1,1,0.592
CUST_02457,32,One year,1460.27,3,17,0,0,0,45.6334375,1,0,0.462
CUST_02458,23,Month-to-month,359.39,0,26,0,1,0,15.625652173913043,0,1,0.327
CUST_02459,68,Two year,2524.4,1,17,1,0,0,37.12352941176471,0,0,0.323
CUST_02460,59,Two year,2615.65,3,7,0,0,1,44.33305084745763,1,0,0.368
CUST_02461,56,Two year,2812.71,2,2,0,1,0,50.22696428571429,0,0,0.287
CUST_02462,29,Month-to-month,2054.8,2,22,0,1,1,70.85517241379311,0,1,0.715
CUST_02463,61,Month-to-month,1941.04,3,24,0,1,1,31.82032786885246,1,1,0.65
CUST_02464,57,One year,2172.06,1,29,1,0,1,38.10631578947368,0,0,0.482
CUST_02465,27,One year,2445.88,2,11,0,0,0,90.58814814814815,0,0,0.456
CUST_02466,32,Month-to-month,1986.55,0,22,0,0,0,62.0796875,0,1,0.559
CUST_02467,56,One year,673.92,0,24,0,0,1,12.034285714285714,0,0,0.235
CUST_02468,47,One year,2950.71,2,18,0,0,1,62.781063829787236,0,0,0.596
CUST_02469,53,Two year,2064.32,2,14,0,1,0,38.94943396226415,0,0,0.21
CUST_02470,65,One year,904.95,2,18,0,0,1,13.922307692307694,0,0,0.185
CUST_02471,34,One year,1815.18,0,2,0,0,1,53.38764705882353,0,0,0.35
CUST_02472,46,One year,1412.6,1,5,0,1,0,30.708695652173912,0,0,0.109
CUST_02473,62,Month-to-month,1645.42,0,5,0,1,1,26.539032258064516,0,1,0.29
CUST_02474,63,Month-to-month,547.49,1,17,1,0,0,8.69031746031746,0,1,0.286
CUST_02475,61,Month-to-month,1239.92,0,24,1,0,0,20.32655737704918,0,1,0.542
CUST_02476,36,Two year,2007.23,3,26,0,0,1,55.75638888888889,1,0,0.525
CUST_02477,42,One year,2405.43,4,17,1,1,0,57.27214285714285,1,0,0.45
CUST_02478,14,Month-to-month,2625.4,0,23,0,0,0,187.52857142857144,0,1,0.614
CUST_02479,40,One year,2082.79,0,12,0,1,0,52.06975,0,0,0.26
CUST_02480,12,One year,1287.51,3,12,1,1,1,107.2925,1,0,0.581
CUST_02481,32,One year,727.23,2,10,0,0,0,22.7259375,0,0,0.129
CUST_02482,9,Month-to-month,1668.9,2,9,0,1,1,185.43333333333334,0,1,0.605
CUST_02483,10,Month-to-month,1328.69,1,8,1,0,1,132.869,0,1,0.645
CUST_02484,23,Month-to-month,575.52,1,15,0,0,0,25.022608695652174,0,1,0.43
CUST_02485,45,Two year,1295.69,3,26,1,0,0,28.793111111111113,1,0,0.321
CUST_02486,4,Month-to-month,2304.0,1,27,0,0,1,576.0,0,1,0.896
CUST_02487,15,Month-to-month,577.38,1,18,0,0,0,38.492,0,1,0.445
CUST_02488,12,Two year,2105.18,3,1,0,1,0,175.43166666666664,1,0,0.351
CUST_02489,28,Month-to-month,954.92,2,28,0,0,0,34.104285714285716,0,1,0.593
CUST_02490,28,Two year,2768.97,1,20,0,0,0,98.8917857142857,0,0,0.552
CUST_02491,69,One year,1090.19,2,26,0,0,0,15.79985507246377,0,0,0.343
CUST_02492,59,Month-to-month,1859.6,2,10,0,0,0,31.518644067796608,0,1,0.378
CUST_02493,23,One year,1061.79,0,18,0,1,1,46.16478260869565,0,0,0.435
CUST_02494,33,Month-to-month,2882.13,1,15,0,0,1,87.33727272727273,0,1,0.724
CUST_02495,13,One year,2275.04,0,21,0,1,1,175.00307692307692,0,0,0.499
CUST_02496,67,Month-to-month,990.23,1,15,1,0,1,14.779552238805971,0,1,0.434
CUST_02497,19,Month-to-month,2644.98,1,1,1,0,1,139.20947368421054,0,1,0.727
CUST_02498,26,Two year,1587.43,5,17,0,1,0,61.055,1,0,0.573
CUST_02499,10,Month-to-month,1816.86,2,2,0,0,0,181.68599999999998,0,1,0.685
CUST_02500,68,Month-to-month,925.99,1,19,0,1,1,13.6175,0,1,0.328
CUST_02501,44,One year,2173.98,1,4,0,1,0,49.40863636363636,0,0,0.185
CUST_02502,68,Month-to-month,2124.97,4,13,0,0,1,31.24955882352941,1,1,0.735
CUST_02503,62,Month-to-month,967.39,0,17,1,1,0,15.603064516129033,0,1,0.295
CUST_02504,62,One year,333.2,2,29,0,1,0,5.374193548387097,0,0,0.21
CUST_02505,10,One year,537.42,1,2,0,0,0,53.742,0,0,0.182
CUST_02506,44,One year,1511.26,1,11,1,0,0,34.34681818181818,0,0,0.238
CUST_02507,8,Month-to-month,603.97,2,8,0,0,1,75.49625,0,1,0.664
CUST_02508,17,One year,2972.08,3,27,0,1,1,174.82823529411763,1,0,0.702
CUST_02509,34,Month-to-month,2681.84,2,15,0,1,0,78.87764705882353,0,1,0.616
CUST_02510,37,Two year,1952.37,4,1,0,1,1,52.766756756756756,1,0,0.534
CUST_02511,50,Two year,1980.93,3,20,0,0,0,39.6186,1,0,0.435
CUST_02512,42,Month-to-month,2612.46,1,6,0,1,0,62.20142857142857,0,1,0.432
CUST_02513,63,One year,513.0,3,4,1,0,0,8.142857142857142,1,0,0.068
CUST_02514,34,Month-to-month,2358.45,1,27,1,1,1,69.36617647058823,0,1,0.705
CUST_02515,25,Month-to-month,2325.68,1,2,0,1,1,93.0272,0,1,0.628
CUST_02516,63,Two year,948.86,0,5,0,1,0,15.06126984126984,0,0,0.065
CUST_02517,64,Month-to-month,405.87,0,5,1,1,0,6.34171875,0,1,0.146
CUST_02518,30,Month-to-month,1983.88,7,9,0,1,1,66.12933333333334,1,1,0.742
CUST_02519,20,Month-to-month,1070.57,0,5,1,1,0,53.528499999999994,0,1,0.334
CUST_02520,3,Two year,1682.86,0,24,1,0,0,560.9533333333333,0,0,0.468
CUST_02521,20,Month-to-month,2258.41,0,23,0,1,1,112.92049999999999,0,1,0.627
CUST_02522,3,Month-to-month,1438.73,0,27,1,0,0,479.57666666666665,0,1,0.509
CUST_02523,47,Month-to-month,643.63,5,25,0,1,1,13.694255319148937,1,1,0.696
CUST_02524,34,Month-to-month,2701.16,3,27,0,1,1,79.44588235294117,1,1,0.798
CUST_02525,68,Month-to-month,1103.01,2,1,0,1,1,16.220735294117645,0,1,0.347
CUST_02526,70,One year,2081.84,2,12,0,0,1,29.74057142857143,0,0,0.397
CUST_02527,63,Month-to-month,2571.69,3,5,1,1,0,40.82047619047619,1,1,0.378
CUST_02528,40,Two year,1386.63,0,26,0,0,0,34.66575,0,0,0.382
CUST_02529,39,One year,1890.44,2,6,1,1,1,48.47282051282051,0,0,0.308
CUST_02530,30,Month-to-month,2095.76,0,9,0,1,1,69.85866666666668,0,1,0.486
CUST_02531,22,Month-to-month,2080.62,2,1,0,1,1,94.57363636363635,0,1,0.644
CUST_02532,44,Month-to-month,2360.36,0,27,0,0,0,53.64454545454546,0,1,0.573
CUST_02533,34,Month-to-month,1104.3,1,5,1,1,1,32.47941176470588,0,1,0.476
CUST_02534,61,One year,2823.3,2,14,0,0,1,46.283606557377055,0,0,0.445
CUST_02535,32,One year,2603.2,3,28,0,1,1,81.35,1,0,0.737
CUST_02536,25,One year,593.4,1,9,0,0,0,23.736,0,0,0.2
CUST_02537,33,Month-to-month,1727.55,3,10,0,1,1,52.35,1,1,0.627
CUST_02538,57,Month-to-month,1896.66,3,26,0,1,1,33.27473684210526,1,1,0.64
CUST_02539,21,Month-to-month,646.75,4,17,0,0,1,30.797619047619047,1,1,0.804
CUST_02540,5,One year,2627.53,0,6,0,1,0,525.5060000000001,0,0,0.27
CUST_02541,51,One year,2689.09,1,17,0,1,0,52.727254901960784,0,0,0.275
CUST_02542,28,Month-to-month,678.26,3,13,0,1,1,24.22357142857143,1,1,0.634
CUST_02543,25,Month-to-month,2056.56,0,18,1,1,1,82.2624,0,1,0.667
CUST_02544,28,Month-to-month,1001.9,2,20,0,1,0,35.78214285714286,0,1,0.485
CUST_02545,41,Month-to-month,1096.22,1,2,0,1,1,26.73707317073171,0,1,0.413
CUST_02546,35,Two year,395.18,2,6,1,0,0,11.290857142857144,0,0,0.096
CUST_02547,1,Month-to-month,1355.9,0,12,1,1,1,1355.9,0,1,0.481
CUST_02548,38,Two year,1059.04,0,19,0,1,0,27.869473684210526,0,0,0.192
CUST_02549,61,Two year,2608.42,0,4,0,0,0,42.76098360655738,0,0,0.151
CUST_02550,22,Month-to-month,766.81,1,12,0,1,0,34.855,0,1,0.462
CUST_02551,66,Month-to-month,722.09,1,0,0,1,1,10.940757575757576,0,1,0.228
CUST_02552,11,Month-to-month,500.69,0,20,0,1,0,45.517272727272726,0,1,0.404
CUST_02553,52,Month-to-month,1455.17,3,0,0,0,1,27.984038461538464,1,1,0.517
CUST_02554,65,Month-to-month,1853.29,1,2,0,1,0,28.512153846153847,0,1,0.265
CUST_02555,60,Month-to-month,1097.81,2,6,0,1,0,18.296833333333332,0,1,0.273
CUST_02556,45,Month-to-month,1241.91,2,4,0,0,0,27.598000000000003,0,1,0.343
CUST_02557,22,Month-to-month,397.77,2,7,0,1,0,18.080454545454543,0,1,0.306
CUST_02558,6,Month-to-month,2719.11,2,27,0,1,1,453.185,0,1,0.82
CUST_02559,47,Two year,2781.24,1,19,0,1,1,59.17531914893617,0,0,0.526
CUST_02560,47,Two year,2601.18,1,21,0,0,0,55.344255319148935,0,0,0.422
CUST_02561,17,Month-to-month,966.36,0,23,0,0,1,56.84470588235294,0,1,0.738
CUST_02562,7,Month-to-month,1694.11,1,14,0,1,1,242.01571428571427,0,1,0.708
CUST_02563,59,Month-to-month,2189.35,2,2,0,1,0,37.10762711864407,0,1,0.322
CUST_02564,31,Month-to-month,2412.41,1,20,0,0,1,77.81967741935483,0,1,0.741
CUST_02565,34,One year,431.8,3,29,0,0,1,12.700000000000001,1,0,0.6
CUST_02566,6,Month-to-month,1743.1,1,17,0,0,1,290.51666666666665,0,1,0.787
CUST_02567,71,Month-to-month,1991.13,0,12,0,0,0,28.044084507042253,0,1,0.358
CUST_02568,70,Month-to-month,1290.12,1,29,0,0,0,18.430285714285713,0,1,0.451
CUST_02569,65,Month-to-month,1117.24,6,8,0,1,0,17.188307692307692,1,1,0.278
CUST_02570,30,One year,2013.25,0,21,0,0,1,67.10833333333333,0,0,0.522
CUST_02571,14,Two year,2019.31,2,7,0,0,0,144.23642857142858,0,0,0.4
CUST_02572,46,Month-to-month,926.23,2,18,0,0,0,20.135434782608694,0,1,0.462
CUST_02573,63,One year,1986.57,3,2,0,1,0,31.532857142857143,1,0,0.221
CUST_02574,49,One year,2797.29,2,19,0,1,1,57.08755102040816,0,0,0.529
CUST_02575,30,Month-to-month,1867.1,2,13,0,0,1,62.236666666666665,0,1,0.698
CUST_02576,2,Month-to-month,1800.76,1,11,1,1,1,900.38,0,1,0.752
CUST_02577,21,One year,1991.55,3,7,0,0,0,94.83571428571429,1,0,0.501
CUST_02578,69,Month-to-month,1064.58,1,2,0,0,0,15.428695652173912,0,1,0.305
CUST_02579,23,Month-to-month,2661.64,0,29,0,1,1,115.72347826086956,0,1,0.588
CUST_02580,12,One year,1586.9,2,16,1,1,1,132.24166666666667,0,0,0.485
CUST_02581,41,Two year,2593.93,2,1,0,1,0,63.26658536585366,0,0,0.198
CUST_02582,3,Month-to-month,1026.22,0,8,0,1,0,342.0733333333333,0,1,0.415
CUST_02583,47,One year,2824.88,0,28,0,1,0,60.10382978723405,0,0,0.454
CUST_02584,33,One year,2476.52,0,29,0,0,1,75.0460606060606,0,0,0.643
CUST_02585,61,Two year,2359.84,1,22,0,1,0,38.685901639344266,0,0,0.241
CUST_02586,36,Month-to-month,300.46,1,18,1,0,0,8.34611111111111,0,1,0.239
CUST_02587,2,One year,1799.55,6,9,0,1,1,899.775,1,0,0.685
CUST_02588,66,Two year,604.43,0,2,0,1,0,9.158030303030301,0,0,0.052
CUST_02589,1,Two year,2212.21,1,2,0,1,0,2212.21,0,0,0.301
CUST_02590,43,Month-to-month,2823.25,3,9,0,1,1,65.65697674418605,1,1,0.755
CUST_02591,18,Month-to-month,2520.36,1,3,0,0,1,140.02,0,1,0.728
CUST_02592,60,Month-to-month,2409.21,2,0,1,1,0,40.1535,0,1,0.328
CUST_02593,54,One year,1549.94,1,10,0,1,0,28.702592592592595,0,0,0.149
CUST_02594,26,Two year,1695.13,1,6,1,0,0,65.1973076923077,0,0,0.326
CUST_02595,8,Month-to-month,1576.97,0,10,0,1,0,197.12125,0,1,0.42
CUST_02596,37,One year,2228.18,0,27,0,1,0,60.221081081081074,0,0,0.319
CUST_02597,33,Month-to-month,1617.23,0,26,0,0,0,49.0069696969697,0,1,0.663
CUST_02598,37,Month-to-month,1438.41,3,1,0,1,1,38.87594594594595,1,1,0.607
CUST_02599,33,Month-to-month,1728.98,4,29,0,0,0,52.39333333333333,1,1,0.599
CUST_02600,21,Month-to-month,1562.47,2,6,0,1,0,74.40333333333334,0,1,0.589
CUST_02601,21,One year,594.57,2,2,0,0,0,28.312857142857144,0,0,0.156
CUST_02602,38,Month-to-month,730.38,0,7,0,1,0,19.220526315789474,0,1,0.287
CUST_02603,28,Month-to-month,479.54,0,24,0,0,1,17.126428571428573,0,1,0.588
CUST_02604,5,Month-to-month,2033.11,2,13,0,1,1,406.62199999999996,0,1,0.793
CUST_02605,45,Month-to-month,1746.85,0,24,0,0,1,38.818888888888885,0,1,0.618
CUST_02606,42,One year,2414.05,2,2,0,1,0,57.477380952380955,0,0,0.166
CUST_02607,11,Month-to-month,1914.82,1,0,0,1,1,174.07454545454544,0,1,0.565
CUST_02608,3,One year,2197.46,2,21,1,1,0,732.4866666666667,0,0,0.526
CUST_02609,58,One year,1809.31,2,5,1,1,0,31.195,0,0,0.108
CUST_02610,13,Two year,2898.18,1,29,0,0,1,222.93692307692305,0,0,0.696
CUST_02611,2,Two year,1667.39,2,23,0,0,0,833.695,0,0,0.687
CUST_02612,65,Two year,2858.48,2,17,0,1,0,43.976615384615386,0,0,0.298
CUST_02613,63,Month-to-month,1927.41,2,17,0,1,1,30.593809523809526,0,1,0.481
CUST_02614,56,One year,693.86,4,6,0,1,1,12.390357142857143,1,0,0.302
CUST_02615,63,Month-to-month,1700.53,0,1,0,0,0,26.992539682539682,0,1,0.239
CUST_02616,22,Two year,1195.65,2,14,0,0,0,54.347727272727276,0,0,0.396
CUST_02617,66,Month-to-month,1324.49,0,5,0,0,0,20.0680303030303,0,1,0.266
CUST_02618,47,One year,516.22,4,28,0,1,0,10.983404255319149,1,0,0.373
CUST_02619,30,Month-to-month,2134.88,2,27,0,0,1,71.16266666666667,0,1,0.79
CUST_02620,22,Month-to-month,485.84,2,27,0,1,1,22.083636363636362,0,1,0.516
CUST_02621,6,Month-to-month,2278.08,0,11,0,1,0,379.68,0,1,0.551
CUST_02622,13,Two year,2717.75,1,13,1,0,0,209.05769230769232,0,0,0.54
CUST_02623,55,Month-to-month,2808.91,2,7,0,1,0,51.071090909090906,0,1,0.499
CUST_02624,27,Month-to-month,803.06,1,27,0,1,0,29.74296296296296,0,1,0.504
CUST_02625,16,Month-to-month,1339.02,1,12,1,0,0,83.68875,0,1,0.611
CUST_02626,3,Month-to-month,1839.09,1,22,0,1,0,613.03,0,1,0.76
CUST_02627,3,Month-to-month,1415.22,1,25,0,0,0,471.74,0,1,0.707
CUST_02628,32,One year,585.25,0,6,1,1,0,18.2890625,0,0,0.075
CUST_02629,17,Two year,1217.89,1,7,0,0,1,71.64058823529412,0,0,0.339
CUST_02630,10,Two year,1606.55,1,6,0,0,1,160.655,0,0,0.361
CUST_02631,2,One year,1579.21,1,20,0,0,0,789.605,0,0,0.558
CUST_02632,38,Two year,475.74,1,20,0,1,0,12.519473684210526,0,0,0.143
CUST_02633,33,Month-to-month,2056.71,3,18,0,1,0,62.32454545454546,1,1,0.599
CUST_02634,42,Month-to-month,1212.13,1,13,1,1,0,28.8602380952381,0,1,0.368
CUST_02635,10,One year,2333.01,2,24,0,1,1,233.30100000000002,0,0,0.561
CUST_02636,56,Month-to-month,1669.08,5,27,0,0,1,29.805,1,1,0.887
CUST_02637,44,Two year,2104.36,2,9,0,0,0,47.82636363636364,0,0,0.246
CUST_02638,69,Month-to-month,2928.5,2,6,1,0,1,42.44202898550725,0,1,0.673
CUST_02639,45,One year,2034.15,1,23,1,1,1,45.20333333333333,0,0,0.346
CUST_02640,49,Month-to-month,2004.55,2,17,0,0,1,40.909183673469386,0,1,0.556
CUST_02641,13,Month-to-month,1902.17,1,5,0,1,0,146.32076923076923,0,1,0.56
CUST_02642,56,Month-to-month,2958.85,2,3,1,0,0,52.83660714285714,0,1,0.534
CUST_02643,21,Month-to-month,843.5,0,9,0,0,0,40.166666666666664,0,1,0.401
CUST_02644,56,Two year,1331.94,3,22,1,0,0,23.78464285714286,1,0,0.217
CUST_02645,19,One year,1408.18,1,7,0,0,0,74.11473684210527,0,0,0.3
CUST_02646,59,One year,415.94,1,2,0,0,0,7.049830508474576,0,0,0.084
CUST_02647,4,Two year,1405.66,2,15,0,1,1,351.415,0,0,0.457
CUST_02648,48,Month-to-month,2079.06,1,19,0,0,1,43.31375,0,1,0.534
CUST_02649,48,Month-to-month,2903.4,1,27,0,1,0,60.487500000000004,0,1,0.623
CUST_02650,45,Month-to-month,1635.94,2,27,1,0,1,36.354222222222226,0,1,0.682
CUST_02651,28,One year,2276.33,2,14,0,1,0,81.2975,0,0,0.422
CUST_02652,64,Month-to-month,1853.12,3,8,0,0,1,28.955,1,1,0.496
CUST_02653,66,Month-to-month,966.93,1,14,0,1,0,14.650454545454545,0,1,0.328
CUST_02654,50,Month-to-month,1669.08,3,24,0,1,0,33.3816,1,1,0.58
CUST_02655,22,One year,954.78,2,11,0,1,0,43.39909090909091,0,0,0.299
CUST_02656,63,Month-to-month,2221.44,1,20,0,0,1,35.26095238095238,0,1,0.545
CUST_02657,11,Month-to-month,2082.84,2,20,0,0,1,189.34909090909093,0,1,0.813
CUST_02658,54,Month-to-month,1123.83,0,29,0,1,1,20.811666666666664,0,1,0.438
CUST_02659,59,Two year,1160.35,0,18,0,1,0,19.666949152542372,0,0,0.134
CUST_02660,9,Month-to-month,1827.3,2,14,0,1,1,203.03333333333333,0,1,0.731
CUST_02661,16,Month-to-month,1891.56,2,2,0,0,1,118.2225,0,1,0.696
CUST_02662,58,Month-to-month,2162.94,1,24,0,0,1,37.292068965517245,0,1,0.574
CUST_02663,46,Two year,867.36,1,7,0,0,0,18.855652173913043,0,0,0.111
CUST_02664,57,One year,1307.77,1,8,0,1,0,22.94333333333333,0,0,0.08
CUST_02665,45,Two year,776.01,5,14,0,0,0,17.244666666666667,1,0,0.139
CUST_02666,29,Month-to-month,882.69,2,4,0,0,1,30.437586206896555,0,1,0.571
CUST_02667,52,One year,2193.56,3,14,0,0,0,42.183846153846154,1,0,0.365
CUST_02668,43,One year,2240.52,2,23,0,1,0,52.10511627906977,0,0,0.335
CUST_02669,65,Two year,2638.89,2,24,0,0,1,40.59830769230769,0,0,0.471
CUST_02670,28,One year,672.12,1,7,1,0,1,24.004285714285714,0,0,0.297
CUST_02671,67,One year,2817.43,2,18,0,0,1,42.05119402985074,0,0,0.435
CUST_02672,71,Two year,2710.19,2,23,0,0,0,38.17169014084507,0,0,0.438
CUST_02673,44,Month-to-month,722.45,0,3,0,1,0,16.419318181818184,0,1,0.25
CUST_02674,29,Month-to-month,2542.29,0,17,1,0,0,87.6651724137931,0,1,0.581
CUST_02675,48,Two year,1953.75,1,7,0,0,0,40.703125,0,0,0.149
CUST_02676,49,Month-to-month,2197.34,1,3,1,0,1,44.84367346938776,0,1,0.43
CUST_02677,35,Month-to-month,347.35,2,14,0,0,0,9.924285714285714,0,1,0.226
CUST_02678,34,Month-to-month,396.72,3,15,0,1,1,11.668235294117649,1,1,0.611
CUST_02679,14,One year,1441.17,1,29,0,0,0,102.9407142857143,0,0,0.632
CUST_02680,44,Month-to-month,973.93,1,8,1,0,0,22.134772727272725,0,1,0.316
CUST_02681,35,Month-to-month,937.57,1,12,0,1,1,26.787714285714287,0,1,0.471
CUST_02682,10,One year,1572.47,0,8,0,0,0,157.247,0,0,0.288
CUST_02683,66,Month-to-month,2792.02,2,12,1,1,0,42.303333333333335,0,1,0.453
CUST_02684,10,One year,1961.93,0,29,0,0,1,196.193,0,0,0.681
CUST_02685,69,Two year,2842.58,2,25,0,0,1,41.1968115942029,0,0,0.564
CUST_02686,21,Month-to-month,531.96,0,18,0,1,0,25.331428571428575,0,1,0.371
CUST_02687,10,One year,2834.92,0,21,0,1,0,283.492,0,0,0.467
CUST_02688,21,Two year,994.33,2,18,0,1,1,47.349047619047624,0,0,0.485
CUST_02689,63,Two year,2054.26,0,24,1,0,0,32.60730158730159,0,0,0.407
CUST_02690,48,Month-to-month,2721.88,0,6,0,0,1,56.70583333333334,0,1,0.596
CUST_02691,40,Month-to-month,2958.36,2,13,0,1,1,73.959,0,1,0.774
CUST_02692,27,Two year,2604.84,0,21,0,0,0,96.47555555555556,0,0,0.381
CUST_02693,53,Month-to-month,2100.15,4,15,0,1,1,39.62547169811321,1,1,0.757
CUST_02694,56,One year,962.9,1,27,0,1,1,17.194642857142856,0,0,0.232
CUST_02695,20,One year,1391.43,1,7,0,0,0,69.5715,0,0,0.268
CUST_02696,27,One year,2179.87,3,9,0,0,0,80.73592592592593,1,0,0.471
CUST_02697,68,One year,1885.09,1,14,0,1,0,27.72191176470588,0,0,0.203
CUST_02698,53,Month-to-month,1511.04,0,19,1,1,0,28.51018867924528,0,1,0.3
CUST_02699,20,Month-to-month,1330.43,0,21,0,1,0,66.5215,0,1,0.532
CUST_02700,35,Month-to-month,405.78,0,5,0,0,1,11.593714285714285,0,1,0.381
CUST_02701,22,Month-to-month,2737.63,2,12,0,1,1,124.43772727272727,0,1,0.751
CUST_02702,25,Month-to-month,597.61,0,22,0,0,0,23.9044,0,1,0.477
CUST_02703,33,Month-to-month,801.67,3,3,0,1,1,24.293030303030303,1,1,0.599
CUST_02704,11,Month-to-month,333.34,2,7,0,0,1,30.30363636363636,0,1,0.611
CUST_02705,71,One year,673.54,0,10,1,0,0,9.486478873239436,0,0,0.091
CUST_02706,29,Month-to-month,1304.61,2,11,0,0,1,44.986551724137925,0,1,0.545
CUST_02707,16,Month-to-month,2954.97,2,7,0,1,1,184.685625,0,1,0.679
CUST_02708,27,Two year,2727.15,1,28,1,0,1,101.00555555555556,0,0,0.64
CUST_02709,24,One year,1536.67,3,10,0,0,1,64.02791666666667,1,0,0.533
CUST_02710,4,Month-to-month,994.65,2,7,0,1,1,248.6625,0,1,0.693
CUST_02711,38,Month-to-month,1718.07,2,21,0,1,1,45.21236842105263,0,1,0.551
CUST_02712,45,Month-to-month,803.83,1,1,1,1,0,17.86288888888889,0,1,0.279
CUST_02713,54,Two year,1505.14,0,10,1,1,1,27.872962962962966,0,0,0.22
CUST_02714,7,One year,2604.93,1,0,0,1,0,372.1328571428571,0,0,0.245
CUST_02715,66,One year,1920.24,4,27,0,0,1,29.094545454545454,1,0,0.721
CUST_02716,20,Month-to-month,2399.8,0,20,1,1,1,119.99000000000001,0,1,0.637
CUST_02717,27,Month-to-month,1699.85,0,4,0,0,0,62.9574074074074,0,1,0.393
CUST_02718,23,Month-to-month,1966.88,0,18,0,0,0,85.51652173913044,0,1,0.61
CUST_02719,14,Month-to-month,908.4,2,9,0,1,1,64.88571428571429,0,1,0.604
CUST_02720,60,Month-to-month,1032.79,0,24,0,1,0,17.213166666666666,0,1,0.373
CUST_02721,70,One year,670.23,2,10,0,0,0,9.574714285714286,0,0,0.108
CUST_02722,26,One year,1215.77,1,29,0,0,1,46.760384615384616,0,0,0.582
CUST_02723,51,Month-to-month,2688.65,1,1,0,0,0,52.71862745098039,0,1,0.541
CUST_02724,1,One year,2731.92,0,11,0,0,1,2731.92,0,0,0.549
CUST_02725,50,Month-to-month,2181.88,2,26,0,1,0,43.6376,0,1,0.479
CUST_02726,36,Month-to-month,1159.95,1,10,0,0,0,32.22083333333333,0,1,0.453
CUST_02727,37,One year,400.16,1,29,0,1,0,10.815135135135137,0,0,0.245
CUST_02728,16,Month-to-month,1529.65,1,2,1,0,1,95.603125,0,1,0.656
CUST_02729,5,One year,2936.81,1,3,0,1,0,587.362,0,0,0.318
CUST_02730,11,One year,2761.47,3,19,0,1,0,251.04272727272726,1,0,0.472
CUST_02731,51,Month-to-month,2711.66,3,0,0,0,1,53.16980392156862,1,1,0.709
CUST_02732,65,Month-to-month,877.13,4,5,0,1,0,13.494307692307693,1,1,0.358
CUST_02733,47,Month-to-month,674.89,3,27,0,1,0,14.359361702127659,1,1,0.48
CUST_02734,7,Month-to-month,682.63,2,27,0,0,1,97.51857142857143,0,1,0.83
CUST_02735,27,Month-to-month,1910.77,1,28,0,0,1,70.76925925925926,0,1,0.778
CUST_02736,15,Month-to-month,1347.58,2,22,0,0,0,89.83866666666667,0,1,0.808
CUST_02737,58,Month-to-month,824.76,1,24,0,1,0,14.22,0,1,0.45
CUST_02738,8,Month-to-month,2011.99,1,17,1,1,0,251.49875,0,1,0.663
CUST_02739,24,Month-to-month,2665.19,1,5,0,0,1,111.04958333333333,0,1,0.692
CUST_02740,17,Two year,2368.5,0,0,0,0,0,139.3235294117647,0,0,0.225
CUST_02741,12,Two year,333.54,2,16,0,0,0,27.795,0,0,0.216
CUST_02742,3,Month-to-month,2927.88,3,7,0,1,1,975.96,1,1,0.76
CUST_02743,51,Month-to-month,1917.14,1,6,0,1,1,37.590980392156865,0,1,0.324
CUST_02744,36,One year,1764.38,2,14,1,0,0,49.010555555555555,0,0,0.354
CUST_02745,41,Month-to-month,1145.38,1,3,0,1,0,27.93609756097561,0,1,0.377
CUST_02746,55,Two year,383.93,3,16,1,1,0,6.980545454545455,1,0,0.13
CUST_02747,8,Two year,2544.47,2,5,1,0,0,318.05875,0,0,0.346
CUST_02748,32,Month-to-month,575.26,4,18,0,1,0,17.976875,1,1,0.432
CUST_02749,61,Two year,2302.7,1,20,0,1,0,37.74918032786885,0,0,0.223
CUST_02750,46,Month-to-month,2205.35,3,27,0,0,1,47.94239130434782,1,1,0.717
CUST_02751,36,Month-to-month,2392.68,5,1,1,0,0,66.46333333333332,1,1,0.566
CUST_02752,59,Month-to-month,2630.0,1,6,0,1,0,44.57627118644068,0,1,0.331
CUST_02753,10,One year,1435.26,3,14,0,1,1,143.526,1,0,0.531
CUST_02754,44,Month-to-month,1679.65,1,27,0,1,0,38.17386363636364,0,1,0.426
CUST_02755,62,Month-to-month,541.78,3,12,0,1,1,8.738387096774193,1,1,0.468
CUST_02756,11,Month-to-month,2932.49,2,18,0,0,1,266.59,0,1,0.766
CUST_02757,45,Month-to-month,2393.06,0,8,0,1,0,53.17911111111111,0,1,0.415
CUST_02758,58,Month-to-month,841.2,3,11,0,1,1,14.50344827586207,1,1,0.502
CUST_02759,50,Two year,1982.46,1,28,0,0,0,39.6492,0,0,0.375
CUST_02760,70,One year,2223.53,4,12,0,1,1,31.764714285714287,1,0,0.522
CUST_02761,59,Month-to-month,2595.34,1,6,0,1,0,43.98881355932204,0,1,0.329
CUST_02762,71,Month-to-month,555.44,2,15,0,1,0,7.8230985915492965,0,1,0.305
CUST_02763,49,Month-to-month,1360.05,1,21,0,1,0,27.756122448979593,0,1,0.389
CUST_02764,16,One year,664.8,2,24,1,0,0,41.55,0,0,0.325
CUST_02765,62,Month-to-month,2401.25,0,20,0,1,0,38.729838709677416,0,1,0.378
CUST_02766,61,Month-to-month,2275.73,1,22,1,0,1,37.307049180327866,0,1,0.607
CUST_02767,40,Month-to-month,1380.65,1,17,0,1,0,34.51625,0,1,0.408
CUST_02768,18,Month-to-month,908.44,4,4,0,1,1,50.46888888888889,1,1,0.695
CUST_02769,33,Month-to-month,2790.57,5,4,0,1,0,84.56272727272727,1,1,0.707
CUST_02770,21,One year,856.35,2,27,0,1,1,40.77857142857143,0,0,0.532
CUST_02771,14,Month-to-month,420.74,2,24,0,1,1,30.052857142857142,0,1,0.624
CUST_02772,29,One year,2209.76,2,4,0,1,0,76.19862068965519,0,0,0.282
CUST_02773,20,One year,2191.85,2,2,0,1,0,109.5925,0,0,0.237
CUST_02774,48,One year,2694.5,3,26,0,0,0,56.135416666666664,1,0,0.46
CUST_02775,55,Month-to-month,1860.84,2,28,0,0,0,33.83345454545454,0,1,0.611
CUST_02776,26,Month-to-month,1869.72,2,21,1,0,1,71.91230769230769,0,1,0.789
CUST_02777,57,Two year,1391.84,2,22,0,1,0,24.418245614035087,0,0,0.232
CUST_02778,20,Two year,2371.78,2,21,0,0,1,118.58900000000001,0,0,0.593
CUST_02779,46,Two year,1669.08,0,29,0,0,0,36.28434782608696,0,0,0.344
CUST_02780,24,Month-to-month,2795.44,0,4,0,1,0,116.47666666666667,0,1,0.373
CUST_02781,41,Two year,2521.05,2,24,0,1,1,61.489024390243905,0,0,0.448
CUST_02782,3,One year,493.52,1,12,0,1,0,164.50666666666666,0,0,0.26
CUST_02783,49,Month-to-month,2439.7,1,11,0,1,1,49.789795918367346,0,1,0.357
CUST_02784,42,Month-to-month,2717.08,1,18,0,1,1,64.69238095238094,0,1,0.564
CUST_02785,18,Month-to-month,1883.7,2,29,0,0,1,104.65,0,1,0.837
CUST_02786,46,Two year,2448.24,1,29,0,0,0,53.22260869565217,0,0,0.363
CUST_02787,48,Month-to-month,1984.38,0,27,1,0,1,41.34125,0,1,0.675
CUST_02788,32,Month-to-month,1364.64,2,5,0,1,0,42.645,0,1,0.404
CUST_02789,68,Two year,1298.95,3,29,0,1,1,19.10220588235294,1,0,0.277
CUST_02790,69,Two year,1776.28,2,5,0,1,0,25.743188405797103,0,0,0.18
CUST_02791,50,Two year,1828.23,2,3,0,0,0,36.5646,0,0,0.149
CUST_02792,55,One year,489.86,1,19,0,1,0,8.906545454545455,0,0,0.095
CUST_02793,34,Month-to-month,483.24,2,2,0,1,0,14.212941176470588,0,1,0.297
CUST_02794,25,Month-to-month,1341.29,1,9,0,0,0,53.6516,0,1,0.589
CUST_02795,51,Month-to-month,669.99,2,0,0,0,1,13.137058823529411,0,1,0.348
CUST_02796,42,Month-to-month,333.08,0,19,0,1,0,7.93047619047619,0,1,0.242
CUST_02797,40,Month-to-month,1426.25,0,19,1,1,0,35.65625,0,1,0.361
CUST_02798,37,Month-to-month,531.2,2,24,0,0,1,14.356756756756758,0,1,0.566
CUST_02799,6,One year,2661.77,2,4,1,1,0,443.62833333333333,0,0,0.259
CUST_02800,14,Two year,1496.56,2,23,0,1,1,106.89714285714285,0,0,0.601
CUST_02801,52,Month-to-month,2842.96,1,4,0,0,1,54.67230769230769,0,1,0.629
CUST_02802,27,Month-to-month,1873.59,1,10,0,0,0,69.39222222222222,0,1,0.576
CUST_02803,65,One year,2404.24,1,19,0,0,0,36.988307692307686,0,0,0.344
CUST_02804,48,Month-to-month,550.34,2,6,0,1,1,11.465416666666668,0,1,0.346
CUST_02805,63,Two year,870.76,4,21,1,0,0,13.821587301587302,1,0,0.211
CUST_02806,26,Month-to-month,2672.72,3,16,0,0,1,102.79692307692306,1,1,0.759
CUST_02807,59,Month-to-month,2250.8,2,20,0,1,0,38.14915254237288,0,1,0.453
CUST_02808,12,One year,2500.42,2,4,0,0,1,208.36833333333334,0,0,0.378
CUST_02809,49,Month-to-month,2018.44,3,22,0,0,0,41.19265306122449,1,1,0.624
CUST_02810,27,Month-to-month,1546.49,0,11,0,0,0,57.27740740740741,0,1,0.516
CUST_02811,23,One year,752.58,0,2,1,0,0,32.72086956521739,0,0,0.172
CUST_02812,15,Two year,2234.73,1,21,0,0,1,148.982,0,0,0.559
CUST_02813,55,Month-to-month,1669.08,0,27,0,0,1,30.34690909090909,0,1,0.587
CUST_02814,23,One year,1280.51,0,9,0,0,0,55.67434782608696,0,0,0.259
CUST_02815,3,Month-to-month,783.36,0,7,0,1,1,261.12,0,1,0.496
CUST_02816,5,Two year,2068.45,0,6,0,1,0,413.68999999999994,0,0,0.268
CUST_02817,16,Two year,1905.23,1,14,0,0,0,119.076875,0,0,0.482
CUST_02818,38,Month-to-month,2196.6,1,24,0,0,1,57.805263157894736,0,1,0.688
CUST_02819,23,Month-to-month,2344.23,1,28,1,1,1,101.92304347826087,0,1,0.813
CUST_02820,30,Month-to-month,558.55,1,8,0,1,0,18.618333333333332,0,1,0.321
CUST_02821,10,Month-to-month,2042.87,1,21,1,1,0,204.28699999999998,0,1,0.698
CUST_02822,20,One year,1443.13,0,24,1,0,1,72.15650000000001,0,0,0.557
CUST_02823,43,One year,1003.36,2,1,0,1,0,23.333953488372092,0,0,0.121
CUST_02824,48,Two year,868.95,1,13,0,0,1,18.103125000000002,0,0,0.175
CUST_02825,13,Month-to-month,1790.71,0,21,0,1,0,137.74692307692308,0,1,0.6
CUST_02826,64,One year,1340.29,1,16,1,0,0,20.94203125,0,0,0.204
CUST_02827,45,Month-to-month,1971.24,3,24,0,1,0,43.80533333333334,1,1,0.626
CUST_02828,28,Month-to-month,1022.74,3,15,0,1,0,36.526428571428575,1,1,0.573
CUST_02829,25,Month-to-month,1671.16,0,8,0,1,0,66.8464,0,1,0.368
CUST_02830,23,Month-to-month,2795.44,4,19,0,1,1,121.54086956521739,1,1,0.804
CUST_02831,48,Two year,1159.64,3,1,0,1,1,24.159166666666668,1,0,0.262
CUST_02832,53,Two year,1958.99,1,6,0,1,0,36.962075471698114,0,0,0.093
CUST_02833,59,One year,1332.24,2,23,0,1,0,22.580338983050847,0,0,0.191
CUST_02834,55,One year,1656.01,1,4,1,1,0,30.109272727272728,0,0,0.1
CUST_02835,14,One year,747.17,2,29,0,0,0,53.36928571428571,0,0,0.481
CUST_02836,20,One year,2357.15,2,15,0,0,1,117.8575,0,0,0.553
CUST_02837,36,Month-to-month,1812.71,0,4,0,1,0,50.35305555555556,0,1,0.308
CUST_02838,29,Month-to-month,1594.83,3,26,0,0,1,54.99413793103448,1,1,0.804
CUST_02839,21,Month-to-month,753.48,0,1,0,0,1,35.88,0,1,0.425
CUST_02840,9,One year,2036.86,1,11,1,0,1,226.31777777777776,0,0,0.499
CUST_02841,28,Month-to-month,898.3,2,17,0,1,1,32.082142857142856,0,1,0.555
CUST_02842,56,Month-to-month,2014.52,2,22,0,0,0,35.973571428571425,0,1,0.597
CUST_02843,69,Two year,1701.2,2,7,1,0,0,24.655072463768118,0,0,0.204
CUST_02844,38,One year,955.29,2,22,0,0,0,25.13921052631579,0,0,0.285
CUST_02845,34,Month-to-month,2849.02,3,13,0,0,1,83.79470588235294,1,1,0.742
CUST_02846,63,Two year,2376.41,1,13,0,1,0,37.720793650793645,0,0,0.171
CUST_02847,66,Month-to-month,2708.74,0,16,1,0,0,41.04151515151515,0,1,0.432
CUST_02848,32,Month-to-month,2279.7,0,10,0,1,0,71.240625,0,1,0.42
CUST_02849,60,Month-to-month,762.07,1,5,0,0,0,12.701166666666667,0,1,0.307
CUST_02850,23,Two year,621.06,3,25,1,1,1,27.00260869565217,1,0,0.492
CUST_02851,3,Two year,523.3,3,24,0,1,1,174.4333333333333,1,0,0.633
CUST_02852,64,Two year,329.7,2,12,0,1,1,5.1515625,0,0,0.103
CUST_02853,40,One year,2634.47,1,22,0,1,0,65.86175,0,0,0.355
CUST_02854,1,One year,1669.08,2,0,0,0,0,1669.08,0,0,0.309
CUST_02855,5,Month-to-month,1612.98,1,4,1,0,1,322.596,0,1,0.736
CUST_02856,31,Month-to-month,869.52,0,16,0,0,1,28.049032258064514,0,1,0.585
CUST_02857,21,Two year,1539.79,2,10,0,0,0,73.32333333333334,0,0,0.415
CUST_02858,39,Month-to-month,1922.65,0,9,0,1,0,49.29871794871795,0,1,0.33
CUST_02859,11,Month-to-month,441.84,1,22,0,0,1,40.167272727272724,0,1,0.611
CUST_02860,29,Month-to-month,2735.03,0,18,0,1,1,94.31137931034483,0,1,0.617
CUST_02861,19,One year,2461.8,0,16,1,0,1,129.56842105263158,0,0,0.451
CUST_02862,53,Two year,2647.54,2,12,0,0,0,49.95358490566038,0,0,0.278
CUST_02863,6,One year,2117.5,2,15,0,1,1,352.9166666666667,0,0,0.429
CUST_02864,56,Two year,988.83,2,10,0,0,0,17.657678571428573,0,0,0.118
CUST_02865,43,Month-to-month,1348.07,1,11,0,1,1,31.350465116279068,0,1,0.344
CUST_02866,52,One year,887.8,4,21,0,0,0,17.073076923076922,1,0,0.198
CUST_02867,16,One year,2354.43,1,18,0,0,0,147.151875,0,0,0.531
CUST_02868,24,Month-to-month,2523.12,4,7,1,0,1,105.13,1,1,0.795
CUST_02869,69,One year,1119.3,1,13,0,0,1,16.22173913043478,0,0,0.29
CUST_02870,37,Month-to-month,1752.13,1,11,0,1,1,47.354864864864865,0,1,0.471
CUST_02871,50,Month-to-month,1621.55,2,23,1,0,1,32.431,0,1,0.656
CUST_02872,13,Month-to-month,1879.45,0,26,0,0,1,144.57307692307694,0,1,0.689
CUST_02873,36,Two year,300.85,2,19,0,1,0,8.356944444444444,0,0,0.182
CUST_02874,5,One year,1827.84,3,8,0,1,0,365.568,1,0,0.403
CUST_02875,47,Month-to-month,1775.02,0,7,0,0,0,37.766382978723406,0,1,0.322
CUST_02876,4,Two year,1718.21,2,12,0,1,1,429.5525,0,0,0.47
CUST_02877,39,Month-to-month,2142.66,7,15,0,1,1,54.94,1,1,0.784
CUST_02878,56,Month-to-month,745.61,2,14,1,1,0,13.314464285714285,0,1,0.303
CUST_02879,4,One year,2332.72,2,18,0,1,1,583.18,0,0,0.498
CUST_02880,39,Two year,1677.38,1,24,0,1,0,43.00974358974359,0,0,0.228
CUST_02881,40,Two year,2740.34,3,23,1,0,1,68.5085,1,0,0.758
CUST_02882,38,Month-to-month,403.11,0,15,0,1,0,10.608157894736843,0,1,0.211
CUST_02883,54,Month-to-month,362.99,0,13,0,0,0,6.722037037037037,0,1,0.239
CUST_02884,49,Month-to-month,2850.49,1,8,1,1,0,58.173265306122445,0,1,0.471
CUST_02885,32,Month-to-month,1669.08,2,22,0,1,1,52.15875,0,1,0.59
CUST_02886,49,Month-to-month,1669.08,3,29,0,1,1,34.06285714285714,1,1,0.614
CUST_02887,59,Month-to-month,1022.18,3,8,0,0,0,17.325084745762712,1,1,0.308
CUST_02888,46,One year,377.84,1,0,0,1,1,8.21391304347826,0,0,0.288
CUST_02889,68,Two year,382.43,2,23,1,0,0,5.623970588235294,0,0,0.137
CUST_02890,35,Month-to-month,2769.93,0,21,0,0,0,79.14085714285714,0,1,0.464
CUST_02891,71,Two year,572.87,1,0,0,0,0,8.068591549295775,0,0,0.133
CUST_02892,55,One year,1426.42,1,18,0,1,1,25.93490909090909,0,0,0.238
CUST_02893,45,Two year,1143.95,1,25,0,1,0,25.421111111111113,0,0,0.227
CUST_02894,12,One year,2299.37,3,8,1,1,1,191.61416666666665,1,0,0.634
CUST_02895,48,Month-to-month,1516.02,2,21,0,1,1,31.58375,0,1,0.421
CUST_02896,46,One year,1927.4,2,7,1,0,0,41.9,0,0,0.184
CUST_02897,12,Two year,320.53,1,14,0,1,0,26.71083333333333,0,0,0.277
CUST_02898,24,One year,415.83,0,21,1,0,0,17.326249999999998,0,0,0.187
CUST_02899,27,Month-to-month,2193.77,0,17,0,1,1,81.25074074074074,0,1,0.623
CUST_02900,9,One year,2120.3,2,15,1,1,0,235.5888888888889,0,0,0.415
CUST_02901,38,Month-to-month,2795.9,1,8,0,0,0,73.57631578947368,0,1,0.614
CUST_02902,50,Month-to-month,2163.23,2,6,0,0,1,43.2646,0,1,0.416
CUST_02903,13,Month-to-month,1359.26,1,16,1,1,0,104.55846153846154,0,1,0.605
CUST_02904,63,Month-to-month,1899.47,1,10,0,1,1,30.15031746031746,0,1,0.319
CUST_02905,43,One year,1626.1,1,16,1,0,1,37.81627906976744,0,0,0.354
CUST_02906,10,One year,820.38,1,19,0,0,1,82.038,0,0,0.581
CUST_02907,33,Month-to-month,440.59,0,8,0,1,0,13.35121212121212,0,1,0.227
CUST_02908,7,Two year,1926.38,1,23,0,1,0,275.19714285714286,0,0,0.495
CUST_02909,63,One year,1838.23,0,3,0,1,0,29.17825396825397,0,0,0.101
CUST_02910,38,Month-to-month,1985.86,1,28,0,0,1,52.259473684210526,0,1,0.718
CUST_02911,13,One year,1669.08,0,7,0,0,1,128.39076923076922,0,0,0.343
CUST_02912,33,Month-to-month,321.76,3,0,0,0,1,9.75030303030303,1,1,0.632
CUST_02913,58,Two year,1967.25,0,7,0,0,0,33.918103448275865,0,0,0.135
CUST_02914,6,Two year,725.45,2,23,1,0,1,120.90833333333335,0,0,0.665
CUST_02915,70,Two year,2633.59,2,16,1,0,0,37.62271428571429,0,0,0.364
CUST_02916,18,Two year,674.83,2,24,0,0,0,37.49055555555556,0,0,0.346
CUST_02917,35,Month-to-month,2761.44,0,17,0,0,0,78.89828571428572,0,1,0.482
CUST_02918,38,Two year,873.36,1,25,0,0,0,22.98315789473684,0,0,0.234
CUST_02919,69,Month-to-month,995.24,3,2,1,1,0,14.423768115942028,1,1,0.36
CUST_02920,11,Month-to-month,2651.42,1,10,0,1,1,241.0381818181818,0,1,0.631
CUST_02921,55,Month-to-month,530.14,1,18,0,0,0,9.63890909090909,0,1,0.269
CUST_02922,41,One year,510.87,4,4,0,0,0,12.460243902439025,1,0,0.13
CUST_02923,52,Two year,2668.25,0,14,0,0,0,51.3125,0,0,0.329
CUST_02924,6,Month-to-month,1372.8,1,8,0,1,0,228.79999999999998,0,1,0.514
CUST_02925,51,One year,854.93,1,17,0,0,0,16.763333333333332,0,0,0.204
CUST_02926,47,Two year,1669.08,1,17,1,1,0,35.51234042553191,0,0,0.167
CUST_02927,23,Month-to-month,441.18,1,29,0,1,1,19.18173913043478,0,1,0.494
CUST_02928,45,Month-to-month,1087.78,5,8,0,1,0,24.172888888888888,1,1,0.4
CUST_02929,6,One year,2352.01,2,28,1,1,1,392.0016666666667,0,0,0.537
CUST_02930,54,One year,1115.3,5,9,1,0,0,20.6537037037037,1,0,0.18
CUST_02931,18,Month-to-month,981.3,4,6,0,1,1,54.516666666666666,1,1,0.648
CUST_02932,65,Month-to-month,600.08,1,2,0,0,1,9.232000000000001,0,1,0.338
CUST_02933,56,One year,1538.94,3,14,0,0,0,27.48107142857143,1,0,0.215
CUST_02934,67,One year,1938.31,3,23,0,0,1,28.93,1,0,0.562
CUST_02935,9,Two year,2267.64,0,7,0,0,0,251.95999999999998,0,0,0.325
CUST_02936,56,Month-to-month,654.02,0,26,0,1,0,11.678928571428571,0,1,0.326
CUST_02937,14,Month-to-month,1953.75,2,25,0,1,0,139.55357142857142,0,1,0.797
CUST_02938,42,One year,1981.09,2,10,0,0,0,47.16880952380952,0,0,0.28
CUST_02939,57,Two year,2861.87,4,16,1,1,0,50.208245614035086,1,0,0.297
CUST_02940,50,Month-to-month,970.82,0,10,0,1,0,19.4164,0,1,0.218
CUST_02941,70,Two year,2992.31,4,8,1,1,0,42.74728571428572,1,0,0.28
CUST_02942,39,Month-to-month,1516.43,1,27,0,1,0,38.882820512820516,0,1,0.453
CUST_02943,49,Two year,1678.65,3,6,0,1,0,34.25816326530612,1,0,0.191
CUST_02944,51,Month-to-month,1125.44,1,12,1,1,1,22.06745098039216,0,1,0.355
CUST_02945,43,Month-to-month,1675.62,0,21,1,1,0,38.96790697674418,0,1,0.422
CUST_02946,45,Month-to-month,2278.24,0,15,0,0,0,50.62755555555555,0,1,0.444
CUST_02947,55,Month-to-month,1857.04,1,25,0,1,1,33.76436363636363,0,1,0.469
CUST_02948,43,Month-to-month,2586.62,1,3,0,0,0,60.15395348837209,0,1,0.512
CUST_02949,69,Month-to-month,1134.93,2,25,0,0,0,16.448260869565217,0,1,0.483
CUST_02950,9,Month-to-month,2625.07,1,15,0,1,1,291.6744444444445,0,1,0.739
CUST_02951,1,Month-to-month,2885.66,3,21,0,0,1,2885.66,1,1,0.926
CUST_02952,55,One year,329.17,1,29,0,0,1,5.984909090909091,0,0,0.491
CUST_02953,9,Month-to-month,2037.98,1,26,0,0,1,226.44222222222223,0,1,0.836
CUST_02954,15,Month-to-month,662.71,1,21,0,0,0,44.18066666666667,0,1,0.505
CUST_02955,46,Month-to-month,920.8,0,11,0,1,1,20.017391304347825,0,1,0.303
CUST_02956,55,Two year,2541.5,0,17,0,0,0,46.20909090909091,0,0,0.355
CUST_02957,11,Month-to-month,1188.44,4,0,0,1,0,108.04,1,1,0.56
CUST_02958,67,One year,2029.1,2,28,0,1,1,30.28507462686567,0,0,0.329
CUST_02959,69,Month-to-month,846.13,0,18,0,1,0,12.262753623188406,0,1,0.21
CUST_02960,35,Month-to-month,669.16,1,15,0,0,0,19.11885714285714,0,1,0.394
CUST_02961,56,One year,1149.91,0,4,0,0,0,20.534107142857145,0,0,0.09
CUST_02962,51,One year,2763.13,1,1,0,0,0,54.17901960784314,0,0,0.239
CUST_02963,49,Month-to-month,1500.41,1,2,0,0,0,30.62061224489796,0,1,0.308
CUST_02964,2,Month-to-month,826.42,1,7,1,0,1,413.21,0,1,0.677
CUST_02965,13,Month-to-month,2114.85,1,18,0,0,1,162.68076923076922,0,1,0.799
CUST_02966,63,Two year,908.76,0,15,1,0,0,14.424761904761905,0,0,0.167
CUST_02967,49,One year,1992.1,1,20,0,0,0,40.655102040816324,0,0,0.354
CUST_02968,21,One year,2821.18,1,28,0,1,0,134.34190476190474,0,0,0.548
CUST_02969,54,One year,2722.22,3,10,0,0,0,50.41148148148148,1,0,0.338
CUST_02970,9,Two year,324.79,1,24,0,1,0,36.08777777777778,0,0,0.223
CUST_02971,35,One year,1520.24,1,4,0,1,0,43.435428571428574,0,0,0.158
CUST_02972,30,Month-to-month,2773.5,2,26,0,0,0,92.45,0,1,0.726
CUST_02973,26,Month-to-month,536.59,0,5,0,1,1,20.638076923076923,0,1,0.461
CUST_02974,13,One year,1498.9,2,28,0,0,1,115.30000000000001,0,0,0.71
CUST_02975,6,Month-to-month,2977.77,0,5,1,0,1,496.295,0,1,0.704
CUST_02976,23,Month-to-month,2512.0,0,12,1,0,1,109.21739130434783,0,1,0.652
CUST_02977,66,Month-to-month,724.77,0,24,0,1,0,10.981363636363636,0,1,0.261
CUST_02978,16,Two year,718.52,0,13,0,0,0,44.9075,0,0,0.259
CUST_02979,18,Two year,920.94,2,11,0,1,0,51.163333333333334,0,0,0.373
CUST_02980,66,Month-to-month,1470.99,1,18,0,1,0,22.287727272727274,0,1,0.355
CUST_02981,50,One year,2249.34,1,6,0,0,0,44.9868,0,0,0.165
CUST_02982,63,Month-to-month,2174.01,2,18,0,1,0,34.508095238095244,0,1,0.439
CUST_02983,29,Month-to-month,2709.25,1,17,0,0,0,93.42241379310344,0,1,0.678
CUST_02984,34,Month-to-month,488.25,1,7,0,0,1,14.360294117647058,0,1,0.404
CUST_02985,4,One year,1298.23,3,10,0,0,0,324.5575,1,0,0.387
CUST_02986,45,Month-to-month,1194.29,2,8,1,1,0,26.539777777777775,0,1,0.314
CUST_02987,12,Month-to-month,2037.99,3,18,0,1,1,169.8325,1,1,0.794
CUST_02988,17,Month-to-month,565.64,1,10,0,0,1,33.27294117647059,0,1,0.505
CUST_02989,62,Month-to-month,2018.66,1,19,1,1,1,32.55903225806452,0,1,0.426
CUST_02990,40,One year,1993.11,2,0,0,1,0,49.827749999999995,0,0,0.228
CUST_02991,25,One year,1190.47,3,25,0,0,1,47.6188,1,0,0.655
CUST_02992,60,Month-to-month,1284.03,1,15,1,1,1,21.4005,0,1,0.368
CUST_02993,62,Month-to-month,1447.65,2,2,0,1,1,23.3491935483871,0,1,0.339
CUST_02994,13,Month-to-month,1070.96,0,5,1,1,0,82.38153846153847,0,1,0.258
CUST_02995,70,Two year,1669.08,3,4,0,1,0,23.843999999999998,1,0,0.14
CUST_02996,32,Month-to-month,1890.48,0,13,0,0,1,59.0775,0,1,0.618
CUST_02997,60,Month-to-month,2636.84,0,21,0,1,1,43.94733333333333,0,1,0.43
CUST_02998,7,One year,691.59,1,29,1,0,0,98.79857142857144,0,0,0.618
CUST_02999,36,One year,1370.1,1,8,0,0,1,38.05833333333333,0,0,0.219
CUST_03000,6,Month-to-month,2477.11,0,1,0,0,1,412.8516666666667,0,1,0.613
CUST_03001,69,Month-to-month,2573.69,0,2,0,1,0,37.29985507246377,0,1,0.252
CUST_03002,19,Month-to-month,2774.33,1,4,0,0,1,146.01736842105262,0,1,0.749
CUST_03003,67,Two year,1472.0,5,20,0,0,1,21.970149253731343,1,0,0.345
CUST_03004,8,One year,658.25,2,19,0,1,0,82.28125,0,0,0.519
CUST_03005,51,Month-to-month,2283.38,2,28,0,1,1,44.7721568627451,0,1,0.496
CUST_03006,66,Month-to-month,2154.55,0,11,0,0,0,32.64469696969697,0,1,0.338
CUST_03007,23,One year,2005.61,1,2,0,0,0,87.2004347826087,0,0,0.271
CUST_03008,53,Month-to-month,1570.58,1,19,0,1,0,29.633584905660378,0,1,0.337
CUST_03009,2,One year,1468.03,2,9,0,1,0,734.015,0,0,0.391
CUST_03010,9,One year,2236.93,3,7,0,1,1,248.54777777777775,1,0,0.571
CUST_03011,29,One year,2060.23,3,23,1,1,1,71.04241379310345,1,0,0.682
CUST_03012,47,Month-to-month,1813.17,1,3,0,1,0,38.57808510638298,0,1,0.293
CUST_03013,34,One year,2331.74,2,26,1,1,0,68.58058823529412,0,0,0.446
CUST_03014,69,Month-to-month,1821.82,1,17,0,1,0,26.4031884057971,0,1,0.419
CUST_03015,42,One year,1202.21,1,12,0,0,0,28.62404761904762,0,0,0.235
CUST_03016,28,Two year,1900.27,1,18,0,0,0,67.86678571428571,0,0,0.462
CUST_03017,61,Month-to-month,1145.3,0,29,0,1,0,18.775409836065574,0,1,0.375
CUST_03018,23,Month-to-month,1324.42,4,10,0,1,1,57.58347826086957,1,1,0.668
CUST_03019,15,Month-to-month,2128.14,2,17,0,1,1,141.876,0,1,0.774
CUST_03020,50,Two year,2219.52,1,6,0,0,0,44.3904,0,0,0.155
CUST_03021,19,Month-to-month,1150.94,0,16,0,1,1,60.57578947368421,0,1,0.631
CUST_03022,68,Month-to-month,2794.52,1,23,0,0,1,41.095882352941175,0,1,0.505
CUST_03023,65,Month-to-month,1669.08,1,19,0,0,0,25.678153846153844,0,1,0.437
CUST_03024,43,Month-to-month,2423.56,3,26,0,1,1,56.36186046511628,1,1,0.744
CUST_03025,44,One year,797.24,0,5,1,1,0,18.11909090909091,0,0,0.08
CUST_03026,29,Month-to-month,678.1,1,11,0,1,0,23.382758620689657,0,1,0.378
CUST_03027,29,Month-to-month,745.14,0,12,0,0,0,25.69448275862069,0,1,0.395
CUST_03028,10,One year,1450.16,2,2,0,1,0,145.01600000000002,0,0,0.216
CUST_03029,48,Month-to-month,903.02,1,17,0,1,0,18.812916666666666,0,1,0.305
CUST_03030,18,One year,962.72,2,12,0,1,1,53.48444444444445,0,0,0.424
CUST_03031,16,One year,1669.08,3,10,0,1,1,104.3175,1,0,0.547
CUST_03032,15,One year,2514.39,2,26,0,0,0,167.626,0,0,0.587
CUST_03033,38,Month-to-month,799.39,2,19,1,0,1,21.036578947368422,0,1,0.513
CUST_03034,68,Month-to-month,1815.04,3,3,0,0,0,26.691764705882353,1,1,0.32
CUST_03035,69,One year,1942.58,1,26,0,1,0,28.153333333333332,0,0,0.28
CUST_03036,57,Two year,612.72,1,23,0,0,0,10.749473684210527,0,0,0.136
CUST_03037,45,Month-to-month,615.03,2,23,0,0,1,13.667333333333334,0,1,0.521
CUST_03038,1,Month-to-month,1074.01,3,8,0,0,0,1074.01,1,1,0.613
CUST_03039,13,Two year,2400.26,4,11,0,0,1,184.63538461538462,1,0,0.591
CUST_03040,2,Month-to-month,2466.87,1,29,0,1,1,1233.435,0,1,0.801
CUST_03041,50,Month-to-month,2935.54,2,9,0,1,1,58.7108,0,1,0.665
CUST_03042,6,Month-to-month,1691.88,5,13,0,1,1,281.98,1,1,0.832
CUST_03043,61,One year,1356.06,1,24,1,0,0,22.23049180327869,0,0,0.271
CUST_03044,25,Month-to-month,1588.07,2,13,0,0,1,63.5228,0,1,0.726
CUST_03045,32,One year,407.81,0,27,0,0,0,12.7440625,0,0,0.184
CUST_03046,44,One year,1248.82,1,21,0,1,0,28.382272727272724,0,0,0.246
CUST_03047,22,Two year,2645.77,1,13,0,1,0,120.26227272727273,0,0,0.394
CUST_03048,63,Month-to-month,2025.19,2,0,0,0,0,32.145873015873015,0,1,0.339
CUST_03049,14,Month-to-month,674.97,2,5,0,0,1,48.21214285714286,0,1,0.572
CUST_03050,29,Two year,2979.24,3,29,0,0,1,102.73241379310345,1,0,0.81
CUST_03051,32,Month-to-month,736.61,0,5,1,1,0,23.0190625,0,1,0.402
CUST_03052,12,Two year,2363.45,0,17,0,0,0,196.95416666666665,0,0,0.453
CUST_03053,13,Two year,2855.07,2,1,0,0,1,219.62076923076924,0,0,0.369
CUST_03054,66,Month-to-month,638.76,3,16,0,1,0,9.678181818181818,1,1,0.389
CUST_03055,26,Month-to-month,681.98,1,13,0,0,1,26.23,0,1,0.48
CUST_03056,41,Two year,1669.08,1,0,0,0,0,40.70926829268293,0,0,0.177
CUST_03057,67,One year,2786.91,0,12,0,0,0,41.59567164179104,0,0,0.293
CUST_03058,4,Month-to-month,1669.08,3,29,1,0,1,417.27,1,1,0.909
CUST_03059,61,Month-to-month,2980.15,2,3,0,1,0,48.854918032786884,0,1,0.389
CUST_03060,12,Month-to-month,2795.61,2,15,0,1,1,232.9675,0,1,0.761
CUST_03061,23,One year,2379.93,2,8,0,0,0,103.47521739130434,0,0,0.439
CUST_03062,69,One year,1671.53,3,1,0,0,0,24.225072463768115,1,0,0.197
CUST_03063,48,Two year,2477.2,2,3,0,0,1,51.60833333333333,0,0,0.26
CUST_03064,64,Month-to-month,1402.02,1,23,0,0,0,21.9065625,0,1,0.493
CUST_03065,58,Two year,1517.68,2,1,0,0,0,26.16689655172414,0,0,0.151
CUST_03066,51,Two year,2652.82,2,5,0,0,0,52.016078431372556,0,0,0.194
CUST_03067,45,Month-to-month,341.72,2,17,0,1,0,7.593777777777778,0,1,0.178
CUST_03068,4,Two year,2265.59,2,24,0,0,1,566.3975,0,0,0.634
CUST_03069,38,Month-to-month,897.69,2,20,1,1,1,23.62342105263158,0,1,0.465
CUST_03070,57,Month-to-month,2104.27,1,5,0,1,1,36.91701754385965,0,1,0.331
CUST_03071,31,Month-to-month,2352.89,2,4,0,1,0,75.89967741935483,0,1,0.603
CUST_03072,21,Two year,2316.43,4,28,0,1,1,110.30619047619047,1,0,0.804
CUST_03073,60,Two year,1430.99,3,12,0,1,0,23.849833333333333,1,0,0.142
CUST_03074,61,One year,2627.17,1,4,0,1,0,43.068360655737706,0,0,0.134
CUST_03075,63,Month-to-month,680.42,3,23,0,0,1,10.80031746031746,1,1,0.443
CUST_03076,3,Two year,2487.22,2,27,0,1,0,829.0733333333333,0,0,0.666
CUST_03077,6,Month-to-month,1831.47,3,24,1,0,1,305.245,1,1,0.894
CUST_03078,24,One year,2356.42,1,26,1,1,1,98.18416666666667,0,0,0.54
CUST_03079,65,Month-to-month,2218.32,2,21,1,0,1,34.128,0,1,0.589
CUST_03080,36,Month-to-month,1695.53,1,13,0,0,1,47.098055555555554,0,1,0.564
CUST_03081,32,Month-to-month,689.52,1,22,0,0,1,21.5475,0,1,0.511
CUST_03082,54,Month-to-month,1215.02,0,2,1,1,0,22.50037037037037,0,1,0.223
CUST_03083,66,Month-to-month,2432.0,1,6,0,0,1,36.84848484848485,0,1,0.379
CUST_03084,33,Month-to-month,493.17,2,1,1,1,0,14.944545454545455,0,1,0.332
CUST_03085,28,Month-to-month,2612.21,3,23,0,0,1,93.29321428571428,1,1,0.816
CUST_03086,33,Month-to-month,2385.72,0,8,0,0,0,72.29454545454544,0,1,0.441
CUST_03087,17,One year,1951.43,1,22,1,1,0,114.79,0,0,0.497
CUST_03088,63,Month-to-month,2147.83,3,11,1,0,1,34.09253968253968,1,1,0.535
CUST_03089,68,One year,2009.18,3,18,1,1,0,29.546764705882353,1,0,0.312
CUST_03090,19,One year,1869.58,5,27,1,1,0,98.39894736842105,1,0,0.714
CUST_03091,66,Month-to-month,2355.26,1,27,0,1,0,35.68575757575758,0,1,0.422
CUST_03092,24,Two year,2007.6,2,25,0,0,1,83.64999999999999,0,0,0.637
CUST_03093,10,One year,1669.08,2,29,0,1,0,166.908,0,0,0.603
CUST_03094,45,Month-to-month,587.22,2,4,0,1,0,13.049333333333333,0,1,0.295
CUST_03095,16,Two year,2610.82,0,5,0,0,1,163.17625,0,0,0.354
CUST_03096,33,Month-to-month,2600.68,1,28,1,0,1,78.80848484848484,0,1,0.776
CUST_03097,55,Month-to-month,2399.65,2,11,0,0,0,43.63,0,1,0.43
CUST_03098,32,One year,2548.32,1,29,0,1,0,79.635,0,0,0.447
CUST_03099,48,Month-to-month,1157.02,0,8,0,0,0,24.104583333333334,0,1,0.273
CUST_03100,17,Month-to-month,1326.89,1,12,0,0,1,78.05235294117648,0,1,0.655
CUST_03101,21,Month-to-month,2211.57,1,8,0,1,0,105.31285714285715,0,1,0.574
CUST_03102,30,Two year,2144.34,4,13,0,0,0,71.47800000000001,1,0,0.497
CUST_03103,32,One year,1257.14,4,8,0,1,1,39.285625,1,0,0.465
CUST_03104,8,One year,412.64,1,14,0,0,0,51.58,0,0,0.232
CUST_03105,3,Month-to-month,439.66,1,10,0,0,0,146.55333333333334,0,1,0.556
CUST_03106,38,Month-to-month,1829.37,2,3,0,0,0,48.14131578947368,0,1,0.497
CUST_03107,56,Month-to-month,1758.05,1,15,0,1,0,31.39375,0,1,0.348
CUST_03108,50,Month-to-month,1966.89,3,3,0,1,1,39.3378,1,1,0.491
CUST_03109,47,Month-to-month,1757.19,3,24,0,0,1,37.387021276595746,1,1,0.696
CUST_03110,15,One year,631.93,4,18,0,0,1,42.12866666666666,1,0,0.585
CUST_03111,21,Two year,1532.56,3,5,0,0,1,72.97904761904762,1,0,0.52
CUST_03112,13,Month-to-month,1645.96,0,21,0,1,1,126.6123076923077,0,1,0.617
CUST_03113,60,Month-to-month,1669.08,2,16,0,1,1,27.817999999999998,0,1,0.428
CUST_03114,48,One year,1739.74,1,29,0,1,0,36.24458333333333,0,0,0.253
CUST_03115,33,Month-to-month,2304.7,1,17,0,0,0,69.83939393939393,0,1,0.638
CUST_03116,64,Month-to-month,2872.63,1,0,0,1,0,44.88484375,0,1,0.345
CUST_03117,43,Two year,1849.01,3,5,0,0,0,43.00023255813954,1,0,0.197
CUST_03118,11,Month-to-month,907.02,4,1,0,1,1,82.45636363636363,1,1,0.679
CUST_03119,19,Two year,2075.81,2,18,0,0,0,109.25315789473684,0,0,0.529
CUST_03120,63,Two year,2370.33,0,18,1,1,0,37.62428571428571,0,0,0.194
CUST_03121,39,One year,1763.7,2,1,0,0,0,45.223076923076924,0,0,0.257
CUST_03122,64,Month-to-month,546.28,1,5,0,0,1,8.535625,0,1,0.355
CUST_03123,23,Two year,1195.86,3,16,0,0,0,51.99391304347826,1,0,0.545
CUST_03124,55,One year,2662.41,0,16,1,1,1,48.40745454545454,0,0,0.403
CUST_03125,11,Month-to-month,2498.84,1,0,0,0,1,227.16727272727275,0,1,0.737
CUST_03126,58,One year,2101.01,3,26,0,0,0,36.22431034482759,1,0,0.436
CUST_03127,52,One year,530.63,2,0,0,1,0,10.204423076923076,0,0,0.084
CUST_03128,22,Two year,2635.23,2,7,0,0,1,119.78318181818182,0,0,0.464
CUST_03129,35,Month-to-month,1611.58,2,8,0,0,0,46.04514285714286,0,1,0.437
CUST_03130,49,Month-to-month,2315.5,1,4,0,0,0,47.255102040816325,0,1,0.406
CUST_03131,60,Two year,770.56,4,14,0,1,0,12.842666666666666,1,0,0.196
CUST_03132,20,Two year,2626.57,0,1,1,1,0,131.32850000000002,0,0,0.183
CUST_03133,11,Two year,1888.58,1,19,1,0,0,171.6890909090909,0,0,0.502
CUST_03134,1,Two year,815.85,1,10,0,0,1,815.85,0,0,0.544
CUST_03135,68,Month-to-month,1484.93,3,0,1,0,1,21.837205882352944,1,1,0.499
CUST_03136,63,Month-to-month,1860.88,2,12,0,1,0,29.53777777777778,0,1,0.413
CUST_03137,14,One year,1654.0,0,5,0,1,0,118.14285714285714,0,0,0.231
CUST_03138,27,Month-to-month,1552.26,0,8,0,1,0,57.49111111111111,0,1,0.421
CUST_03139,50,Two year,1248.51,1,1,0,1,0,24.9702,0,0,0.114
CUST_03140,64,Month-to-month,578.73,0,21,0,0,0,9.04265625,0,1,0.25
CUST_03141,16,Month-to-month,918.46,1,19,0,0,1,57.40375,0,1,0.739
CUST_03142,32,Month-to-month,1111.58,3,27,0,1,1,34.736875,1,1,0.76
CUST_03143,33,One year,1796.6,1,7,0,1,0,54.44242424242424,0,0,0.227
CUST_03144,6,Month-to-month,1298.02,1,27,0,0,1,216.33666666666667,0,1,0.825
CUST_03145,4,Month-to-month,1002.75,1,14,0,0,1,250.6875,0,1,0.723
CUST_03146,57,Month-to-month,2241.68,2,12,0,0,1,39.32771929824561,0,1,0.451
CUST_03147,19,Two year,691.59,2,14,1,0,1,36.39947368421053,0,0,0.386
CUST_03148,53,One year,2314.22,3,21,1,0,1,43.66452830188679,1,0,0.52
CUST_03149,35,Month-to-month,1690.03,1,13,0,1,0,48.28657142857143,0,1,0.471
CUST_03150,69,One year,1017.52,5,16,0,0,0,14.746666666666666,1,0,0.188
CUST_03151,12,One year,786.31,1,9,0,1,0,65.52583333333332,0,0,0.234
CUST_03152,50,Month-to-month,865.0,1,14,1,1,1,17.3,0,1,0.316
CUST_03153,23,Month-to-month,2478.23,1,24,0,1,1,107.74913043478261,0,1,0.782
CUST_03154,66,Month-to-month,1562.21,1,26,1,1,1,23.669848484848487,0,1,0.469
CUST_03155,8,Month-to-month,538.55,2,18,1,1,1,67.31875,0,1,0.718
CUST_03156,40,Month-to-month,2338.81,0,16,0,0,1,58.47025,0,1,0.591
CUST_03157,46,Month-to-month,1583.61,1,21,0,1,1,34.42630434782608,0,1,0.418
CUST_03158,12,Month-to-month,1357.14,0,1,1,0,0,113.09500000000001,0,1,0.384
CUST_03159,22,One year,1376.62,1,24,0,0,0,62.57363636363636,0,0,0.486
CUST_03160,71,Month-to-month,1850.47,0,4,0,1,0,26.062957746478872,0,1,0.271
CUST_03161,45,One year,1523.21,0,9,1,1,0,33.849111111111114,0,0,0.133
CUST_03162,10,Month-to-month,744.27,0,12,0,0,0,74.42699999999999,0,1,0.45
CUST_03163,54,One year,1340.45,4,9,0,0,1,24.82314814814815,1,0,0.357
CUST_03164,40,Two year,2073.49,1,28,0,1,0,51.83725,0,0,0.269
CUST_03165,23,Month-to-month,1192.71,2,19,0,1,1,51.85695652173913,0,1,0.647
CUST_03166,5,Month-to-month,1669.08,0,19,0,1,0,333.816,0,1,0.611
CUST_03167,70,Month-to-month,2056.5,2,21,0,1,0,29.37857142857143,0,1,0.517
CUST_03168,25,Month-to-month,1631.59,0,22,0,0,0,65.2636,0,1,0.548
CUST_03169,42,Month-to-month,472.79,1,23,1,0,1,11.256904761904762,0,1,0.535
CUST_03170,8,Month-to-month,1733.95,0,12,1,1,0,216.74375,0,1,0.457
CUST_03171,37,One year,592.86,0,20,0,1,1,16.023243243243243,0,0,0.216
CUST_03172,3,One year,1972.62,0,22,0,1,1,657.54,0,0,0.601
CUST_03173,6,One year,1989.95,1,16,0,0,1,331.65833333333336,0,0,0.48
CUST_03174,68,Month-to-month,1221.89,0,11,0,0,0,17.968970588235294,0,1,0.325
CUST_03175,59,Two year,959.05,4,28,0,0,1,16.255084745762712,1,0,0.565
CUST_03176,43,Month-to-month,2640.29,2,10,0,0,1,61.402093023255816,0,1,0.658
CUST_03177,39,Month-to-month,2271.73,2,17,0,1,1,58.24948717948718,0,1,0.573
CUST_03178,15,Month-to-month,2467.96,0,27,0,1,1,164.53066666666666,0,1,0.693
CUST_03179,35,One year,1487.7,1,26,0,0,1,42.505714285714284,0,0,0.478
CUST_03180,19,Month-to-month,923.86,1,6,0,1,1,48.62421052631579,0,1,0.536
CUST_03181,19,Month-to-month,2441.45,0,17,0,1,0,128.4973684210526,0,1,0.631
CUST_03182,50,Month-to-month,2727.92,2,9,0,0,0,54.5584,0,1,0.65
CUST_03183,64,Two year,800.35,2,1,0,1,0,12.50546875,0,0,0.074
CUST_03184,15,Two year,975.75,0,17,0,0,1,65.05,0,0,0.396
CUST_03185,25,Month-to-month,658.71,1,24,0,1,1,26.3484,0,1,0.511
CUST_03186,2,One year,747.36,1,3,0,0,1,373.68,0,0,0.266
CUST_03187,35,Two year,2802.89,0,6,0,0,0,80.08257142857143,0,0,0.386
CUST_03188,59,Month-to-month,1640.75,1,11,0,1,0,27.809322033898304,0,1,0.332
CUST_03189,39,Month-to-month,2859.3,0,14,0,0,1,73.31538461538462,0,1,0.514
CUST_03190,43,Month-to-month,2126.25,0,24,0,1,0,49.44767441860465,0,1,0.391
CUST_03191,38,Month-to-month,2383.22,3,8,1,1,0,62.716315789473676,1,1,0.551
CUST_03192,26,One year,1730.0,0,29,1,1,0,66.53846153846153,0,0,0.404
CUST_03193,46,Two year,1643.68,2,5,0,1,0,35.73217391304348,0,0,0.12
CUST_03194,53,Month-to-month,1063.81,2,23,0,1,0,20.07188679245283,0,1,0.378
CUST_03195,16,Month-to-month,2627.7,1,8,1,0,1,164.23125,0,1,0.729
CUST_03196,11,Month-to-month,1191.25,3,19,0,0,1,108.29545454545455,1,1,0.842
CUST_03197,19,One year,2238.57,2,7,1,0,1,117.81947368421054,0,0,0.507
CUST_03198,49,One year,1844.25,3,12,0,1,0,37.63775510204081,1,0,0.273
CUST_03199,69,One year,2284.27,0,6,0,0,0,33.10536231884058,0,0,0.149
CUST_03200,27,Month-to-month,2445.63,3,25,0,0,1,90.5788888888889,1,1,0.826
CUST_03201,55,Month-to-month,779.31,4,6,0,0,1,14.169272727272727,1,1,0.482
CUST_03202,39,Two year,1669.08,1,19,0,1,0,42.79692307692307,0,0,0.197
CUST_03203,34,Month-to-month,1115.64,1,28,1,0,1,32.81294117647059,0,1,0.634
CUST_03204,48,Month-to-month,2966.86,2,23,0,0,1,61.809583333333336,0,1,0.719
CUST_03205,22,One year,2483.23,0,28,1,0,1,112.87409090909091,0,0,0.645
CUST_03206,65,One year,2643.82,0,4,0,0,0,40.67415384615385,0,0,0.146
CUST_03207,39,Two year,2321.56,1,1,0,0,1,59.52717948717949,0,0,0.314
CUST_03208,34,Month-to-month,2848.24,1,3,1,1,0,83.77176470588235,0,1,0.525
CUST_03209,12,Month-to-month,2026.13,1,0,1,1,1,168.84416666666667,0,1,0.571
CUST_03210,6,Month-to-month,2948.79,1,24,0,0,1,491.465,0,1,0.877
CUST_03211,50,Month-to-month,1211.16,2,15,0,0,0,24.223200000000002,0,1,0.42
CUST_03212,9,Month-to-month,2764.68,0,26,0,0,0,307.18666666666667,0,1,0.568
CUST_03213,20,Month-to-month,633.24,1,23,0,1,0,31.662,0,1,0.488
CUST_03214,45,Month-to-month,2315.65,3,3,1,1,1,51.45888888888889,1,1,0.637
CUST_03215,9,Month-to-month,1884.43,3,18,0,1,0,209.38111111111112,1,1,0.768
CUST_03216,42,One year,1636.93,1,4,0,0,0,38.97452380952381,0,0,0.176
CUST_03217,44,Month-to-month,979.46,0,13,0,1,0,22.260454545454547,0,1,0.283
CUST_03218,67,Month-to-month,2154.85,1,28,1,1,0,32.16194029850746,0,1,0.418
CUST_03219,35,Month-to-month,2265.78,3,6,0,1,1,64.73657142857144,1,1,0.739
CUST_03220,20,Month-to-month,2013.12,1,12,0,0,1,100.65599999999999,0,1,0.705
CUST_03221,69,Month-to-month,666.82,1,2,0,0,0,9.664057971014493,0,1,0.287
CUST_03222,62,Month-to-month,1669.08,2,28,0,1,0,26.92064516129032,0,1,0.406
CUST_03223,15,One year,722.78,1,15,0,0,0,48.18533333333333,0,0,0.35
CUST_03224,37,One year,2424.8,1,13,0,1,1,65.53513513513514,0,0,0.359
CUST_03225,5,One year,1166.25,2,27,0,1,0,233.25,0,0,0.624
CUST_03226,71,One year,1759.92,1,18,0,1,0,24.78760563380282,0,0,0.249
CUST_03227,28,One year,446.2,1,21,0,1,1,15.935714285714285,0,0,0.207
CUST_03228,20,One year,2000.46,1,17,0,1,0,100.023,0,0,0.416
CUST_03229,1,One year,788.04,1,28,0,0,1,788.04,0,0,0.724
CUST_03230,12,Month-to-month,2533.38,1,23,0,1,1,211.115,0,1,0.777
CUST_03231,60,Month-to-month,2956.15,0,7,0,0,1,49.26916666666667,0,1,0.673
CUST_03232,51,Two year,1813.7,1,27,0,1,0,35.562745098039215,0,0,0.219
CUST_03233,25,One year,1410.43,2,26,0,0,1,56.4172,0,0,0.571
CUST_03234,19,Month-to-month,1690.3,2,17,0,0,1,88.96315789473684,0,1,0.764
CUST_03235,6,Two year,2502.7,0,21,0,1,1,417.1166666666666,0,0,0.449
CUST_03236,41,Month-to-month,616.85,1,29,0,0,0,15.045121951219512,0,1,0.437
CUST_03237,10,Month-to-month,1964.95,4,2,0,0,0,196.495,1,1,0.708
CUST_03238,42,Month-to-month,738.66,1,18,1,1,0,17.587142857142858,0,1,0.325
CUST_03239,16,Two year,2402.19,2,3,1,1,1,150.136875,0,0,0.236
CUST_03240,66,One year,2678.79,1,22,0,0,0,40.58772727272727,0,0,0.448
CUST_03241,70,Month-to-month,1138.32,3,1,0,0,0,16.261714285714284,1,1,0.334
CUST_03242,53,Month-to-month,830.41,2,5,0,0,0,15.668113207547169,0,1,0.332
CUST_03243,71,Month-to-month,1001.65,2,13,0,0,0,14.107746478873239,0,1,0.466
CUST_03244,49,Month-to-month,1174.69,1,2,0,1,1,23.97326530612245,0,1,0.28
CUST_03245,47,Month-to-month,2314.02,0,10,0,0,1,49.234468085106386,0,1,0.439
CUST_03246,1,One year,1548.44,2,16,0,0,1,1548.44,0,0,0.59
CUST_03247,71,One year,2153.18,1,26,0,0,1,30.326478873239434,0,0,0.477
CUST_03248,60,One year,2533.77,2,0,0,0,0,42.2295,0,0,0.166
CUST_03249,60,Month-to-month,2790.67,2,5,0,1,1,46.51116666666667,0,1,0.404
CUST_03250,11,Two year,2124.12,1,21,0,0,0,193.10181818181817,0,0,0.529
CUST_03251,10,Two year,959.06,1,11,1,1,0,95.90599999999999,0,0,0.333
CUST_03252,1,Two year,1669.08,3,8,0,0,1,1669.08,1,0,0.546
CUST_03253,23,Two year,2183.57,2,26,0,0,0,94.93782608695653,0,0,0.584
CUST_03254,63,Month-to-month,2590.22,2,29,0,1,1,41.11460317460317,0,1,0.531
CUST_03255,30,Month-to-month,1849.73,1,26,0,0,0,61.657666666666664,0,1,0.738
CUST_03256,41,Two year,1675.66,0,8,1,0,0,40.86975609756098,0,0,0.171
CUST_03257,68,Month-to-month,810.35,0,13,1,1,0,11.916911764705883,0,1,0.202
CUST_03258,28,Month-to-month,1014.87,1,26,0,1,0,36.245357142857145,0,1,0.489
CUST_03259,65,Month-to-month,802.23,2,29,0,1,0,12.342,0,1,0.392
CUST_03260,15,Month-to-month,1409.01,1,7,0,0,0,93.934,0,1,0.586
CUST_03261,18,Two year,1594.94,0,4,0,0,0,88.60777777777778,0,0,0.229
CUST_03262,60,Two year,2862.65,0,18,0,0,0,47.71083333333333,0,0,0.41
CUST_03263,10,Two year,1006.19,1,23,0,1,0,100.619,0,0,0.487
CUST_03264,46,Month-to-month,1333.76,2,4,0,1,0,28.99478260869565,0,1,0.3
CUST_03265,37,One year,1633.78,1,28,0,0,0,44.156216216216215,0,0,0.368
CUST_03266,64,Month-to-month,2189.72,7,23,0,1,1,34.214375,1,1,0.9
CUST_03267,71,Month-to-month,1814.79,1,24,0,0,0,25.560422535211266,0,1,0.484
CUST_03268,67,Two year,2913.12,0,21,0,1,0,43.47940298507463,0,0,0.417
CUST_03269,61,Month-to-month,459.78,1,10,0,0,0,7.537377049180328,0,1,0.266
CUST_03270,27,Month-to-month,1994.77,0,7,0,0,1,73.88037037037037,0,1,0.516
CUST_03271,27,Month-to-month,675.65,4,8,0,1,1,25.024074074074072,1,1,0.702
CUST_03272,59,Two year,2010.04,0,26,0,1,0,34.068474576271186,0,0,0.225
CUST_03273,17,Month-to-month,1116.46,2,14,0,1,1,65.67411764705882,0,1,0.703
CUST_03274,18,One year,716.8,0,22,0,0,1,39.82222222222222,0,0,0.419
CUST_03275,16,Month-to-month,2782.8,1,0,0,0,1,173.925,0,1,0.765
CUST_03276,70,One year,2662.89,0,8,1,1,0,38.04128571428571,0,0,0.131
CUST_03277,45,Two year,865.82,0,12,0,0,0,19.240444444444446,0,0,0.154
CUST_03278,58,Two year,1254.31,1,16,0,0,0,21.62603448275862,0,0,0.206
CUST_03279,22,Two year,1726.06,3,16,0,0,0,78.45727272727272,1,0,0.541
CUST_03280,36,One year,2303.13,4,13,0,0,0,63.975833333333334,1,0,0.455
CUST_03281,23,Two year,833.26,2,16,0,1,0,36.22869565217391,0,0,0.307
CUST_03282,14,One year,2243.91,1,2,0,0,0,160.2792857142857,0,0,0.293
CUST_03283,55,Two year,2413.96,4,26,0,0,0,43.890181818181816,1,0,0.494
CUST_03284,1,One year,505.94,0,15,0,0,0,505.94,0,0,0.337
CUST_03285,39,Month-to-month,1410.36,1,18,0,1,1,36.16307692307692,0,1,0.417
CUST_03286,35,Two year,405.39,3,5,0,0,0,11.582571428571429,1,0,0.08
CUST_03287,45,Month-to-month,1617.41,2,5,0,1,0,35.94244444444445,0,1,0.303
CUST_03288,57,Two year,2209.35,1,19,0,0,0,38.76052631578947,0,0,0.338
CUST_03289,65,One year,2136.2,1,22,0,0,0,32.864615384615384,0,0,0.405
CUST_03290,41,One year,2104.68,0,28,1,0,1,51.33365853658536,0,0,0.521
CUST_03291,47,Month-to-month,327.67,2,10,0,1,0,6.971702127659575,0,1,0.159
CUST_03292,68,Month-to-month,944.18,2,16,0,0,1,13.885,0,1,0.501
CUST_03293,65,Two year,609.75,1,19,0,0,0,9.38076923076923,0,0,0.112
CUST_03294,19,Month-to-month,1265.64,2,28,0,1,1,66.61263157894737,0,1,0.774
CUST_03295,17,Month-to-month,362.61,1,20,0,0,0,21.330000000000002,0,1,0.284
CUST_03296,71,Two year,2539.93,2,9,0,0,0,35.77366197183098,0,0,0.271
CUST_03297,56,Month-to-month,1512.88,1,3,0,0,0,27.01571428571429,0,1,0.291
CUST_03298,26,One year,1477.18,2,10,0,1,0,56.81461538461539,0,0,0.321
CUST_03299,34,Month-to-month,1849.1,0,27,1,0,1,54.38529411764706,0,1,0.736
CUST_03300,20,Month-to-month,2546.54,1,5,0,1,1,127.327,0,1,0.645
CUST_03301,71,Month-to-month,1985.56,2,1,0,0,1,27.9656338028169,0,1,0.444
CUST_03302,36,Month-to-month,2517.67,1,0,0,0,1,69.93527777777778,0,1,0.575
CUST_03303,64,Two year,1525.17,0,6,0,1,0,23.83078125,0,0,0.075
CUST_03304,10,One year,946.77,3,26,0,0,0,94.67699999999999,1,0,0.583
CUST_03305,10,Month-to-month,2428.32,0,15,0,0,0,242.83200000000002,0,1,0.594
CUST_03306,17,Month-to-month,1616.05,1,18,0,1,1,95.06176470588235,0,1,0.729
CUST_03307,53,One year,466.77,0,3,0,1,0,8.806981132075471,0,0,0.062
CUST_03308,20,One year,672.24,3,27,0,0,1,33.612,1,0,0.621
CUST_03309,15,One year,2401.8,2,23,1,1,1,160.12,0,0,0.548
CUST_03310,1,Two year,311.32,0,25,0,1,1,311.32,0,0,0.619
CUST_03311,27,Month-to-month,2690.73,4,18,0,0,0,99.65666666666667,1,1,0.656
CUST_03312,10,Month-to-month,2112.41,3,19,0,1,1,211.24099999999999,1,1,0.831
CUST_03313,71,One year,2141.01,2,28,1,0,0,30.155070422535214,0,0,0.429
CUST_03314,36,One year,704.73,2,24,0,1,0,19.575833333333335,0,0,0.163
CUST_03315,64,Month-to-month,1839.31,1,20,0,0,1,28.73921875,0,1,0.558
CUST_03316,39,Month-to-month,1998.43,2,26,0,0,1,51.24179487179487,0,1,0.741
CUST_03317,68,Month-to-month,877.07,1,4,0,1,0,12.898088235294118,0,1,0.228
CUST_03318,12,One year,1676.35,0,21,0,1,0,139.69583333333333,0,0,0.406
CUST_03319,15,One year,1560.88,0,5,0,1,0,104.05866666666667,0,0,0.194
CUST_03320,57,Month-to-month,2827.16,2,22,0,0,0,49.59929824561403,0,1,0.501
CUST_03321,1,Two year,392.27,2,7,0,0,0,392.27,0,0,0.312
CUST_03322,26,One year,972.51,3,12,0,0,0,37.40423076923077,1,0,0.411
CUST_03323,51,Month-to-month,2811.3,0,6,0,1,0,55.12352941176471,0,1,0.423
CUST_03324,20,One year,1976.41,2,5,0,1,1,98.82050000000001,0,0,0.347
CUST_03325,9,Two year,1986.66,2,18,0,1,0,220.74,0,0,0.463
CUST_03326,65,Month-to-month,1160.74,0,8,0,1,0,17.85753846153846,0,1,0.211
CUST_03327,34,Month-to-month,1288.78,1,14,0,1,1,37.90529411764706,0,1,0.461
CUST_03328,20,Month-to-month,1500.53,1,24,0,1,0,75.0265,0,1,0.762
CUST_03329,57,One year,2790.75,0,5,0,0,1,48.96052631578947,0,0,0.396
CUST_03330,30,One year,1050.73,3,15,0,1,1,35.02433333333333,1,0,0.415
CUST_03331,9,Month-to-month,385.0,0,28,0,1,0,42.77777777777778,0,1,0.303
CUST_03332,44,Two year,1614.1,0,26,0,1,0,36.684090909090905,0,0,0.205
CUST_03333,54,Month-to-month,1049.7,1,13,1,0,0,19.43888888888889,0,1,0.374
CUST_03334,3,Month-to-month,1632.23,1,21,0,0,1,544.0766666666667,0,1,0.844
CUST_03335,45,Month-to-month,725.93,0,12,0,0,0,16.131777777777778,0,1,0.38
CUST_03336,38,One year,1050.14,0,24,1,0,1,27.63526315789474,0,0,0.356
CUST_03337,45,One year,1261.84,2,29,0,1,1,28.040888888888887,0,0,0.38
CUST_03338,69,Two year,2530.23,0,19,0,1,0,36.67,0,0,0.219
CUST_03339,47,One year,1193.73,0,15,0,0,0,25.39851063829787,0,0,0.233
CUST_03340,68,Month-to-month,2157.4,3,18,0,1,1,31.726470588235294,1,1,0.694
CUST_03341,45,Month-to-month,1370.98,0,2,0,1,0,30.46622222222222,0,1,0.209
CUST_03342,4,Month-to-month,699.08,2,13,0,1,1,174.77,0,1,0.746
CUST_03343,53,Two year,1280.78,1,29,0,0,0,24.16566037735849,0,0,0.354
CUST_03344,4,Month-to-month,920.24,3,3,0,1,1,230.06,1,1,0.675
CUST_03345,9,Month-to-month,309.44,2,16,0,0,0,34.382222222222225,0,1,0.392
CUST_03346,61,Two year,945.23,2,11,0,1,0,15.495573770491804,0,0,0.113
CUST_03347,3,Month-to-month,2271.02,3,15,0,1,1,757.0066666666667,1,1,0.881
CUST_03348,30,Month-to-month,1078.95,2,14,0,0,1,35.965,0,1,0.607
CUST_03349,61,One year,1424.91,1,6,0,0,0,23.359180327868852,0,0,0.112
CUST_03350,43,One year,771.04,1,19,0,0,0,17.931162790697673,0,0,0.217
CUST_03351,58,Two year,2561.6,1,2,0,0,0,44.165517241379305,0,0,0.171
CUST_03352,28,Month-to-month,810.51,4,0,0,0,1,28.946785714285713,1,1,0.748
CUST_03353,57,Two year,2988.24,0,7,0,0,1,52.42526315789473,0,0,0.452
CUST_03354,3,Month-to-month,2317.18,0,21,0,1,1,772.3933333333333,0,1,0.749
CUST_03355,49,Month-to-month,1058.72,2,6,0,1,0,21.6065306122449,0,1,0.29
CUST_03356,56,Month-to-month,2335.85,2,23,1,0,1,41.71160714285714,0,1,0.61
CUST_03357,17,One year,698.82,2,18,0,0,1,41.107058823529414,0,0,0.42
CUST_03358,51,Month-to-month,1448.39,4,9,0,0,1,28.39980392156863,1,1,0.607
CUST_03359,64,One year,1752.6,1,22,0,0,1,27.384375,0,0,0.428
CUST_03360,15,One year,1200.61,1,18,0,1,1,80.04066666666667,0,0,0.487
CUST_03361,64,One year,2470.03,3,27,0,1,1,38.59421875,1,0,0.544
CUST_03362,46,Month-to-month,1194.92,2,25,0,1,0,25.976521739130437,0,1,0.387
CUST_03363,30,Month-to-month,1932.95,4,2,0,1,1,64.43166666666667,1,1,0.696
CUST_03364,20,Two year,2808.79,0,10,0,0,0,140.4395,0,0,0.398
CUST_03365,46,One year,2868.1,0,9,1,1,0,62.35,0,0,0.292
CUST_03366,50,Month-to-month,870.75,1,28,0,1,0,17.415,0,1,0.393
CUST_03367,59,Month-to-month,2262.3,3,10,0,1,0,38.344067796610176,1,1,0.451
CUST_03368,55,Two year,1445.29,1,16,0,0,0,26.278,0,0,0.303
CUST_03369,9,Month-to-month,2924.48,2,26,0,1,0,324.9422222222222,0,1,0.696
CUST_03370,41,One year,724.23,2,16,0,0,0,17.664146341463415,0,0,0.19
CUST_03371,13,Two year,1186.67,1,3,1,0,1,91.2823076923077,0,0,0.335
CUST_03372,17,Month-to-month,2230.58,1,2,0,0,0,131.21058823529413,0,1,0.657
CUST_03373,22,One year,2999.36,4,19,0,0,1,136.33454545454546,1,0,0.799
CUST_03374,40,One year,2851.03,2,3,0,0,0,71.27575,0,0,0.3
CUST_03375,9,Month-to-month,2221.87,0,19,0,0,1,246.87444444444444,0,1,0.654
CUST_03376,12,One year,637.21,1,15,0,1,1,53.100833333333334,0,0,0.378
CUST_03377,46,One year,2859.0,0,18,0,0,1,62.15217391304348,0,0,0.449
CUST_03378,57,Month-to-month,2690.32,1,18,0,0,0,47.19859649122807,0,1,0.472
CUST_03379,49,Month-to-month,987.65,2,29,0,0,0,20.15612244897959,0,1,0.475
CUST_03380,61,Month-to-month,2403.93,1,25,0,1,0,39.40868852459016,0,1,0.429
CUST_03381,18,Month-to-month,2936.45,0,13,0,0,0,163.1361111111111,0,1,0.579
CUST_03382,47,Month-to-month,1596.6,3,16,0,1,0,33.97021276595744,1,1,0.502
CUST_03383,65,Month-to-month,1790.06,0,28,0,0,1,27.539384615384616,0,1,0.525
CUST_03384,4,Month-to-month,347.24,1,13,0,1,1,86.81,0,1,0.571
CUST_03385,53,Two year,1788.24,0,23,0,1,0,33.74037735849057,0,0,0.208
CUST_03386,34,Month-to-month,2662.09,5,17,0,1,1,78.29676470588235,1,1,0.736
CUST_03387,8,Month-to-month,1710.64,2,22,0,0,1,213.83,0,1,0.848
CUST_03388,45,One year,1480.77,0,17,0,0,1,32.906,0,0,0.356
CUST_03389,26,Month-to-month,1669.08,1,23,0,0,0,64.19538461538461,0,1,0.673
CUST_03390,17,Month-to-month,1565.25,1,1,1,1,1,92.07352941176471,0,1,0.574
CUST_03391,63,One year,1808.16,2,17,0,1,0,28.700952380952383,0,0,0.191
CUST_03392,3,Two year,2445.25,1,13,0,0,0,815.0833333333334,0,0,0.522
CUST_03393,9,Month-to-month,2370.84,2,29,0,0,1,263.4266666666667,0,1,0.812
CUST_03394,49,Two year,2671.17,0,17,0,1,0,54.513673469387754,0,0,0.269
CUST_03395,48,Month-to-month,2416.61,1,17,0,1,0,50.34604166666667,0,1,0.365
CUST_03396,4,One year,891.1,3,6,1,1,0,222.775,1,0,0.388
CUST_03397,70,Month-to-month,2474.95,1,20,0,0,0,35.356428571428566,0,1,0.545
CUST_03398,20,Month-to-month,1116.6,4,0,0,1,1,55.83,1,1,0.631
CUST_03399,8,Two year,2582.06,3,6,0,0,1,322.7575,1,0,0.54
CUST_03400,33,Month-to-month,1438.6,3,18,0,1,1,43.593939393939394,1,1,0.623
CUST_03401,28,Month-to-month,1819.28,0,21,0,1,1,64.97428571428571,0,1,0.633
CUST_03402,9,Month-to-month,2161.11,1,21,0,0,0,240.12333333333333,0,1,0.796
CUST_03403,51,Two year,798.54,4,3,0,1,0,15.657647058823528,1,0,0.102
CUST_03404,12,One year,680.82,3,8,0,0,0,56.73500000000001,1,0,0.408
CUST_03405,52,One year,2503.05,1,24,0,1,0,48.135576923076925,0,0,0.269
CUST_03406,2,Month-to-month,2531.95,1,6,0,0,1,1265.975,0,1,0.849
CUST_03407,67,Month-to-month,1072.54,1,11,1,0,0,16.008059701492538,0,1,0.356
CUST_03408,41,Month-to-month,1309.91,2,4,0,0,1,31.949024390243906,0,1,0.497
CUST_03409,35,Month-to-month,2512.91,0,8,0,1,0,71.79742857142857,0,1,0.387
CUST_03410,70,Month-to-month,2082.13,2,24,0,1,1,29.744714285714288,0,1,0.542
CUST_03411,40,Two year,623.08,1,20,0,0,0,15.577000000000002,0,0,0.194
CUST_03412,33,Month-to-month,1962.87,1,5,1,0,0,59.48090909090909,0,1,0.511
CUST_03413,54,Month-to-month,1094.48,1,26,1,0,0,20.26814814814815,0,1,0.523
CUST_03414,31,Two year,454.47,1,7,0,1,0,14.660322580645163,0,0,0.065
CUST_03415,1,Two year,357.72,3,21,0,0,1,357.72,1,0,0.589
CUST_03416,53,Month-to-month,2816.88,2,25,0,0,0,53.14867924528302,0,1,0.594
CUST_03417,40,Month-to-month,2905.89,2,2,1,1,1,72.64725,0,1,0.725
CUST_03418,46,One year,1749.65,4,6,0,0,0,38.035869565217396,1,0,0.185
CUST_03419,35,One year,2161.61,1,18,0,0,1,61.760285714285715,0,0,0.46
CUST_03420,50,Two year,1200.94,2,1,0,1,0,24.018800000000002,0,0,0.094
CUST_03421,5,Month-to-month,2277.65,1,3,0,1,0,455.53000000000003,0,1,0.618
CUST_03422,8,One year,958.33,0,13,1,0,0,119.79125,0,0,0.329
CUST_03423,17,Month-to-month,1105.85,0,9,0,0,1,65.05,0,1,0.48
CUST_03424,25,Month-to-month,2800.93,1,5,0,1,1,112.0372,0,1,0.642
CUST_03425,9,One year,2796.35,3,3,0,0,1,310.7055555555555,1,0,0.651
CUST_03426,19,Two year,2982.47,2,16,0,1,1,156.97210526315789,0,0,0.548
CUST_03427,50,One year,2218.25,2,1,0,0,0,44.365,0,0,0.161
CUST_03428,26,Month-to-month,305.61,0,11,1,0,0,11.75423076923077,0,1,0.22
CUST_03429,65,Two year,1803.54,0,6,0,0,0,27.74676923076923,0,0,0.128
CUST_03430,60,Month-to-month,1316.46,1,8,0,0,0,21.941,0,1,0.304
CUST_03431,16,Month-to-month,1669.08,1,1,0,1,1,104.3175,0,1,0.56
CUST_03432,58,Month-to-month,2672.07,4,26,0,1,0,46.07017241379311,1,1,0.539
CUST_03433,9,Month-to-month,1619.82,4,15,0,0,0,179.98,1,1,0.804
CUST_03434,69,One year,1546.02,1,24,1,1,0,22.40608695652174,0,0,0.251
CUST_03435,26,Month-to-month,302.25,2,14,0,0,0,11.625,0,1,0.215
CUST_03436,62,Two year,690.52,0,16,1,1,0,11.137419354838709,0,0,0.116
CUST_03437,29,Month-to-month,1540.89,0,19,1,1,1,53.13413793103449,0,1,0.677
CUST_03438,30,Month-to-month,343.65,2,12,0,0,0,11.455,0,1,0.213
CUST_03439,62,Two year,2325.68,2,28,0,0,0,37.51096774193548,0,0,0.421
CUST_03440,38,One year,1595.58,1,8,0,1,0,41.98894736842105,0,0,0.13
CUST_03441,46,Two year,2411.89,1,12,1,1,0,52.432391304347824,0,0,0.277
CUST_03442,31,Two year,393.4,2,12,0,0,0,12.69032258064516,0,0,0.091
CUST_03443,11,Two year,1376.2,1,21,1,0,1,125.10909090909091,0,0,0.545
CUST_03444,1,Month-to-month,1422.91,1,2,0,0,1,1422.91,0,1,0.758
CUST_03445,42,One year,491.47,4,27,0,1,1,11.701666666666668,1,0,0.553
CUST_03446,63,Two year,1254.27,0,4,0,0,0,19.90904761904762,0,0,0.089
CUST_03447,51,Month-to-month,322.84,4,11,1,0,0,6.330196078431372,1,1,0.406
CUST_03448,52,Month-to-month,2444.92,1,17,0,0,0,47.01769230769231,0,1,0.487
CUST_03449,27,Month-to-month,808.41,2,21,1,1,1,29.94111111111111,0,1,0.582
CUST_03450,10,Two year,2121.57,0,17,0,1,0,212.157,0,0,0.4
CUST_03451,3,Month-to-month,723.08,2,15,0,1,1,241.02666666666667,0,1,0.748
CUST_03452,47,Month-to-month,1455.63,2,0,0,0,1,30.97085106382979,0,1,0.418
CUST_03453,59,Month-to-month,2973.47,1,29,0,1,1,50.397796610169486,0,1,0.673
CUST_03454,15,One year,748.33,1,26,0,0,0,49.88866666666667,0,0,0.38
CUST_03455,56,Month-to-month,448.06,1,6,1,1,0,8.001071428571429,0,1,0.168
CUST_03456,21,Month-to-month,2687.99,2,2,1,1,1,127.9995238095238,0,1,0.686
CUST_03457,17,One year,2248.55,2,12,0,1,0,132.26764705882354,0,0,0.425
CUST_03458,56,One year,822.41,0,12,0,0,0,14.685892857142857,0,0,0.151
CUST_03459,60,Month-to-month,2998.48,5,14,1,0,1,49.974666666666664,1,1,0.676
CUST_03460,63,Month-to-month,1255.22,1,0,0,1,0,19.924126984126985,0,1,0.256
CUST_03461,40,Month-to-month,1807.73,1,6,0,0,1,45.19325,0,1,0.484
CUST_03462,45,Month-to-month,404.29,3,19,0,1,0,8.984222222222222,1,1,0.448
CUST_03463,37,Two year,1328.74,1,20,0,0,0,35.91189189189189,0,0,0.35
CUST_03464,5,Month-to-month,2853.33,3,18,0,0,1,570.6659999999999,1,1,0.909
CUST_03465,67,Month-to-month,1449.38,1,15,1,0,0,21.632537313432838,0,1,0.404
CUST_03466,23,Month-to-month,1868.19,3,13,0,0,0,81.22565217391305,1,1,0.693
CUST_03467,5,One year,2543.67,0,5,0,0,1,508.73400000000004,0,0,0.332
CUST_03468,55,Month-to-month,1571.31,5,25,0,0,1,28.569272727272725,1,1,0.868
CUST_03469,36,Month-to-month,1406.65,2,11,0,1,0,39.07361111111111,0,1,0.454
CUST_03470,20,Month-to-month,2436.2,2,2,0,1,1,121.80999999999999,0,1,0.668
CUST_03471,40,One year,652.08,2,27,0,0,1,16.302,0,0,0.345
CUST_03472,33,Two year,361.81,0,7,0,0,0,10.963939393939395,0,0,0.1
CUST_03473,26,Two year,1029.37,1,8,0,1,0,39.591153846153844,0,0,0.164
CUST_03474,30,Month-to-month,1669.08,2,12,0,0,1,55.635999999999996,0,1,0.677
CUST_03475,23,Two year,1576.32,3,18,0,1,0,68.53565217391304,1,0,0.567
CUST_03476,23,Month-to-month,422.64,2,3,0,0,0,18.375652173913043,0,1,0.315
CUST_03477,38,Two year,2335.74,0,9,0,0,1,61.466842105263154,0,0,0.396
CUST_03478,36,Month-to-month,2640.19,2,8,1,0,0,73.3386111111111,0,1,0.592
CUST_03479,39,Month-to-month,2809.74,0,17,0,1,0,72.04461538461538,0,1,0.441
CUST_03480,6,Month-to-month,451.41,1,1,0,0,0,75.235,0,1,0.442
CUST_03481,29,One year,1532.79,2,19,1,0,0,52.854827586206895,0,0,0.429
CUST_03482,23,Month-to-month,1201.43,3,15,0,1,0,52.23608695652174,1,1,0.582
CUST_03483,1,Month-to-month,1633.76,4,26,0,0,1,1633.76,1,1,0.918
CUST_03484,24,Month-to-month,353.27,0,1,1,1,1,14.719583333333333,0,1,0.492
CUST_03485,35,One year,393.98,3,25,1,0,0,11.256571428571428,1,0,0.171
CUST_03486,45,One year,2474.85,0,25,0,1,0,54.99666666666666,0,0,0.269
CUST_03487,10,Month-to-month,547.74,0,6,0,1,1,54.774,0,1,0.521
CUST_03488,26,Month-to-month,375.23,0,18,0,0,0,14.431923076923077,0,1,0.245
CUST_03489,47,One year,2086.88,0,16,1,0,0,44.401702127659576,0,0,0.328
CUST_03490,37,Month-to-month,308.86,1,9,0,1,0,8.347567567567568,0,1,0.181
CUST_03491,7,Two year,2705.44,2,5,0,1,1,386.49142857142857,0,0,0.285
CUST_03492,4,One year,754.03,0,8,0,1,1,188.5075,0,0,0.242
CUST_03493,27,Two year,1775.56,0,7,0,1,0,65.76148148148148,0,0,0.225
CUST_03494,43,Month-to-month,2477.17,3,1,0,1,1,57.60860465116279,1,1,0.636
CUST_03495,45,One year,2475.04,3,6,1,1,1,55.00088888888889,1,0,0.61
CUST_03496,2,Month-to-month,1097.07,1,2,0,0,1,548.535,0,1,0.734
CUST_03497,37,One year,919.8,1,8,0,0,0,24.85945945945946,0,0,0.177
CUST_03498,26,Month-to-month,769.28,3,26,0,1,1,29.587692307692308,1,1,0.679
CUST_03499,49,Month-to-month,2812.06,0,26,0,1,1,57.38897959183674,0,1,0.555
CUST_03500,40,Two year,1722.57,1,6,0,1,0,43.06425,0,0,0.115
CUST_03501,67,Month-to-month,2726.46,6,4,0,0,1,40.69343283582089,1,1,0.731
CUST_03502,50,Month-to-month,2516.95,1,17,0,0,1,50.339,0,1,0.485
CUST_03503,13,Month-to-month,2593.74,1,4,0,1,1,199.5184615384615,0,1,0.649
CUST_03504,69,Two year,642.9,3,22,0,0,0,9.317391304347826,1,0,0.108
CUST_03505,68,Month-to-month,2567.3,1,17,0,1,0,37.754411764705885,0,1,0.403
CUST_03506,30,Two year,2661.71,1,15,0,1,0,88.72366666666667,0,0,0.339
CUST_03507,2,One year,1172.4,1,25,0,1,0,586.2,0,0,0.46
CUST_03508,3,One year,1436.73,0,5,0,1,0,478.91,0,0,0.212
CUST_03509,68,Month-to-month,2415.76,1,10,0,0,1,35.52588235294118,0,1,0.412
CUST_03510,23,Two year,604.56,1,25,0,0,0,26.285217391304347,0,0,0.321
CUST_03511,62,Month-to-month,561.34,1,14,0,1,0,9.053870967741936,0,1,0.203
CUST_03512,17,Month-to-month,348.99,1,29,1,1,0,20.528823529411767,0,1,0.32
CUST_03513,51,Two year,1573.86,0,7,0,1,0,30.86,0,0,0.081
CUST_03514,65,Month-to-month,2977.42,3,16,0,1,0,45.80646153846154,1,1,0.604
CUST_03515,28,One year,2519.37,0,12,0,1,0,89.97749999999999,0,0,0.336
CUST_03516,2,One year,2213.16,1,4,0,1,1,1106.58,0,0,0.438
CUST_03517,17,Month-to-month,1210.2,1,24,0,0,1,71.18823529411765,0,1,0.802
CUST_03518,23,Month-to-month,1565.78,3,6,0,0,1,68.07739130434783,1,1,0.725
CUST_03519,30,Two year,2760.69,1,27,1,1,0,92.023,0,0,0.481
CUST_03520,66,Month-to-month,2522.56,0,25,0,1,0,38.22060606060606,0,1,0.389
CUST_03521,71,Two year,2695.55,1,3,0,1,0,37.965492957746484,0,0,0.148
CUST_03522,42,One year,1118.62,2,8,0,0,0,26.63380952380952,0,0,0.152
CUST_03523,32,Month-to-month,2339.73,0,9,0,1,0,73.1165625,0,1,0.406
CUST_03524,10,Month-to-month,2722.9,1,5,0,1,1,272.29,0,1,0.631
CUST_03525,68,Month-to-month,1800.58,0,17,0,1,1,26.47911764705882,0,1,0.395
CUST_03526,16,Two year,1090.02,0,5,1,0,0,68.12625,0,0,0.208
CUST_03527,43,Month-to-month,2326.76,2,1,0,0,1,54.11069767441861,0,1,0.637
CUST_03528,40,One year,2173.92,0,10,0,0,0,54.348,0,0,0.353
CUST_03529,36,Month-to-month,1759.74,2,6,0,0,0,48.88166666666667,0,1,0.488
CUST_03530,35,Month-to-month,2993.24,2,18,0,0,0,85.52114285714285,0,1,0.602
CUST_03531,26,Two year,1310.32,1,25,0,1,1,50.39692307692307,0,0,0.463
CUST_03532,41,Month-to-month,2558.5,1,27,0,1,0,62.40243902439025,0,1,0.538
CUST_03533,67,Month-to-month,2910.86,0,21,0,1,0,43.445671641791044,0,1,0.388
CUST_03534,56,Two year,1026.22,2,15,0,1,0,18.325357142857143,0,0,0.142
CUST_03535,29,Two year,334.89,1,16,0,0,0,11.547931034482758,0,0,0.125
CUST_03536,20,Month-to-month,1414.22,1,21,0,1,1,70.711,0,1,0.718
CUST_03537,21,Two year,2216.79,1,13,1,0,1,105.56142857142856,0,0,0.553
CUST_03538,31,One year,2740.36,1,12,1,1,1,88.39870967741936,0,0,0.454
CUST_03539,37,Month-to-month,1960.22,2,27,1,0,1,52.97891891891892,0,1,0.795
CUST_03540,1,Month-to-month,1816.03,4,22,0,1,1,1816.03,1,1,0.818
CUST_03541,44,Month-to-month,1289.09,0,23,0,0,1,29.2975,0,1,0.587
CUST_03542,43,One year,1491.23,2,22,0,0,1,34.67976744186046,0,0,0.428
CUST_03543,25,Month-to-month,1809.6,3,0,0,0,1,72.384,1,1,0.724
CUST_03544,66,Month-to-month,2509.23,1,0,0,1,0,38.01863636363636,0,1,0.275
CUST_03545,15,One year,429.94,1,9,0,0,0,28.662666666666667,0,0,0.155
CUST_03546,70,Month-to-month,1631.68,2,19,0,0,1,23.309714285714286,0,1,0.553
CUST_03547,18,One year,864.14,1,12,0,1,0,48.007777777777775,0,0,0.309
CUST_03548,48,Month-to-month,321.79,4,22,0,0,1,6.7039583333333335,1,1,0.827
CUST_03549,49,One year,344.38,0,25,0,0,0,7.028163265306122,0,0,0.142
CUST_03550,37,Month-to-month,2373.2,5,17,1,0,1,64.14054054054054,1,1,0.781
CUST_03551,8,Two year,1383.73,1,17,0,0,1,172.96625,0,0,0.522
CUST_03552,4,Month-to-month,2618.93,3,9,0,1,1,654.7325,1,1,0.741
CUST_03553,24,Two year,2125.94,0,1,1,1,0,88.58083333333333,0,0,0.176
CUST_03554,22,Month-to-month,385.12,2,12,0,0,0,17.505454545454544,0,1,0.239
CUST_03555,48,Month-to-month,2030.07,3,5,0,1,0,42.293124999999996,1,1,0.398
CUST_03556,47,Month-to-month,1913.48,0,3,1,1,0,40.71234042553191,0,1,0.269
CUST_03557,21,One year,2597.92,0,9,1,1,0,123.7104761904762,0,0,0.27
CUST_03558,32,Month-to-month,2383.89,1,15,1,1,0,74.4965625,0,1,0.628
CUST_03559,54,Month-to-month,942.52,3,4,0,1,1,17.454074074074075,1,1,0.446
CUST_03560,38,Month-to-month,2511.26,0,29,0,1,1,66.08578947368422,0,1,0.564
CUST_03561,55,Month-to-month,1842.19,0,13,0,0,1,33.49436363636364,0,1,0.412
CUST_03562,9,Month-to-month,1145.53,3,11,0,0,1,127.2811111111111,1,1,0.767
CUST_03563,48,Two year,787.3,3,3,0,1,0,16.402083333333334,1,0,0.102
CUST_03564,21,Two year,1559.03,2,26,0,1,0,74.2395238095238,0,0,0.566
CUST_03565,31,Month-to-month,1568.72,2,6,1,1,1,50.60387096774193,0,1,0.518
CUST_03566,19,Two year,1669.08,3,8,0,0,1,87.84631578947368,1,0,0.546
CUST_03567,2,Month-to-month,997.08,3,8,0,0,1,498.54,1,1,0.692
CUST_03568,3,Month-to-month,1525.38,2,10,0,1,0,508.46000000000004,0,1,0.579
CUST_03569,21,Month-to-month,1120.71,1,10,1,0,1,53.36714285714286,0,1,0.634
CUST_03570,60,Month-to-month,1618.43,1,10,0,0,0,26.973833333333335,0,1,0.29
CUST_03571,8,One year,2293.93,1,19,0,1,0,286.74125,0,0,0.455
CUST_03572,10,One year,1961.18,1,21,0,1,1,196.118,0,0,0.468
CUST_03573,9,Month-to-month,880.75,1,12,0,0,0,97.86111111111111,0,1,0.55
CUST_03574,33,One year,1042.41,0,24,1,0,0,31.58818181818182,0,0,0.309
CUST_03575,46,Month-to-month,2462.66,0,5,0,1,1,53.536086956521736,0,1,0.438
CUST_03576,32,Two year,2543.9,1,15,0,0,1,79.496875,0,0,0.545
CUST_03577,19,Month-to-month,1739.23,0,23,0,0,1,91.53842105263158,0,1,0.673
CUST_03578,66,Month-to-month,1305.01,2,5,0,1,0,19.77287878787879,0,1,0.316
CUST_03579,18,Two year,2518.92,0,10,0,1,0,139.94,0,0,0.313
CUST_03580,57,Two year,1669.08,3,24,0,0,0,29.282105263157895,1,0,0.333
CUST_03581,2,Two year,1045.4,4,28,0,0,0,522.7,1,0,0.461
CUST_03582,12,Two year,590.22,2,29,0,1,0,49.185,0,0,0.412
CUST_03583,28,Month-to-month,1723.89,2,12,0,0,1,61.5675,0,1,0.69
CUST_03584,66,One year,872.63,1,5,0,1,0,13.221666666666666,0,0,0.072
CUST_03585,15,Month-to-month,1937.09,1,25,0,0,1,129.13933333333333,0,1,0.85
CUST_03586,58,Month-to-month,1681.14,4,25,0,0,1,28.985172413793105,1,1,0.876
CUST_03587,65,One year,981.9,2,27,1,1,1,15.106153846153846,0,0,0.327
CUST_03588,56,Two year,1372.68,3,9,1,1,0,24.51214285714286,1,0,0.182
CUST_03589,46,Month-to-month,1907.1,2,21,1,0,1,41.45869565217391,0,1,0.68
CUST_03590,55,One year,2839.5,3,18,1,1,0,51.627272727272725,1,0,0.424
CUST_03591,70,Month-to-month,1711.37,3,10,0,1,0,24.448142857142855,1,1,0.372
CUST_03592,67,Month-to-month,2096.73,1,26,0,1,0,31.294477611940298,0,1,0.427
CUST_03593,24,Month-to-month,2038.44,1,2,0,1,0,84.935,0,1,0.548
CUST_03594,63,Month-to-month,2743.51,2,18,0,1,0,43.54777777777778,0,1,0.44
CUST_03595,50,One year,1132.46,3,1,0,0,0,22.6492,1,0,0.124
CUST_03596,52,Month-to-month,1498.6,3,16,0,1,1,28.819230769230767,1,1,0.551
CUST_03597,40,Two year,1743.9,0,24,0,0,0,43.597500000000004,0,0,0.402
CUST_03598,38,Month-to-month,1249.24,0,3,0,0,1,32.874736842105264,0,1,0.394
CUST_03599,61,Two year,1669.08,1,7,0,0,0,27.361967213114752,0,0,0.138
CUST_03600,44,Two year,308.71,0,13,0,1,0,7.016136363636363,0,0,0.167
CUST_03601,68,Two year,1972.13,5,19,1,0,0,29.001911764705884,1,0,0.337
CUST_03602,63,Two year,376.5,0,1,1,0,0,5.976190476190476,0,0,0.087
CUST_03603,14,Month-to-month,633.64,3,8,1,1,1,45.26,1,1,0.711
CUST_03604,19,Two year,983.64,1,17,1,0,1,51.770526315789475,0,0,0.493
CUST_03605,14,Month-to-month,393.98,2,21,0,1,1,28.141428571428573,0,1,0.554
CUST_03606,61,Two year,2060.77,2,7,0,0,0,33.783114754098364,0,0,0.16
CUST_03607,17,Two year,2202.68,3,29,0,0,1,129.56941176470588,1,0,0.76
CUST_03608,48,Two year,965.92,4,14,1,1,0,20.12333333333333,1,0,0.174
CUST_03609,37,Month-to-month,755.02,1,11,0,0,0,20.405945945945945,0,1,0.39
CUST_03610,35,Month-to-month,2410.26,3,12,0,0,1,68.86457142857144,1,1,0.777
CUST_03611,15,Month-to-month,2926.08,1,27,0,0,1,195.072,0,1,0.818
CUST_03612,40,Month-to-month,2484.23,2,20,0,1,1,62.10575,0,1,0.556
CUST_03613,30,Two year,1965.72,4,16,0,1,0,65.524,1,0,0.492
CUST_03614,54,Month-to-month,717.13,1,25,0,1,0,13.280185185185186,0,1,0.402
CUST_03615,29,Month-to-month,1594.64,0,4,0,1,0,54.98758620689655,0,1,0.328
CUST_03616,10,One year,2264.85,0,1,0,0,0,226.48499999999999,0,0,0.304
CUST_03617,3,Month-to-month,2976.03,3,28,0,1,1,992.0100000000001,1,1,0.834
CUST_03618,26,One year,2826.19,1,19,0,0,1,108.69961538461538,0,0,0.698
CUST_03619,35,Month-to-month,2004.21,1,7,0,1,1,57.26314285714286,0,1,0.502
CUST_03620,11,Month-to-month,2854.54,4,16,0,1,1,259.50363636363636,1,1,0.803
CUST_03621,49,Two year,2306.78,2,18,0,0,0,47.07714285714286,0,0,0.35
CUST_03622,31,One year,2389.41,2,17,0,1,1,77.07774193548387,0,0,0.392
CUST_03623,38,Month-to-month,2023.12,1,20,1,1,1,53.239999999999995,0,1,0.603
CUST_03624,46,Two year,1987.13,1,26,0,1,0,43.19847826086957,0,0,0.257
CUST_03625,25,Month-to-month,1219.62,0,25,0,1,0,48.7848,0,1,0.503
CUST_03626,32,One year,2934.93,1,20,0,1,0,91.7165625,0,0,0.505
CUST_03627,28,One year,2062.65,4,3,0,0,0,73.66607142857143,1,0,0.418
CUST_03628,46,Two year,2287.01,2,4,0,0,0,49.71760869565218,0,0,0.196
CUST_03629,57,Month-to-month,503.07,1,6,0,1,0,8.82578947368421,0,1,0.167
CUST_03630,33,Month-to-month,309.1,4,21,0,0,1,9.366666666666667,1,1,0.799
CUST_03631,5,Month-to-month,931.71,3,18,0,0,0,186.342,1,1,0.717
CUST_03632,62,Two year,621.09,1,16,1,0,0,10.01758064516129,0,0,0.097
CUST_03633,47,Month-to-month,2870.93,3,3,0,0,1,61.083617021276595,1,1,0.701
CUST_03634,57,Month-to-month,1751.61,0,4,0,0,0,30.729999999999997,0,1,0.269
CUST_03635,19,Two year,1274.16,4,14,0,1,1,67.06105263157895,1,0,0.6
CUST_03636,20,Two year,2597.09,3,3,0,1,1,129.8545,1,0,0.589
CUST_03637,5,Month-to-month,2560.05,1,1,0,1,1,512.01,0,1,0.704
CUST_03638,35,Month-to-month,1875.28,2,1,0,1,0,53.57942857142857,0,1,0.391
CUST_03639,45,Month-to-month,2032.99,2,12,1,1,0,45.17755555555556,0,1,0.428
CUST_03640,69,Month-to-month,466.91,2,25,0,1,1,6.766811594202899,0,1,0.466
CUST_03641,41,Month-to-month,2715.81,3,10,0,1,1,66.23926829268292,1,1,0.762
CUST_03642,31,One year,1379.1,0,29,0,1,1,44.487096774193546,0,0,0.539
CUST_03643,54,Month-to-month,1084.68,1,18,0,0,1,20.08666666666667,0,1,0.429
CUST_03644,15,Two year,2518.4,0,16,0,1,0,167.89333333333335,0,0,0.402
CUST_03645,18,Two year,2101.41,1,10,0,0,0,116.74499999999999,0,0,0.422
CUST_03646,3,Month-to-month,2288.65,2,10,1,1,1,762.8833333333333,0,1,0.765
CUST_03647,16,Month-to-month,847.75,4,0,0,0,1,52.984375,1,1,0.761
CUST_03648,22,One year,1898.91,5,29,0,1,1,86.31409090909091,1,0,0.811
CUST_03649,40,One year,2184.02,1,7,0,0,1,54.6005,0,0,0.355
CUST_03650,68,Month-to-month,512.06,2,23,0,0,0,7.530294117647058,0,1,0.293
CUST_03651,65,Two year,1195.73,0,13,0,0,0,18.395846153846154,0,0,0.151
CUST_03652,39,One year,2840.55,5,8,0,0,1,72.83461538461539,1,0,0.667
CUST_03653,45,One year,2789.91,2,0,0,1,1,61.998,0,0,0.34
CUST_03654,21,Month-to-month,2090.45,0,27,0,1,1,99.54523809523809,0,1,0.628
CUST_03655,64,One year,305.05,5,5,0,0,1,4.76640625,1,0,0.528
CUST_03656,3,Month-to-month,1684.29,2,7,0,1,1,561.43,0,1,0.684
CUST_03657,69,Two year,2296.73,1,1,0,1,0,33.28594202898551,0,0,0.12
CUST_03658,33,One year,1440.8,2,6,0,0,1,43.66060606060606,0,0,0.3
CUST_03659,25,Two year,1477.92,1,28,0,1,1,59.116800000000005,0,0,0.584
CUST_03660,9,Month-to-month,1604.09,0,4,0,0,1,178.23222222222222,0,1,0.44
CUST_03661,1,Month-to-month,501.38,2,1,1,1,1,501.38,0,1,0.701
CUST_03662,14,One year,1054.06,3,15,0,0,1,75.28999999999999,1,0,0.566
CUST_03663,23,Two year,1115.52,1,26,0,1,1,48.50086956521739,0,0,0.533
CUST_03664,45,One year,1090.2,0,11,0,1,0,24.226666666666667,0,0,0.122
CUST_03665,29,Month-to-month,1033.48,0,4,0,0,0,35.637241379310346,0,1,0.39
CUST_03666,56,Month-to-month,788.86,0,22,0,0,1,14.086785714285714,0,1,0.54
CUST_03667,67,Month-to-month,1785.45,2,26,0,0,1,26.648507462686567,0,1,0.569
CUST_03668,65,One year,2956.31,0,11,1,1,0,45.481692307692306,0,0,0.366
CUST_03669,46,Month-to-month,1365.43,2,3,1,1,0,29.68326086956522,0,1,0.29
CUST_03670,59,Month-to-month,2432.18,3,5,0,0,0,41.223389830508474,1,1,0.341
CUST_03671,8,Two year,2899.61,1,21,0,0,1,362.45125,0,0,0.709
CUST_03672,63,Month-to-month,2869.97,1,4,0,0,1,45.555079365079365,0,1,0.615
CUST_03673,48,Month-to-month,1559.78,2,24,0,1,0,32.495416666666664,0,1,0.416
CUST_03674,37,One year,402.54,0,6,0,0,0,10.87945945945946,0,0,0.086
CUST_03675,46,Two year,1794.19,0,25,0,1,0,39.00413043478261,0,0,0.209
CUST_03676,33,One year,2125.91,2,15,0,0,1,64.42151515151515,0,0,0.505
CUST_03677,69,Month-to-month,2181.87,4,25,0,1,1,31.621304347826086,1,1,0.918
CUST_03678,29,One year,1868.17,0,12,0,1,0,64.4196551724138,0,0,0.309
CUST_03679,19,Two year,1669.08,2,16,0,1,1,87.84631578947368,0,0,0.499
CUST_03680,64,Two year,2843.49,1,25,1,1,0,44.42953125,0,0,0.358
CUST_03681,47,Month-to-month,2314.07,0,9,1,1,0,49.23553191489362,0,1,0.309
CUST_03682,58,Two year,2738.36,1,13,1,1,1,47.21310344827587,0,0,0.387
CUST_03683,69,One year,1097.08,2,20,0,0,1,15.899710144927536,0,0,0.336
CUST_03684,58,Month-to-month,1577.65,0,9,0,1,0,27.20086206896552,0,1,0.207
CUST_03685,70,Month-to-month,2426.95,1,6,0,0,1,34.67071428571428,0,1,0.432
CUST_03686,8,Month-to-month,2411.24,1,22,0,0,1,301.405,0,1,0.831
CUST_03687,8,Month-to-month,922.49,3,27,0,1,1,115.31125,1,1,0.857
CUST_03688,11,Month-to-month,1181.75,1,22,1,0,1,107.43181818181819,0,1,0.771
CUST_03689,47,One year,1535.37,1,17,0,0,0,32.66744680851063,0,0,0.286
CUST_03690,56,Two year,1452.93,1,1,0,1,0,25.945178571428574,0,0,0.119
CUST_03691,50,One year,1372.51,0,24,0,1,0,27.4502,0,0,0.211
CUST_03692,44,Month-to-month,840.25,1,16,0,0,1,19.09659090909091,0,1,0.457
CUST_03693,3,Month-to-month,2205.47,5,5,0,0,1,735.1566666666666,1,1,0.853
CUST_03694,65,Month-to-month,549.91,2,29,0,1,0,8.460153846153846,0,1,0.246
CUST_03695,50,Two year,2853.7,2,18,0,0,1,57.074,0,0,0.524
CUST_03696,12,Month-to-month,645.99,2,15,1,1,0,53.8325,0,1,0.537
CUST_03697,54,Month-to-month,2365.17,1,3,0,1,1,43.79944444444445,0,1,0.339
CUST_03698,13,Month-to-month,2221.02,1,15,0,0,1,170.8476923076923,0,1,0.782
CUST_03699,17,Month-to-month,1962.19,0,25,0,0,1,115.42294117647059,0,1,0.689
CUST_03700,10,Month-to-month,2441.16,1,3,0,0,0,244.11599999999999,0,1,0.702
CUST_03701,43,Two year,2955.34,1,24,0,0,0,68.72883720930233,0,0,0.452
CUST_03702,9,Month-to-month,342.46,1,14,0,0,1,38.05111111111111,0,1,0.378
CUST_03703,9,One year,1996.8,1,10,0,1,1,221.86666666666667,0,0,0.372
CUST_03704,8,Month-to-month,2092.52,0,25,0,1,0,261.565,0,1,0.572
CUST_03705,15,Month-to-month,2303.66,0,18,0,0,1,153.5773333333333,0,1,0.718
CUST_03706,70,One year,2422.35,1,6,0,0,0,34.605,0,0,0.188
CUST_03707,23,Two year,1730.9,0,6,1,1,0,75.25652173913043,0,0,0.225
CUST_03708,17,One year,1128.97,0,19,0,0,0,66.41,0,0,0.379
CUST_03709,43,Two year,378.84,0,26,0,0,1,8.810232558139534,0,0,0.192
CUST_03710,59,One year,1704.42,1,8,0,1,0,28.88847457627119,0,0,0.098
CUST_03711,31,Month-to-month,1998.18,3,26,0,0,1,64.4574193548387,1,1,0.812
CUST_03712,42,One year,610.02,2,23,0,1,0,14.524285714285714,0,0,0.173
CUST_03713,68,Two year,1731.41,0,8,0,0,0,25.461911764705885,0,0,0.134
CUST_03714,10,Month-to-month,400.5,2,0,0,1,0,40.05,0,1,0.4
CUST_03715,48,One year,561.46,0,20,0,0,0,11.697083333333333,0,0,0.132
CUST_03716,70,Month-to-month,2034.57,1,14,1,1,1,29.065285714285714,0,1,0.39
CUST_03717,26,One year,2169.31,0,0,0,0,1,83.435,0,0,0.337
CUST_03718,58,Month-to-month,859.57,2,23,0,0,1,14.820172413793104,0,1,0.551
CUST_03719,63,Month-to-month,1149.51,2,18,0,0,1,18.246190476190478,0,1,0.496
CUST_03720,14,Month-to-month,2896.79,1,2,0,0,1,206.91357142857143,0,1,0.764
CUST_03721,13,Two year,1996.15,1,10,0,1,0,153.55,0,0,0.344
CUST_03722,42,One year,433.08,4,17,0,1,0,10.311428571428571,1,0,0.163
CUST_03723,62,Two year,454.13,0,22,0,1,0,7.324677419354838,0,0,0.07
CUST_03724,35,Two year,777.84,2,19,0,0,0,22.224,0,0,0.208
CUST_03725,40,Month-to-month,1556.57,3,7,0,1,1,38.914249999999996,1,1,0.511
CUST_03726,30,Month-to-month,1523.27,0,20,0,0,1,50.775666666666666,0,1,0.662
CUST_03727,39,Month-to-month,1747.83,3,21,0,1,0,44.816153846153846,1,1,0.555
CUST_03728,27,Month-to-month,1749.81,3,26,0,0,1,64.80777777777777,1,1,0.818
CUST_03729,33,Month-to-month,2074.29,2,13,0,0,0,62.85727272727273,0,1,0.633
CUST_03730,25,Month-to-month,1365.67,0,14,0,0,1,54.6268,0,1,0.649
CUST_03731,36,Month-to-month,1241.5,0,8,0,0,0,34.486111111111114,0,1,0.402
CUST_03732,29,Month-to-month,1470.06,3,11,0,0,1,50.69172413793103,1,1,0.673
CUST_03733,33,Two year,2023.21,1,19,0,1,1,61.30939393939394,0,0,0.354
CUST_03734,52,Month-to-month,523.5,0,21,0,1,1,10.067307692307692,0,1,0.329
CUST_03735,58,Month-to-month,661.32,0,22,0,0,0,11.402068965517243,0,1,0.358
CUST_03736,14,Month-to-month,2229.46,0,28,0,0,1,159.24714285714285,0,1,0.76
CUST_03737,29,Month-to-month,1613.77,1,2,0,1,0,55.647241379310344,0,1,0.403
CUST_03738,68,Month-to-month,1563.26,3,24,0,0,0,22.989117647058823,1,1,0.567
CUST_03739,35,Month-to-month,2855.37,0,16,0,0,1,81.582,0,1,0.511
CUST_03740,62,Month-to-month,1587.11,2,28,0,1,0,25.598548387096773,0,1,0.372
CUST_03741,42,Month-to-month,1173.8,0,5,0,1,0,27.947619047619046,0,1,0.275
CUST_03742,10,One year,586.61,1,0,0,1,0,58.661,0,0,0.177
CUST_03743,29,Month-to-month,1680.7,0,11,0,0,0,57.95517241379311,0,1,0.512
CUST_03744,39,One year,1729.24,0,20,0,0,1,44.33948717948718,0,0,0.46
CUST_03745,68,Month-to-month,1006.43,0,13,0,0,0,14.800441176470587,0,1,0.343
CUST_03746,33,One year,935.66,1,16,0,0,1,28.35333333333333,0,0,0.265
CUST_03747,46,Two year,2280.73,3,5,0,0,0,49.58108695652174,1,0,0.363
CUST_03748,32,Month-to-month,2837.1,2,17,0,0,1,88.659375,0,1,0.724
CUST_03749,42,Month-to-month,2382.52,2,24,0,0,1,56.72666666666667,0,1,0.683
CUST_03750,30,One year,2639.36,0,15,0,0,0,87.97866666666667,0,0,0.368
CUST_03751,21,Month-to-month,2347.25,0,27,0,0,0,111.77380952380952,0,1,0.683
CUST_03752,6,Month-to-month,368.65,1,0,0,0,0,61.44166666666666,0,1,0.408
CUST_03753,27,Month-to-month,1784.3,1,23,0,1,0,66.08518518518518,0,1,0.624
CUST_03754,51,Two year,959.88,0,29,0,1,0,18.821176470588235,0,0,0.224
CUST_03755,49,Month-to-month,1615.27,2,29,0,1,0,32.96469387755102,0,1,0.416
CUST_03756,5,Month-to-month,2901.45,2,14,0,0,1,580.29,0,1,0.878
CUST_03757,31,One year,1941.73,0,28,0,1,0,62.63645161290323,0,0,0.393
CUST_03758,59,One year,2656.57,2,9,0,0,0,45.026610169491526,0,0,0.205
CUST_03759,15,Two year,2643.38,4,18,0,0,1,176.22533333333334,1,0,0.654
CUST_03760,47,One year,562.9,2,28,1,1,0,11.97659574468085,0,0,0.275
CUST_03761,50,Month-to-month,2432.75,2,13,0,1,0,48.655,0,1,0.386
CUST_03762,29,Month-to-month,925.24,1,10,1,1,1,31.904827586206896,0,1,0.55
CUST_03763,11,Month-to-month,1653.69,1,15,0,0,1,150.33545454545455,0,1,0.777
CUST_03764,43,Two year,1615.72,1,11,0,0,0,37.57488372093023,0,0,0.24
CUST_03765,23,One year,2330.51,1,17,0,0,1,101.32652173913044,0,0,0.575
CUST_03766,38,Month-to-month,1538.56,0,16,0,1,0,40.48842105263158,0,1,0.371
CUST_03767,48,Two year,1296.3,2,6,0,1,0,27.006249999999998,0,0,0.099
CUST_03768,62,Two year,1838.86,0,29,0,0,0,29.659032258064514,0,0,0.419
CUST_03769,8,Month-to-month,463.57,1,25,0,1,0,57.94625,0,1,0.687
CUST_03770,6,Month-to-month,1840.47,2,4,1,1,0,306.745,0,1,0.562
CUST_03771,38,Month-to-month,1111.82,1,25,1,1,0,29.258421052631576,0,1,0.458
CUST_03772,4,Month-to-month,2728.0,3,20,0,1,0,682.0,1,1,0.862
CUST_03773,69,Month-to-month,1669.26,2,8,0,1,1,24.19217391304348,0,1,0.414
CUST_03774,39,Month-to-month,520.31,2,17,1,1,0,13.34128205128205,0,1,0.28
CUST_03775,57,Month-to-month,926.04,3,21,0,0,1,16.246315789473684,1,1,0.484
CUST_03776,54,Two year,2019.88,5,22,0,0,1,37.40518518518519,1,0,0.661
CUST_03777,51,Two year,414.3,1,13,0,0,0,8.123529411764705,0,0,0.105
CUST_03778,24,One year,1436.39,2,14,0,0,0,59.849583333333335,0,0,0.436
CUST_03779,15,Two year,2128.35,2,20,0,1,0,141.89,0,0,0.464
CUST_03780,65,One year,1088.55,2,0,1,0,0,16.746923076923075,0,0,0.114
CUST_03781,26,Month-to-month,355.66,2,2,0,0,0,13.67923076923077,0,1,0.23
CUST_03782,6,Month-to-month,1405.67,0,11,0,0,1,234.27833333333334,0,1,0.575
CUST_03783,36,Two year,979.44,1,13,0,1,0,27.206666666666667,0,0,0.173
CUST_03784,25,One year,621.64,1,24,0,0,0,24.8656,0,0,0.286
CUST_03785,44,Two year,2217.1,2,1,1,1,0,50.38863636363636,0,0,0.215
CUST_03786,61,Month-to-month,1130.33,3,7,0,0,0,18.529999999999998,1,1,0.267
CUST_03787,4,Two year,792.45,0,11,0,1,0,198.1125,0,0,0.318
CUST_03788,55,Month-to-month,1198.85,2,9,1,0,0,21.797272727272727,0,1,0.316
CUST_03789,49,Month-to-month,787.8,5,8,1,0,1,16.077551020408162,1,1,0.496
CUST_03790,4,Two year,1372.3,4,19,0,1,0,343.075,1,0,0.411
CUST_03791,24,Month-to-month,1556.09,2,22,0,0,0,64.83708333333333,0,1,0.71
CUST_03792,49,One year,2145.04,2,4,0,1,0,43.776326530612245,0,0,0.13
CUST_03793,70,Month-to-month,944.18,0,15,1,1,0,13.488285714285714,0,1,0.239
CUST_03794,6,Month-to-month,796.19,2,24,0,0,1,132.69833333333335,0,1,0.854
CUST_03795,21,Month-to-month,1759.59,0,2,0,0,1,83.78999999999999,0,1,0.417
CUST_03796,8,Month-to-month,1556.23,0,22,0,0,1,194.52875,0,1,0.64
CUST_03797,35,Month-to-month,2313.79,1,3,1,0,0,66.10828571428571,0,1,0.536
CUST_03798,11,Month-to-month,1028.9,0,5,0,1,0,93.53636363636365,0,1,0.279
CUST_03799,43,Two year,2173.11,3,0,0,1,1,50.53744186046512,1,0,0.533
CUST_03800,69,One year,2343.24,1,6,0,1,0,33.959999999999994,0,0,0.112
CUST_03801,61,Month-to-month,1669.08,1,25,1,1,0,27.361967213114752,0,1,0.452
CUST_03802,15,One year,900.43,1,22,0,0,1,60.028666666666666,0,0,0.48
CUST_03803,14,One year,694.26,3,21,0,1,0,49.589999999999996,1,0,0.369
CUST_03804,15,Two year,380.02,1,1,0,0,0,25.334666666666667,0,0,0.102
CUST_03805,32,Month-to-month,2997.15,2,10,0,1,1,93.6609375,0,1,0.702
CUST_03806,32,Month-to-month,2800.51,0,0,0,0,0,87.5159375,0,1,0.454
CUST_03807,32,Month-to-month,2794.59,1,4,0,1,1,87.3309375,0,1,0.583
CUST_03808,30,One year,1865.74,1,9,0,1,0,62.19133333333333,0,0,0.255
CUST_03809,47,Month-to-month,2715.37,1,7,1,1,1,57.77382978723404,0,1,0.518
CUST_03810,29,Two year,1830.75,5,24,0,0,1,63.12931034482759,1,0,0.753
CUST_03811,22,Month-to-month,1817.43,1,22,0,1,1,82.61045454545454,0,1,0.758
CUST_03812,17,Month-to-month,1542.94,0,23,0,0,1,90.76117647058824,0,1,0.67
CUST_03813,51,Month-to-month,1104.82,2,10,1,0,0,21.663137254901958,0,1,0.319
CUST_03814,47,Month-to-month,929.87,3,16,0,0,1,19.784468085106383,1,1,0.52
CUST_03815,8,Month-to-month,1304.72,2,19,0,1,1,163.09,0,1,0.788
CUST_03816,50,Month-to-month,2602.08,1,0,0,0,1,52.041599999999995,0,1,0.551
CUST_03817,43,Month-to-month,2866.76,0,4,1,1,1,66.66883720930232,0,1,0.568
CUST_03818,58,Month-to-month,1128.0,2,16,0,0,1,19.448275862068964,0,1,0.463
CUST_03819,22,One year,2666.56,0,23,0,0,0,121.20727272727272,0,0,0.406
CUST_03820,57,Month-to-month,2606.75,2,19,0,0,0,45.73245614035088,0,1,0.54
CUST_03821,24,One year,1822.93,0,27,0,1,0,75.95541666666666,0,0,0.485
CUST_03822,67,One year,777.12,0,10,0,1,0,11.598805970149254,0,0,0.078
CUST_03823,2,Month-to-month,1960.99,1,25,0,1,1,980.495,0,1,0.802
CUST_03824,8,One year,2791.7,3,6,0,1,1,348.9625,1,0,0.624
CUST_03825,9,One year,2231.99,3,23,0,1,1,247.99888888888887,1,0,0.66
CUST_03826,36,One year,1822.77,5,14,0,1,0,50.6325,1,0,0.296
CUST_03827,45,Month-to-month,1497.05,1,22,0,0,0,33.26777777777777,0,1,0.587
CUST_03828,21,Two year,2533.89,2,2,1,1,0,120.66142857142856,0,0,0.219
CUST_03829,2,One year,766.93,2,10,0,0,0,383.465,0,0,0.35
CUST_03830,17,One year,802.26,2,26,0,0,0,47.19176470588235,0,0,0.434
CUST_03831,68,Month-to-month,707.66,3,9,0,0,0,10.406764705882352,1,1,0.336
CUST_03832,26,Month-to-month,1530.41,2,14,0,0,1,58.86192307692308,0,1,0.719
CUST_03833,6,Month-to-month,1329.24,2,16,0,1,0,221.54,0,1,0.745
CUST_03834,46,One year,1136.44,3,23,0,0,1,24.70521739130435,1,0,0.279
CUST_03835,21,Month-to-month,382.85,2,0,0,0,0,18.23095238095238,0,1,0.246
CUST_03836,32,Month-to-month,2906.46,0,3,0,1,1,90.826875,0,1,0.595
CUST_03837,61,One year,2331.16,2,17,0,0,0,38.21573770491803,0,0,0.349
CUST_03838,3,One year,900.51,0,0,0,0,0,300.17,0,0,0.236
CUST_03839,64,Month-to-month,1143.13,2,11,0,0,1,17.86140625,0,1,0.426
CUST_03840,38,One year,986.15,1,24,0,0,0,25.951315789473682,0,0,0.267
CUST_03841,51,Month-to-month,1911.57,1,2,0,1,0,37.48176470588235,0,1,0.295
CUST_03842,65,Month-to-month,974.97,1,23,0,1,1,14.999538461538462,0,1,0.462
CUST_03843,21,Month-to-month,2739.48,0,5,0,1,0,130.45142857142858,0,1,0.371
CUST_03844,66,Month-to-month,410.18,2,2,0,1,0,6.214848484848485,0,1,0.184
CUST_03845,22,Two year,1693.32,1,23,0,0,1,76.96909090909091,0,0,0.622
CUST_03846,60,Month-to-month,1525.49,0,23,1,1,0,25.424833333333332,0,1,0.456
CUST_03847,11,Month-to-month,1971.53,0,11,0,0,1,179.23,0,1,0.593
CUST_03848,57,Month-to-month,649.87,0,14,0,0,1,11.401228070175438,0,1,0.344
CUST_03849,64,Month-to-month,1518.02,2,8,1,0,1,23.7190625,0,1,0.38
CUST_03850,18,Month-to-month,2122.37,1,29,1,0,1,117.90944444444443,0,1,0.872
CUST_03851,64,Month-to-month,704.06,1,6,0,1,0,11.0009375,0,1,0.216
CUST_03852,66,Month-to-month,1715.68,2,7,0,1,0,25.995151515151516,0,1,0.341
CUST_03853,47,Month-to-month,745.85,2,14,0,1,1,15.869148936170212,0,1,0.346
CUST_03854,11,Two year,703.82,1,22,0,1,1,63.98363636363637,0,0,0.495
CUST_03855,22,Two year,2805.55,0,0,0,0,0,127.525,0,0,0.24
CUST_03856,14,Month-to-month,1004.8,2,16,0,1,0,71.77142857142857,0,1,0.67
CUST_03857,3,Two year,1108.3,2,28,0,0,0,369.43333333333334,0,0,0.577
CUST_03858,65,Two year,2459.77,2,11,0,1,0,37.842615384615385,0,0,0.183
CUST_03859,15,Month-to-month,1514.88,1,24,0,1,1,100.992,0,1,0.796
CUST_03860,50,One year,734.74,1,0,0,0,1,14.6948,0,0,0.19
CUST_03861,71,Month-to-month,2291.1,0,0,0,1,0,32.26901408450704,0,1,0.222
CUST_03862,64,Two year,1604.67,3,22,0,0,0,25.07296875,1,0,0.321
CUST_03863,43,Month-to-month,1359.77,2,6,0,0,0,31.622558139534885,0,1,0.399
CUST_03864,20,Two year,1204.03,5,9,0,1,1,60.201499999999996,1,0,0.631
CUST_03865,50,Two year,2415.54,0,24,0,1,0,48.3108,0,0,0.252
CUST_03866,48,Month-to-month,2321.26,2,25,0,0,1,48.35958333333334,0,1,0.618
CUST_03867,17,One year,1889.77,2,23,0,1,1,111.16294117647058,0,0,0.563
CUST_03868,43,Month-to-month,2441.0,2,28,0,1,1,56.76744186046512,0,1,0.569
CUST_03869,22,One year,575.95,0,13,0,0,1,26.17954545454546,0,0,0.404
CUST_03870,46,Two year,1214.18,1,2,0,0,0,26.39521739130435,0,0,0.164
CUST_03871,59,Month-to-month,2703.14,0,24,1,1,1,45.81593220338983,0,1,0.414
CUST_03872,60,One year,2543.27,1,18,0,1,0,42.38783333333333,0,0,0.233
CUST_03873,60,Two year,1453.97,1,9,0,0,0,24.232833333333335,0,0,0.182
CUST_03874,66,Month-to-month,829.94,0,16,0,0,0,12.574848484848486,0,1,0.323
CUST_03875,35,One year,1002.73,0,20,0,1,1,28.649428571428572,0,0,0.207
CUST_03876,6,Month-to-month,2372.07,0,12,0,1,1,395.345,0,1,0.631
CUST_03877,30,One year,1782.15,0,9,1,1,0,59.405,0,0,0.23
CUST_03878,68,Two year,2661.84,2,13,0,1,0,39.144705882352945,0,0,0.257
CUST_03879,51,One year,605.51,4,25,0,1,1,11.872745098039216,1,0,0.534
CUST_03880,19,Month-to-month,1115.47,2,25,0,0,1,58.70894736842106,0,1,0.826
CUST_03881,48,Month-to-month,1171.93,1,29,0,1,0,24.415208333333336,0,1,0.389
CUST_03882,1,Month-to-month,1696.33,3,13,0,0,1,1696.33,1,1,0.889
CUST_03883,17,Month-to-month,1557.3,1,19,0,1,1,91.60588235294118,0,1,0.731
CUST_03884,60,Month-to-month,994.87,7,22,0,1,1,16.581166666666668,1,1,0.695
CUST_03885,56,Month-to-month,2694.28,1,8,1,1,1,48.112142857142864,0,1,0.431
CUST_03886,19,Month-to-month,1378.34,3,14,0,0,1,72.54421052631578,1,1,0.789
CUST_03887,15,One year,1614.01,2,17,0,1,1,107.60066666666667,0,0,0.515
CUST_03888,56,Two year,2849.74,3,21,0,1,0,50.888214285714284,1,0,0.388
CUST_03889,15,Two year,1174.9,1,9,0,0,1,78.32666666666667,0,0,0.343
CUST_03890,8,Month-to-month,685.1,3,24,0,1,0,85.6375,1,1,0.677
CUST_03891,32,One year,996.12,1,12,0,1,0,31.12875,0,0,0.157
CUST_03892,68,Month-to-month,2735.1,1,15,0,0,1,40.22205882352941,0,1,0.54
CUST_03893,36,Month-to-month,357.65,2,18,0,0,1,9.934722222222222,0,1,0.245
CUST_03894,33,One year,463.24,1,0,0,0,0,14.037575757575757,0,0,0.123
CUST_03895,8,Month-to-month,799.89,1,6,0,0,1,99.98625,0,1,0.579
CUST_03896,69,Two year,515.37,1,18,0,0,0,7.469130434782609,0,0,0.097
CUST_03897,56,Month-to-month,2922.72,0,3,0,0,1,52.19142857142857,0,1,0.697
CUST_03898,50,Month-to-month,540.62,2,9,0,0,0,10.8124,0,1,0.319
CUST_03899,57,Month-to-month,2446.28,0,11,0,1,0,42.91719298245614,0,1,0.309
CUST_03900,63,Month-to-month,1515.62,2,19,0,0,1,24.057460317460315,0,1,0.511
CUST_03901,35,Month-to-month,2879.83,0,6,1,1,1,82.28085714285714,0,1,0.659
CUST_03902,52,Two year,1171.85,2,23,0,0,0,22.53557692307692,0,0,0.228
CUST_03903,45,Month-to-month,375.75,2,9,0,0,0,8.35,0,1,0.269
CUST_03904,69,One year,798.31,2,29,0,0,1,11.569710144927535,0,0,0.527
CUST_03905,30,Month-to-month,1512.97,1,16,1,0,1,50.43233333333333,0,1,0.683
CUST_03906,3,Month-to-month,870.38,1,7,0,0,0,290.12666666666667,0,1,0.624
CUST_03907,47,One year,2403.68,0,11,0,1,1,51.14212765957446,0,0,0.313
CUST_03908,2,Month-to-month,1713.38,3,21,0,0,1,856.69,1,1,0.906
CUST_03909,57,Month-to-month,2417.71,2,23,0,1,0,42.4159649122807,0,1,0.462
CUST_03910,1,Month-to-month,1456.82,0,6,0,1,1,1456.82,0,1,0.501
CUST_03911,28,Month-to-month,598.68,1,7,0,1,1,21.381428571428568,0,1,0.463
CUST_03912,65,One year,331.55,1,1,0,0,0,5.100769230769231,0,0,0.099
CUST_03913,47,Month-to-month,464.05,1,3,1,0,0,9.87340425531915,0,1,0.38
CUST_03914,67,One year,1321.49,1,6,0,1,0,19.723731343283582,0,0,0.069
CUST_03915,18,Two year,2770.37,1,19,0,0,1,153.90944444444443,0,0,0.643
CUST_03916,20,Month-to-month,700.19,2,0,0,0,0,35.0095,0,1,0.51
CUST_03917,38,Month-to-month,470.11,1,17,1,1,1,12.371315789473684,0,1,0.245
CUST_03918,8,Month-to-month,1600.46,2,4,0,1,0,200.0575,0,1,0.582
CUST_03919,26,Month-to-month,813.57,1,16,0,0,1,31.291153846153847,0,1,0.591
CUST_03920,28,Two year,834.58,3,28,0,1,1,29.806428571428572,1,0,0.531
CUST_03921,38,Two year,989.12,0,19,0,1,0,26.029473684210526,0,0,0.211
CUST_03922,28,One year,311.34,3,10,0,0,0,11.119285714285713,1,0,0.117
CUST_03923,38,Two year,2948.78,4,14,0,1,1,77.59947368421054,1,0,0.661
CUST_03924,69,Month-to-month,782.66,0,11,0,1,0,11.342898550724637,0,1,0.199
CUST_03925,60,One year,638.12,0,16,0,1,0,10.635333333333334,0,0,0.085
CUST_03926,34,Two year,2049.39,1,24,0,1,0,60.27617647058823,0,0,0.291
CUST_03927,67,Two year,1842.37,0,12,0,0,0,27.498059701492537,0,0,0.247
CUST_03928,17,Month-to-month,1741.33,4,22,0,1,1,102.43117647058823,1,1,0.841
CUST_03929,41,Month-to-month,2410.52,1,12,0,0,1,58.79317073170731,0,1,0.641
CUST_03930,52,Month-to-month,2252.12,2,27,1,1,1,43.309999999999995,0,1,0.534
CUST_03931,38,Month-to-month,968.21,3,24,0,0,0,25.47921052631579,1,1,0.523
CUST_03932,62,One year,2475.83,2,5,0,0,0,39.93274193548387,0,0,0.149
CUST_03933,9,Month-to-month,2000.85,0,19,0,1,0,222.31666666666666,0,1,0.577
CUST_03934,22,Month-to-month,2512.3,2,2,0,0,1,114.19545454545455,0,1,0.721
CUST_03935,5,Month-to-month,2399.63,1,24,1,0,1,479.92600000000004,0,1,0.862
CUST_03936,52,Two year,1912.71,0,26,1,1,0,36.78288461538462,0,0,0.228
CUST_03937,10,One year,2484.68,1,21,0,0,1,248.468,0,0,0.549
CUST_03938,58,Month-to-month,1764.84,2,28,1,1,0,30.428275862068965,0,1,0.47
CUST_03939,40,One year,637.42,1,18,0,0,0,15.9355,0,0,0.197
CUST_03940,18,Two year,773.55,1,13,1,1,0,42.974999999999994,0,0,0.209
CUST_03941,19,Month-to-month,2900.09,1,25,0,0,1,152.63631578947368,0,1,0.834
CUST_03942,46,One year,1061.1,1,16,0,1,0,23.067391304347826,0,0,0.174
CUST_03943,10,Month-to-month,2102.97,3,2,0,0,1,210.29699999999997,1,1,0.787
CUST_03944,22,One year,633.6,1,13,1,1,0,28.8,0,0,0.245
CUST_03945,15,Month-to-month,1385.64,2,22,0,0,1,92.376,0,1,0.801
CUST_03946,56,Month-to-month,2156.6,2,28,0,1,0,38.510714285714286,0,1,0.464
CUST_03947,1,Two year,413.92,0,1,0,0,1,413.92,0,0,0.212
CUST_03948,57,Month-to-month,2240.28,1,27,0,1,1,39.30315789473685,0,1,0.449
CUST_03949,14,Two year,2062.04,0,5,0,0,0,147.28857142857143,0,0,0.285
CUST_03950,6,Month-to-month,1620.34,3,4,0,0,1,270.0566666666667,1,1,0.741
CUST_03951,58,Month-to-month,543.32,3,29,0,1,0,9.367586206896553,1,1,0.454
CUST_03952,4,Two year,1143.63,0,5,0,1,0,285.9075,0,0,0.198
CUST_03953,4,One year,2399.45,2,13,0,0,1,599.8625,0,0,0.501
CUST_03954,5,One year,2211.46,2,12,1,0,0,442.29200000000003,0,0,0.481
CUST_03955,44,Month-to-month,727.44,0,10,1,0,0,16.532727272727275,0,1,0.322
CUST_03956,19,Month-to-month,2389.31,2,8,1,0,1,125.75315789473684,0,1,0.753
CUST_03957,56,One year,1848.2,2,18,1,0,1,33.003571428571426,0,0,0.345
CUST_03958,53,Month-to-month,2995.99,1,8,0,0,1,56.528113207547165,0,1,0.689
CUST_03959,12,Month-to-month,2498.38,1,25,0,0,1,208.19833333333335,0,1,0.814
CUST_03960,8,Two year,2003.12,1,18,0,0,0,250.39,0,0,0.51
CUST_03961,27,Month-to-month,2257.7,0,19,0,0,1,83.61851851851851,0,1,0.673
CUST_03962,6,One year,2246.57,2,3,0,1,0,374.42833333333334,0,0,0.246
CUST_03963,62,One year,2849.02,3,14,0,1,1,45.95193548387097,1,0,0.502
CUST_03964,57,One year,1932.71,2,2,0,0,0,33.90719298245614,0,0,0.137
CUST_03965,26,Two year,1669.08,2,12,0,1,0,64.19538461538461,0,0,0.362
CUST_03966,29,Month-to-month,2291.42,3,24,0,0,0,79.01448275862069,1,1,0.774
CUST_03967,66,Month-to-month,386.98,1,11,0,1,0,5.863333333333333,0,1,0.127
CUST_03968,66,One year,2511.7,1,12,0,0,0,38.056060606060605,0,0,0.261
CUST_03969,54,Two year,2805.08,1,13,1,0,0,51.94592592592593,0,0,0.409
CUST_03970,61,Month-to-month,825.2,0,21,0,0,0,13.527868852459017,0,1,0.439
CUST_03971,40,Month-to-month,1015.21,1,6,1,1,1,25.38025,0,1,0.42
CUST_03972,41,One year,2658.08,0,0,0,0,0,64.83121951219512,0,0,0.217
CUST_03973,68,Month-to-month,2607.28,1,20,0,0,1,38.34235294117647,0,1,0.546
CUST_03974,19,Month-to-month,1924.41,3,2,0,0,1,101.28473684210526,1,1,0.736
CUST_03975,50,Month-to-month,2560.1,1,24,0,0,1,51.202,0,1,0.613
CUST_03976,34,Month-to-month,496.9,4,0,1,0,1,14.61470588235294,1,1,0.68
CUST_03977,18,One year,891.86,1,25,0,0,1,49.54777777777778,0,0,0.52
CUST_03978,53,Month-to-month,2961.38,1,24,0,1,1,55.87509433962264,0,1,0.725
CUST_03979,47,Month-to-month,1572.26,0,4,0,0,0,33.452340425531915,0,1,0.301
CUST_03980,2,Two year,2079.99,0,9,0,0,0,1039.995,0,0,0.367
CUST_03981,60,Month-to-month,2715.08,2,16,0,0,1,45.251333333333335,0,1,0.577
CUST_03982,56,Month-to-month,2581.93,3,14,0,1,1,46.105892857142855,1,1,0.598
CUST_03983,20,Two year,460.95,0,15,0,1,1,23.0475,0,0,0.393
CUST_03984,47,One year,2405.49,0,23,0,1,0,51.180638297872335,0,0,0.29
CUST_03985,36,Month-to-month,484.11,4,2,0,0,0,13.4475,1,1,0.515
CUST_03986,44,Two year,2860.68,1,20,0,0,0,65.01545454545455,0,0,0.494
CUST_03987,64,Month-to-month,569.87,2,17,1,1,0,8.90421875,0,1,0.222
CUST_03988,55,One year,2613.57,0,14,1,1,1,47.51945454545455,0,0,0.385
CUST_03989,52,Month-to-month,2019.63,1,25,0,1,1,38.839038461538465,0,1,0.465
CUST_03990,43,Month-to-month,2433.9,1,16,0,0,0,56.60232558139535,0,1,0.574
CUST_03991,51,Month-to-month,472.76,1,21,1,0,0,9.269803921568627,0,1,0.343
CUST_03992,32,One year,389.64,2,23,0,1,0,12.17625,0,0,0.137
CUST_03993,32,Two year,1474.92,1,3,0,1,1,46.09125,0,0,0.279
CUST_03994,14,Month-to-month,1747.53,1,12,0,1,1,124.82357142857143,0,1,0.687
CUST_03995,20,Month-to-month,1310.57,0,23,0,0,0,65.5285,0,1,0.59
CUST_03996,45,One year,781.72,0,16,1,1,0,17.371555555555556,0,0,0.148
CUST_03997,71,Month-to-month,481.92,0,19,0,0,0,6.7876056338028175,0,1,0.275
CUST_03998,70,Month-to-month,1669.08,1,15,0,0,0,23.843999999999998,0,1,0.39
CUST_03999,31,One year,1087.32,1,16,0,1,1,35.074838709677415,0,0,0.197
CUST_04000,50,One year,317.31,2,4,0,0,0,6.3462,0,0,0.105
CUST_04001,18,Month-to-month,779.64,1,10,0,0,0,43.31333333333333,0,1,0.435
CUST_04002,18,Month-to-month,1175.0,0,22,0,1,1,65.27777777777777,0,1,0.599
CUST_04003,41,Month-to-month,2099.1,2,12,0,1,0,51.197560975609754,0,1,0.472
CUST_04004,34,One year,1902.35,2,3,1,0,0,55.95147058823529,0,0,0.299
CUST_04005,43,Two year,996.3,1,23,0,1,1,23.169767441860465,0,0,0.238
CUST_04006,64,One year,2932.56,1,10,0,1,0,45.82125,0,0,0.36
CUST_04007,48,Month-to-month,2553.72,1,17,0,0,1,53.20249999999999,0,1,0.609
CUST_04008,20,Two year,1788.57,1,20,0,0,1,89.4285,0,0,0.587
CUST_04009,67,One year,2111.9,3,11,0,0,1,31.52089552238806,1,0,0.465
CUST_04010,69,Month-to-month,1069.91,2,10,0,1,1,15.505942028985508,0,1,0.357
CUST_04011,7,Month-to-month,2095.14,1,15,0,1,1,299.30571428571426,0,1,0.728
CUST_04012,35,Two year,767.34,2,9,0,0,0,21.924,0,0,0.131
CUST_04013,46,Two year,619.18,1,20,0,0,0,13.460434782608695,0,0,0.161
CUST_04014,50,One year,1044.69,2,1,1,0,0,20.893800000000002,0,0,0.1
CUST_04015,18,Two year,2926.4,3,20,0,1,1,162.57777777777778,1,0,0.69
CUST_04016,26,Month-to-month,2654.93,2,6,0,0,0,102.1126923076923,0,1,0.687
CUST_04017,23,One year,2068.15,1,9,0,1,0,89.91956521739131,0,0,0.316
CUST_04018,8,Month-to-month,2657.46,1,5,0,0,0,332.1825,0,1,0.74
CUST_04019,35,One year,2160.17,3,3,0,1,0,61.719142857142856,1,0,0.508
CUST_04020,25,Month-to-month,1621.57,1,29,1,0,1,64.8628,0,1,0.771
CUST_04021,31,One year,1069.79,2,27,0,0,1,34.509354838709676,0,0,0.333
CUST_04022,22,One year,600.98,3,5,1,1,0,27.317272727272726,1,0,0.369
CUST_04023,1,Month-to-month,2957.26,1,19,0,1,1,2957.26,0,1,0.858
CUST_04024,64,Month-to-month,1044.87,5,11,0,0,1,16.32609375,1,1,0.537
CUST_04025,65,Two year,2677.22,2,13,0,0,0,41.187999999999995,0,0,0.317
CUST_04026,56,Month-to-month,1590.39,1,29,0,0,0,28.399821428571432,0,1,0.503
CUST_04027,35,Month-to-month,951.7,2,8,0,1,1,27.191428571428574,0,1,0.445
CUST_04028,69,Month-to-month,1109.74,1,18,0,1,0,16.083188405797102,0,1,0.352
CUST_04029,35,One year,1153.09,2,16,0,1,0,32.94542857142857,0,0,0.195
CUST_04030,27,Month-to-month,1622.82,1,23,0,0,0,60.10444444444444,0,1,0.603
CUST_04031,36,Month-to-month,2843.04,1,20,0,0,1,78.97333333333333,0,1,0.719
CUST_04032,39,Two year,1041.81,0,2,0,0,1,26.713076923076922,0,0,0.234
CUST_04033,30,Two year,1862.06,3,10,0,0,0,62.068666666666665,1,0,0.462
CUST_04034,56,One year,570.16,1,0,0,0,0,10.18142857142857,0,0,0.123
CUST_04035,18,One year,2515.87,3,22,0,1,0,139.77055555555555,1,0,0.593
CUST_04036,31,Month-to-month,1746.62,2,27,0,0,1,56.342580645161284,0,1,0.769
CUST_04037,47,Two year,1601.48,1,26,1,1,0,34.07404255319149,0,0,0.231
CUST_04038,45,Month-to-month,1042.31,2,14,1,0,0,23.162444444444443,0,1,0.4
CUST_04039,65,One year,1470.25,2,3,0,0,0,22.619230769230768,0,0,0.112
CUST_04040,27,Month-to-month,2616.14,1,18,1,1,1,96.89407407407407,0,1,0.727
CUST_04041,71,One year,315.36,1,2,0,0,0,4.44169014084507,0,0,0.134
CUST_04042,49,Month-to-month,2277.18,2,5,1,0,0,46.47306122448979,0,1,0.406
CUST_04043,60,One year,526.5,2,11,1,0,0,8.775,0,0,0.081
CUST_04044,21,Two year,2810.61,2,10,0,0,1,133.83857142857144,0,0,0.528
CUST_04045,30,Two year,1827.95,2,14,0,1,1,60.931666666666665,0,0,0.36
CUST_04046,67,Month-to-month,1263.84,2,14,0,1,0,18.86328358208955,0,1,0.386
CUST_04047,56,Month-to-month,1386.17,2,25,0,0,0,24.753035714285716,0,1,0.498
CUST_04048,68,Month-to-month,1186.53,0,3,0,0,1,17.448970588235294,0,1,0.3
CUST_04049,21,Month-to-month,2658.22,3,9,0,0,0,126.58190476190475,1,1,0.658
CUST_04050,30,Two year,351.67,1,10,0,0,0,11.722333333333333,0,0,0.109
CUST_04051,39,Month-to-month,1067.25,0,8,0,0,0,27.365384615384617,0,1,0.355
CUST_04052,28,Month-to-month,959.32,0,11,0,0,1,34.261428571428574,0,1,0.518
CUST_04053,69,One year,2315.07,2,27,0,1,0,33.55173913043478,0,0,0.311
CUST_04054,11,Month-to-month,1880.17,1,17,0,0,1,170.92454545454547,0,1,0.773
CUST_04055,34,One year,2642.63,5,8,0,1,0,77.72441176470589,1,0,0.472
CUST_04056,21,One year,586.63,1,15,0,0,0,27.934761904761906,0,0,0.298
CUST_04057,41,Month-to-month,1789.84,4,2,0,1,0,43.654634146341465,1,1,0.47
CUST_04058,57,Month-to-month,2063.73,1,7,0,0,0,36.20578947368421,0,1,0.359
CUST_04059,10,Month-to-month,1256.34,1,25,0,1,1,125.63399999999999,0,1,0.795
CUST_04060,29,Month-to-month,2602.4,1,15,0,0,1,89.73793103448276,0,1,0.723
CUST_04061,23,Month-to-month,999.0,1,2,0,1,1,43.43478260869565,0,1,0.443
CUST_04062,18,Two year,981.06,2,7,0,0,0,54.50333333333333,0,0,0.323
CUST_04063,3,Month-to-month,1293.44,4,7,0,1,0,431.1466666666667,1,1,0.492
CUST_04064,8,One year,1587.1,3,9,1,0,1,198.3875,1,0,0.599
CUST_04065,1,One year,1531.79,0,6,0,0,0,1531.79,0,0,0.329
CUST_04066,12,Two year,748.02,3,14,1,0,0,62.335,1,0,0.433
CUST_04067,55,Month-to-month,1432.6,2,14,0,1,1,26.047272727272727,0,1,0.381
CUST_04068,52,Month-to-month,717.44,2,25,0,0,1,13.796923076923077,0,1,0.587
CUST_04069,60,One year,2147.39,0,25,0,1,0,35.789833333333334,0,0,0.218
CUST_04070,68,One year,371.64,0,25,0,1,0,5.465294117647058,0,0,0.107
CUST_04071,71,Month-to-month,2818.53,0,20,1,0,1,39.69760563380282,0,1,0.614
CUST_04072,35,Month-to-month,1678.49,0,9,0,1,1,47.956857142857146,0,1,0.404
CUST_04073,10,Month-to-month,617.74,3,21,0,0,1,61.774,1,1,0.783
CUST_04074,19,Month-to-month,1319.42,1,10,0,0,1,69.44315789473684,0,1,0.618
CUST_04075,21,Month-to-month,1222.73,1,1,0,1,0,58.2252380952381,0,1,0.484
CUST_04076,20,One year,2583.21,2,29,0,0,1,129.1605,0,0,0.649
CUST_04077,55,Month-to-month,831.52,6,23,0,1,1,15.118545454545455,1,1,0.682
CUST_04078,19,Month-to-month,1189.94,4,24,1,0,1,62.62842105263158,1,1,0.831
CUST_04079,36,One year,757.55,3,21,1,0,0,21.043055555555554,1,0,0.171
CUST_04080,15,Month-to-month,897.31,2,5,1,1,0,59.82066666666666,0,1,0.527
CUST_04081,46,Month-to-month,2851.7,2,13,0,0,0,61.99347826086956,0,1,0.636
CUST_04082,28,Month-to-month,2570.82,1,29,0,1,0,91.81500000000001,0,1,0.674
CUST_04083,1,Month-to-month,1967.28,0,7,0,1,1,1967.28,0,1,0.464
CUST_04084,45,Month-to-month,1095.67,0,10,0,0,1,24.348222222222223,0,1,0.318
CUST_04085,65,Month-to-month,2898.04,2,24,0,1,1,44.58523076923077,0,1,0.562
CUST_04086,53,One year,657.49,0,24,0,0,0,12.405471698113208,0,0,0.218
CUST_04087,64,One year,2763.17,1,22,0,1,0,43.17453125,0,0,0.311
CUST_04088,54,Month-to-month,1676.29,0,12,1,0,0,31.042407407407406,0,1,0.364
CUST_04089,37,Month-to-month,728.56,2,1,1,1,1,19.69081081081081,0,1,0.422
CUST_04090,32,Month-to-month,2739.87,2,1,0,1,0,85.6209375,0,1,0.557
CUST_04091,17,One year,1596.82,2,11,0,0,0,93.93058823529411,0,0,0.453
CUST_04092,12,Month-to-month,1585.74,2,19,0,1,1,132.145,0,1,0.781
CUST_04093,42,Month-to-month,1503.91,2,19,0,1,1,35.80738095238095,0,1,0.438
CUST_04094,41,Two year,792.53,3,0,0,0,0,19.33,1,0,0.112
CUST_04095,38,One year,1777.86,1,9,0,0,0,46.78578947368421,0,0,0.255
CUST_04096,50,Month-to-month,792.68,1,21,0,0,1,15.853599999999998,0,1,0.55
CUST_04097,40,Month-to-month,2742.27,3,8,1,1,1,68.55675,1,1,0.678
CUST_04098,63,Month-to-month,1494.6,1,17,1,0,0,23.72380952380952,0,1,0.427
CUST_04099,21,Month-to-month,1255.28,3,2,0,0,1,59.775238095238095,1,1,0.755
CUST_04100,14,Two year,1542.86,2,27,0,0,1,110.2042857142857,0,0,0.699
CUST_04101,69,Month-to-month,1734.18,1,9,0,0,0,25.13304347826087,0,1,0.322
CUST_04102,17,Two year,2484.03,5,9,0,0,0,146.1194117647059,1,0,0.449
CUST_04103,52,One year,1680.07,1,18,0,1,0,32.309038461538464,0,0,0.17
CUST_04104,12,Month-to-month,2414.07,2,7,0,0,1,201.1725,0,1,0.742
CUST_04105,27,Month-to-month,1622.44,1,23,0,1,0,60.09037037037037,0,1,0.548
CUST_04106,7,Month-to-month,1669.08,1,8,1,1,0,238.44,0,1,0.528
CUST_04107,21,One year,1918.56,4,6,0,1,1,91.36,1,0,0.629
CUST_04108,66,Month-to-month,1407.23,0,24,1,0,1,21.321666666666665,0,1,0.567
CUST_04109,51,Month-to-month,811.8,2,9,0,0,0,15.917647058823528,0,1,0.329
CUST_04110,18,Two year,2416.75,2,23,0,0,0,134.26388888888889,0,0,0.577
CUST_04111,7,Two year,2997.02,1,15,1,1,0,428.1457142857143,0,0,0.407
CUST_04112,11,Month-to-month,983.18,1,16,0,0,0,89.38,0,1,0.624
CUST_04113,51,Month-to-month,701.61,3,10,0,1,0,13.757058823529412,1,1,0.4
CUST_04114,71,Month-to-month,623.71,3,29,0,0,0,8.784647887323944,1,1,0.518
CUST_04115,22,Month-to-month,2423.26,2,7,0,0,1,110.14818181818183,0,1,0.733
CUST_04116,24,Month-to-month,2461.13,4,20,0,1,1,102.54708333333333,1,1,0.819
CUST_04117,67,Month-to-month,2718.93,1,5,0,0,1,40.5810447761194,0,1,0.517
CUST_04118,2,Month-to-month,2804.43,0,23,0,0,1,1402.215,0,1,0.748
CUST_04119,59,One year,896.95,2,28,0,0,0,15.202542372881357,0,0,0.284
CUST_04120,13,Month-to-month,1449.85,2,12,0,0,1,111.52692307692307,0,1,0.725
CUST_04121,27,One year,2685.07,2,7,1,0,1,99.44703703703705,0,0,0.51
CUST_04122,26,One year,1865.41,0,18,0,1,0,71.74653846153846,0,0,0.361
CUST_04123,33,Month-to-month,2247.2,4,5,0,0,1,68.0969696969697,1,1,0.774
CUST_04124,67,Month-to-month,2401.25,0,11,0,1,0,35.83955223880597,0,1,0.281
CUST_04125,63,Month-to-month,975.61,1,16,1,1,1,15.485873015873016,0,1,0.36
CUST_04126,63,One year,2572.76,2,29,0,1,0,40.83746031746032,0,0,0.337
CUST_04127,26,Two year,1099.66,0,2,0,0,0,42.29461538461539,0,0,0.236
CUST_04128,56,Month-to-month,1338.29,0,3,0,0,0,23.898035714285715,0,1,0.258
CUST_04129,56,Month-to-month,1577.67,2,0,0,0,0,28.172678571428573,0,1,0.31
CUST_04130,25,Month-to-month,1331.51,1,0,0,1,0,53.2604,0,1,0.406
CUST_04131,38,Month-to-month,2048.84,0,29,0,1,1,53.916842105263164,0,1,0.635
CUST_04132,52,Month-to-month,1171.67,1,20,0,1,1,22.532115384615388,0,1,0.379
CUST_04133,63,Month-to-month,2240.75,0,27,0,1,1,35.567460317460316,0,1,0.437
CUST_04134,28,One year,1761.84,5,20,1,0,1,62.92285714285714,1,0,0.682
CUST_04135,37,Month-to-month,382.08,6,2,0,1,1,10.326486486486486,1,1,0.643
CUST_04136,36,Month-to-month,2115.84,5,22,0,0,0,58.77333333333334,1,1,0.654
CUST_04137,58,Two year,2631.3,0,12,0,0,1,45.36724137931035,0,0,0.326
CUST_04138,46,One year,1380.89,0,9,0,0,0,30.01934782608696,0,0,0.233
CUST_04139,26,Month-to-month,383.75,2,1,0,0,0,14.759615384615385,0,1,0.273
CUST_04140,44,Two year,2405.51,2,6,0,0,0,54.670681818181826,0,0,0.315
CUST_04141,23,Month-to-month,1067.18,2,24,0,0,0,46.39913043478261,0,1,0.566
CUST_04142,34,One year,2718.83,3,20,0,1,0,79.96558823529412,1,0,0.583
CUST_04143,41,Month-to-month,2439.07,2,17,0,1,0,59.489512195121954,0,1,0.533
CUST_04144,53,Month-to-month,437.16,1,19,0,1,0,8.248301886792452,0,1,0.163
CUST_04145,71,Month-to-month,2927.52,2,10,0,1,0,41.23267605633803,0,1,0.419
CUST_04146,51,Month-to-month,1242.46,2,21,0,0,1,24.361960784313727,0,1,0.544
CUST_04147,11,Month-to-month,1904.93,2,24,0,0,1,173.17545454545456,0,1,0.831
CUST_04148,62,Month-to-month,739.51,1,13,0,0,0,11.92758064516129,0,1,0.327
CUST_04149,39,Month-to-month,2883.16,1,27,0,1,1,73.92717948717949,0,1,0.737
CUST_04150,8,Month-to-month,1401.38,3,12,0,1,1,175.1725,1,1,0.776
CUST_04151,32,Two year,1175.7,1,25,0,0,0,36.740625,0,0,0.289
CUST_04152,67,Two year,2849.09,1,26,0,1,1,42.523731343283586,0,0,0.483
CUST_04153,14,Two year,2204.61,0,15,0,1,1,157.47214285714287,0,0,0.448
CUST_04154,58,Month-to-month,1210.42,1,16,0,0,1,20.86931034482759,0,1,0.434
CUST_04155,13,Month-to-month,789.14,2,24,0,0,1,60.70307692307692,0,1,0.846
CUST_04156,44,Two year,510.14,1,25,0,1,0,11.594090909090909,0,0,0.163
CUST_04157,51,Month-to-month,1480.5,2,7,0,0,0,29.029411764705884,0,1,0.349
CUST_04158,44,Month-to-month,1669.08,4,10,0,0,1,37.93363636363636,1,1,0.68
CUST_04159,30,One year,1279.91,4,21,0,0,0,42.66366666666667,1,0,0.451
CUST_04160,59,One year,1677.06,1,18,0,0,0,28.424745762711865,0,0,0.275
CUST_04161,60,One year,1669.08,2,2,0,0,0,27.817999999999998,0,0,0.148
CUST_04162,23,Two year,1180.31,3,18,0,0,1,51.31782608695652,1,0,0.601
CUST_04163,8,Two year,796.43,4,4,1,0,0,99.55375,1,0,0.533
CUST_04164,50,Month-to-month,2739.97,5,5,0,0,1,54.7994,1,1,0.804
CUST_04165,37,Month-to-month,2087.26,4,6,0,0,1,56.41243243243244,1,1,0.789
CUST_04166,70,One year,2280.74,0,0,1,1,0,32.581999999999994,0,0,0.135
CUST_04167,50,Month-to-month,1589.54,1,20,0,1,0,31.7908,0,1,0.368
CUST_04168,39,Month-to-month,1521.82,1,14,0,0,1,39.02102564102564,0,1,0.526
CUST_04169,39,Month-to-month,1353.63,0,19,0,1,0,34.70846153846154,0,1,0.366
CUST_04170,42,Two year,379.1,2,14,0,0,1,9.026190476190477,0,0,0.198
CUST_04171,69,One year,832.1,0,9,0,1,0,12.059420289855073,0,0,0.076
CUST_04172,4,Month-to-month,618.06,0,24,0,1,1,154.515,0,1,0.68
CUST_04173,34,Month-to-month,2206.23,2,6,0,0,1,64.88911764705882,0,1,0.659
CUST_04174,14,One year,1895.47,2,2,0,1,0,135.3907142857143,0,0,0.239
CUST_04175,57,Month-to-month,1264.06,1,15,0,1,0,22.176491228070173,0,1,0.331
CUST_04176,20,One year,2635.78,1,18,0,0,1,131.78900000000002,0,0,0.527
CUST_04177,1,Two year,1086.34,2,23,0,1,1,1086.34,0,0,0.719
CUST_04178,31,One year,2733.53,1,12,0,0,0,88.1783870967742,0,0,0.47
CUST_04179,34,One year,1722.6,0,10,1,1,0,50.66470588235294,0,0,0.24
CUST_04180,16,One year,1112.57,5,13,0,1,0,69.535625,1,0,0.473
CUST_04181,45,One year,958.33,1,21,1,0,1,21.296222222222223,0,0,0.234
CUST_04182,40,Month-to-month,1669.08,0,13,1,0,0,41.727,0,1,0.449
CUST_04183,67,One year,324.27,2,1,0,1,0,4.839850746268657,0,0,0.087
CUST_04184,6,Month-to-month,853.89,3,28,0,1,1,142.315,1,1,0.873
CUST_04185,13,Month-to-month,462.65,4,1,0,0,1,35.58846153846154,1,1,0.799
CUST_04186,22,Month-to-month,1803.18,0,27,0,0,1,81.96272727272728,0,1,0.717
CUST_04187,7,One year,1079.58,1,12,0,0,0,154.22571428571428,0,0,0.396
CUST_04188,14,One year,687.84,2,17,1,0,1,49.13142857142857,0,0,0.444
CUST_04189,30,Month-to-month,1233.72,5,21,0,0,1,41.124,1,1,0.814
CUST_04190,59,One year,1566.36,0,7,0,1,1,26.548474576271186,0,0,0.089
CUST_04191,4,Month-to-month,649.25,0,5,0,0,0,162.3125,0,1,0.33
CUST_04192,59,Month-to-month,2858.61,1,5,1,1,0,48.451016949152546,0,1,0.408
CUST_04193,50,Month-to-month,1957.68,1,8,0,1,1,39.153600000000004,0,1,0.32
CUST_04194,57,One year,2891.4,1,21,0,0,1,50.72631578947369,0,0,0.482
CUST_04195,53,Two year,2218.49,3,20,1,0,1,41.85830188679245,1,0,0.439
CUST_04196,7,Month-to-month,407.87,1,12,0,1,0,58.26714285714286,0,1,0.473
CUST_04197,1,One year,802.06,2,3,0,1,1,802.06,0,0,0.515
CUST_04198,62,Two year,1766.6,0,9,0,1,0,28.493548387096773,0,0,0.125
CUST_04199,50,Month-to-month,1631.88,2,5,0,1,1,32.6376,0,1,0.322
CUST_04200,44,Two year,1371.99,0,10,0,1,0,31.18159090909091,0,0,0.176
CUST_04201,8,Month-to-month,2579.22,1,13,0,0,1,322.4025,0,1,0.796
CUST_04202,31,Month-to-month,1551.04,2,9,0,1,1,50.03354838709677,0,1,0.493
CUST_04203,22,Two year,955.74,4,1,0,0,0,43.442727272727275,1,0,0.363
CUST_04204,57,Two year,559.14,1,25,0,0,0,9.809473684210525,0,0,0.124
CUST_04205,46,Month-to-month,2102.39,1,0,0,1,0,45.704130434782606,0,1,0.29
CUST_04206,15,Two year,1185.91,1,22,0,0,1,79.06066666666668,0,0,0.624
CUST_04207,59,Month-to-month,1861.45,3,8,0,0,1,31.55,1,1,0.468
CUST_04208,54,One year,1083.41,3,17,0,1,0,20.063148148148148,1,0,0.131
CUST_04209,56,Month-to-month,892.3,1,21,0,0,1,15.93392857142857,0,1,0.516
CUST_04210,27,Two year,982.79,2,3,0,0,0,36.39962962962963,0,0,0.189
CUST_04211,13,Month-to-month,670.73,1,13,0,0,1,51.59461538461539,0,1,0.637
CUST_04212,14,One year,1669.08,1,28,1,1,1,119.22,0,0,0.572
CUST_04213,7,Two year,1285.62,0,19,0,1,0,183.66,0,0,0.427
CUST_04214,8,Month-to-month,2599.06,4,17,0,0,1,324.8825,1,1,0.876
CUST_04215,4,One year,983.16,2,5,0,1,0,245.79,0,0,0.282
CUST_04216,42,Month-to-month,2884.8,2,13,0,1,1,68.68571428571428,0,1,0.716
CUST_04217,37,Month-to-month,1445.54,1,1,0,0,0,39.06864864864865,0,1,0.391
CUST_04218,9,One year,2726.64,4,23,1,1,1,302.96,1,0,0.542
CUST_04219,34,Month-to-month,2054.02,1,14,0,0,0,60.41235294117647,0,1,0.597
CUST_04220,66,Month-to-month,1934.51,2,14,1,1,0,29.310757575757577,0,1,0.464
CUST_04221,17,Month-to-month,2859.16,2,24,1,0,1,168.18588235294118,0,1,0.858
CUST_04222,61,Month-to-month,491.91,2,3,0,1,0,8.064098360655738,0,1,0.192
CUST_04223,69,Month-to-month,1769.2,1,7,0,1,1,25.640579710144927,0,1,0.298
CUST_04224,58,Month-to-month,2894.3,1,16,0,0,0,49.90172413793104,0,1,0.546
CUST_04225,28,Month-to-month,393.65,0,22,1,1,1,14.05892857142857,0,1,0.609
CUST_04226,23,One year,2584.1,1,11,0,1,1,112.35217391304347,0,0,0.426
CUST_04227,54,Month-to-month,2852.3,0,26,0,1,0,52.82037037037038,0,1,0.426
CUST_04228,47,Month-to-month,1456.91,1,20,0,1,0,30.99808510638298,0,1,0.369
CUST_04229,62,Month-to-month,2161.07,0,18,0,1,1,34.85596774193549,0,1,0.356
CUST_04230,40,Month-to-month,1029.66,5,5,0,1,1,25.741500000000002,1,1,0.608
CUST_04231,59,Month-to-month,557.34,0,19,0,0,0,9.446440677966102,0,1,0.235
CUST_04232,4,Month-to-month,1046.81,2,6,0,1,1,261.7025,0,1,0.683
CUST_04233,57,Month-to-month,1830.55,3,20,1,1,0,32.11491228070175,1,1,0.576
CUST_04234,60,One year,2153.29,1,9,0,0,1,35.88816666666666,0,0,0.239
CUST_04235,69,One year,2089.02,2,3,1,0,1,30.275652173913045,0,0,0.332
CUST_04236,70,Month-to-month,2020.79,2,3,0,1,1,28.86842857142857,0,1,0.425
CUST_04237,56,Two year,1090.65,2,15,1,0,0,19.47589285714286,0,0,0.179
CUST_04238,11,Two year,1013.29,1,24,0,1,0,92.11727272727272,0,0,0.463
CUST_04239,58,Two year,2701.59,5,8,0,1,0,46.57913793103449,1,0,0.222
CUST_04240,62,Month-to-month,1074.55,1,5,1,0,1,17.331451612903226,0,1,0.358
CUST_04241,14,One year,753.17,0,20,1,1,0,53.79785714285714,0,0,0.31
CUST_04242,27,Month-to-month,2470.1,3,4,0,0,0,91.48518518518519,1,1,0.694
CUST_04243,24,One year,888.5,1,2,0,1,1,37.020833333333336,0,0,0.227
CUST_04244,14,Two year,642.03,2,17,0,1,0,45.85928571428571,0,0,0.382
CUST_04245,51,Month-to-month,1937.57,5,27,0,1,1,37.99156862745098,1,1,0.869
CUST_04246,42,Two year,1884.59,3,21,0,0,1,44.87119047619048,1,0,0.514
CUST_04247,69,One year,2448.26,0,9,0,0,0,35.48202898550725,0,0,0.215
CUST_04248,18,Month-to-month,2491.48,6,16,0,1,1,138.41555555555556,1,1,0.809
CUST_04249,28,Two year,1099.52,1,22,1,1,0,39.26857142857143,0,0,0.27
CUST_04250,42,Month-to-month,2686.21,1,17,0,1,0,63.95738095238095,0,1,0.476
CUST_04251,8,Two year,2471.68,2,15,1,0,0,308.96,0,0,0.467
CUST_04252,51,Month-to-month,1712.75,1,19,0,0,0,33.583333333333336,0,1,0.497
CUST_04253,52,Month-to-month,2268.54,2,20,0,0,1,43.62576923076923,0,1,0.606
CUST_04254,27,Month-to-month,466.2,0,22,0,0,1,17.266666666666666,0,1,0.544
CUST_04255,38,Month-to-month,2760.77,0,29,0,1,0,72.65184210526316,0,1,0.439
CUST_04256,47,Month-to-month,447.12,2,4,0,0,1,9.513191489361702,0,1,0.394
CUST_04257,45,Month-to-month,2898.1,2,25,0,0,1,64.40222222222222,0,1,0.746
CUST_04258,24,One year,486.56,1,15,0,0,0,20.273333333333333,0,0,0.275
CUST_04259,22,Two year,1447.39,1,28,0,1,0,65.79045454545455,0,0,0.581
CUST_04260,68,Month-to-month,1507.84,0,22,1,1,1,22.17411764705882,0,1,0.51
CUST_04261,45,One year,1120.27,1,12,0,0,1,24.89488888888889,0,0,0.263
CUST_04262,55,Month-to-month,1633.15,1,24,0,1,1,29.693636363636365,0,1,0.451
CUST_04263,47,One year,2228.69,4,25,0,1,0,47.41893617021277,1,0,0.357
CUST_04264,10,Month-to-month,1857.76,1,27,0,0,1,185.776,0,1,0.834
CUST_04265,22,Month-to-month,928.23,1,26,0,1,1,42.19227272727273,0,1,0.578
CUST_04266,53,One year,2782.53,0,12,0,0,1,52.50056603773585,0,0,0.458
CUST_04267,53,One year,2094.83,0,14,0,1,0,39.52509433962264,0,0,0.191
CUST_04268,35,Month-to-month,2637.14,2,23,0,1,1,75.34685714285713,0,1,0.663
CUST_04269,25,Two year,2797.65,1,16,0,1,1,111.906,0,0,0.556
CUST_04270,14,Two year,763.97,2,10,0,1,0,54.56928571428572,0,0,0.333
CUST_04271,53,Month-to-month,409.63,1,29,0,0,0,7.728867924528302,0,1,0.267
CUST_04272,22,One year,1740.62,2,3,0,0,0,79.1190909090909,0,0,0.31
CUST_04273,9,One year,1634.89,1,13,0,1,1,181.65444444444447,0,0,0.385
CUST_04274,12,One year,1495.94,1,19,0,1,0,124.66166666666668,0,0,0.472
CUST_04275,7,Month-to-month,2536.99,0,20,0,1,1,362.4271428571428,0,1,0.676
CUST_04276,57,One year,2877.68,0,13,0,1,0,50.485614035087714,0,0,0.339
CUST_04277,63,Two year,839.7,2,27,0,0,0,13.32857142857143,0,0,0.311
CUST_04278,44,Two year,2479.81,0,22,0,1,0,56.35931818181818,0,0,0.294
CUST_04279,63,One year,1416.88,2,27,0,1,0,22.490158730158733,0,0,0.26
CUST_04280,34,Two year,836.88,0,12,0,1,0,24.614117647058823,0,0,0.179
CUST_04281,58,Month-to-month,1453.22,3,7,1,1,0,25.05551724137931,1,1,0.274
CUST_04282,31,Month-to-month,1669.08,2,1,0,1,0,53.84129032258064,0,1,0.432
CUST_04283,40,Month-to-month,2133.04,5,21,1,1,1,53.326,1,1,0.787
CUST_04284,8,Month-to-month,1953.34,0,26,0,1,1,244.1675,0,1,0.578
CUST_04285,43,Month-to-month,2714.81,1,22,0,1,0,63.13511627906976,0,1,0.489
CUST_04286,30,Month-to-month,1795.94,0,11,0,0,1,59.86466666666667,0,1,0.563
CUST_04287,35,Two year,620.04,4,1,0,1,0,17.71542857142857,1,0,0.106
CUST_04288,69,Month-to-month,2824.11,2,18,1,0,1,40.92913043478261,0,1,0.66
CUST_04289,10,Month-to-month,2013.95,1,4,0,1,1,201.395,0,1,0.579
CUST_04290,66,Month-to-month,2669.52,1,24,0,0,0,40.447272727272725,0,1,0.52
CUST_04291,62,Month-to-month,2453.28,1,18,1,0,1,39.56903225806452,0,1,0.532
CUST_04292,4,Two year,1400.67,2,24,0,0,1,350.1675,0,0,0.647
CUST_04293,54,Month-to-month,1065.08,1,23,0,0,1,19.723703703703702,0,1,0.487
CUST_04294,4,One year,2907.55,1,14,0,1,1,726.8875,0,0,0.639
CUST_04295,27,Two year,2376.15,0,20,0,0,0,88.00555555555556,0,0,0.454
CUST_04296,8,Month-to-month,2567.01,0,0,0,0,1,320.87625,0,1,0.592
CUST_04297,10,One year,1755.75,2,4,0,1,1,175.575,0,0,0.32
CUST_04298,32,One year,786.5,0,5,0,1,0,24.578125,0,0,0.109
CUST_04299,69,Month-to-month,2148.19,1,10,0,1,1,31.133188405797103,0,1,0.325
CUST_04300,55,Month-to-month,2125.61,1,16,0,0,1,38.64745454545455,0,1,0.46
CUST_04301,29,Two year,2192.25,2,18,0,1,0,75.59482758620689,0,0,0.373
CUST_04302,7,One year,1679.42,2,16,0,0,0,239.91714285714286,0,0,0.507
CUST_04303,58,Month-to-month,1299.54,1,3,0,1,0,22.405862068965515,0,1,0.257
CUST_04304,54,Month-to-month,1831.44,2,21,0,0,1,33.91555555555556,0,1,0.603
CUST_04305,18,One year,2348.79,3,8,0,0,0,130.48833333333334,1,0,0.45
CUST_04306,49,One year,2487.74,1,29,0,0,1,50.77020408163265,0,0,0.382
CUST_04307,40,Two year,589.47,2,21,0,1,0,14.73675,0,0,0.169
CUST_04308,11,One year,592.85,1,2,0,1,0,53.89545454545455,0,0,0.172
CUST_04309,27,Two year,618.34,1,18,0,0,0,22.901481481481483,0,0,0.257
CUST_04310,60,Month-to-month,2850.15,0,20,0,1,0,47.502500000000005,0,1,0.408
CUST_04311,30,One year,1194.27,1,27,0,0,1,39.809,0,0,0.402
CUST_04312,58,One year,671.31,2,26,1,1,1,11.574310344827586,0,0,0.348
CUST_04313,22,One year,822.16,3,12,0,0,0,37.37090909090909,1,0,0.481
CUST_04314,55,Month-to-month,388.96,1,19,0,1,0,7.072,0,1,0.143
CUST_04315,70,One year,1944.59,0,22,0,0,1,27.779857142857143,0,0,0.448
CUST_04316,32,Month-to-month,2867.59,0,29,0,0,0,89.6121875,0,1,0.55
CUST_04317,36,One year,2633.61,3,17,0,1,0,73.15583333333333,1,0,0.45
CUST_04318,48,Month-to-month,2461.65,0,19,0,1,1,51.284375000000004,0,1,0.494
CUST_04319,49,Month-to-month,1290.67,1,14,0,1,0,26.340204081632656,0,1,0.322
CUST_04320,12,Month-to-month,2852.4,1,7,0,0,1,237.70000000000002,0,1,0.751
CUST_04321,49,Month-to-month,1828.56,1,9,0,0,1,37.31755102040816,0,1,0.408
CUST_04322,56,Month-to-month,704.77,1,8,0,1,0,12.585178571428571,0,1,0.223
CUST_04323,38,One year,1489.06,0,17,0,0,1,39.18578947368421,0,0,0.359
CUST_04324,69,Month-to-month,679.77,2,12,0,1,0,9.851739130434783,0,1,0.273
CUST_04325,27,One year,2497.27,4,16,0,1,1,92.49148148148149,1,0,0.571
CUST_04326,5,Month-to-month,2042.66,3,1,0,1,1,408.53200000000004,1,1,0.724
CUST_04327,51,Month-to-month,815.3,2,28,0,1,0,15.98627450980392,0,1,0.425
CUST_04328,25,Month-to-month,786.09,0,8,0,1,0,31.4436,0,1,0.424
CUST_04329,51,One year,2106.92,1,21,1,1,0,41.3121568627451,0,0,0.287
CUST_04330,35,Month-to-month,1391.92,1,23,0,0,1,39.76914285714286,0,1,0.629
CUST_04331,48,Two year,2834.54,1,4,0,1,0,59.05291666666667,0,0,0.294
CUST_04332,66,One year,2320.53,1,20,0,0,0,35.15954545454546,0,0,0.404
CUST_04333,3,Two year,2177.54,3,15,0,0,1,725.8466666666667,1,0,0.577
CUST_04334,6,One year,2769.72,1,22,1,1,0,461.61999999999995,0,0,0.435
CUST_04335,13,Month-to-month,1669.08,1,24,0,1,1,128.39076923076922,0,1,0.809
CUST_04336,31,One year,2806.62,0,26,0,1,1,90.53612903225806,0,0,0.523
CUST_04337,19,Month-to-month,2435.18,1,18,1,0,1,128.16736842105263,0,1,0.818
CUST_04338,55,One year,1439.39,0,21,0,0,1,26.170727272727273,0,0,0.401
CUST_04339,46,One year,948.76,1,23,0,0,0,20.625217391304346,0,0,0.213
CUST_04340,42,Month-to-month,1493.73,1,26,0,0,1,35.565,0,1,0.649
CUST_04341,10,Month-to-month,1629.0,4,1,0,1,0,162.9,1,1,0.56
CUST_04342,5,Month-to-month,2055.84,2,10,0,1,1,411.168,0,1,0.643
CUST_04343,49,Two year,1201.15,1,18,0,0,0,24.513265306122452,0,0,0.253
CUST_04344,51,One year,1079.24,1,19,0,1,0,21.16156862745098,0,0,0.179
CUST_04345,29,Month-to-month,1954.27,1,22,0,0,0,67.38862068965517,0,1,0.668
CUST_04346,7,Month-to-month,2189.99,1,8,0,1,0,312.85571428571427,0,1,0.55
CUST_04347,12,Month-to-month,1598.13,0,14,1,0,0,133.1775,0,1,0.566
CUST_04348,7,One year,1698.3,3,0,0,1,0,242.6142857142857,1,0,0.362
CUST_04349,4,Two year,2792.11,5,14,0,1,1,698.0275,1,0,0.688
CUST_04350,62,Two year,2023.24,1,21,0,1,0,32.63290322580645,0,0,0.217
CUST_04351,2,Month-to-month,1094.41,2,20,0,1,1,547.205,0,1,0.772
CUST_04352,30,Two year,1321.67,2,24,1,0,0,44.05566666666667,0,0,0.41
CUST_04353,20,One year,2763.36,2,12,0,1,1,138.168,0,0,0.489
CUST_04354,22,Month-to-month,1646.42,3,13,0,1,1,74.83727272727273,1,1,0.767
CUST_04355,59,Two year,343.91,2,19,0,0,0,5.828983050847458,0,0,0.113
CUST_04356,44,Month-to-month,1649.26,2,22,0,0,1,37.48318181818182,0,1,0.653
CUST_04357,23,Month-to-month,2946.49,2,10,0,1,0,128.1082608695652,0,1,0.623
CUST_04358,25,Month-to-month,943.7,2,21,0,1,0,37.748000000000005,0,1,0.5
CUST_04359,7,Month-to-month,1848.88,2,20,0,1,1,264.1257142857143,0,1,0.802
CUST_04360,58,One year,2722.94,2,10,0,1,0,46.94724137931035,0,0,0.215
CUST_04361,25,One year,2599.93,0,2,0,0,0,103.99719999999999,0,0,0.231
CUST_04362,45,Month-to-month,1744.86,0,26,0,1,0,38.77466666666666,0,1,0.407
CUST_04363,6,Month-to-month,2237.44,0,12,0,0,1,372.9066666666667,0,1,0.647
CUST_04364,36,One year,1984.15,1,0,0,0,0,55.11527777777778,0,0,0.28
CUST_04365,15,Month-to-month,1089.75,3,18,0,0,1,72.65,1,1,0.789
CUST_04366,44,Two year,1209.39,2,7,0,1,0,27.486136363636366,0,0,0.109
CUST_04367,60,Month-to-month,744.8,0,26,1,0,1,12.413333333333332,0,1,0.586
CUST_04368,11,Month-to-month,2211.02,4,6,0,0,1,201.00181818181818,1,1,0.805
CUST_04369,69,Month-to-month,2264.69,0,2,0,1,0,32.82159420289855,0,1,0.215
CUST_04370,65,Month-to-month,1786.14,0,19,0,0,0,27.479076923076924,0,1,0.398
CUST_04371,36,One year,1190.27,1,15,0,0,0,33.06305555555556,0,0,0.279
CUST_04372,61,Two year,381.07,1,8,0,0,1,6.247049180327869,0,0,0.172
CUST_04373,27,One year,1368.27,0,18,1,1,1,50.67666666666667,0,0,0.388
CUST_04374,3,Two year,1401.56,1,28,0,1,0,467.18666666666667,0,0,0.55
CUST_04375,3,Month-to-month,1221.73,0,17,0,1,1,407.24333333333334,0,1,0.604
CUST_04376,5,Month-to-month,1967.43,2,10,0,1,0,393.486,0,1,0.596
CUST_04377,2,Month-to-month,2779.12,0,18,0,0,1,1389.56,0,1,0.739
CUST_04378,41,Month-to-month,2478.19,1,20,0,0,0,60.44365853658537,0,1,0.604
CUST_04379,29,Month-to-month,2849.15,1,9,0,1,0,98.24655172413793,0,1,0.588
CUST_04380,60,Month-to-month,1251.88,3,17,0,0,1,20.86466666666667,1,1,0.488
CUST_04381,54,Two year,2318.26,4,21,0,0,1,42.930740740740745,1,0,0.585
CUST_04382,33,One year,648.85,1,26,1,1,0,19.662121212121214,0,0,0.171
CUST_04383,1,Month-to-month,730.66,3,4,1,1,1,730.66,1,1,0.715
CUST_04384,30,Month-to-month,1001.82,1,15,0,1,0,33.394,0,1,0.53
CUST_04385,66,Two year,1669.08,3,2,0,1,1,25.28909090909091,1,0,0.29
CUST_04386,9,Two year,2588.58,3,26,0,1,1,287.62,1,0,0.655
CUST_04387,36,Two year,2372.44,0,12,0,0,0,65.9011111111111,0,0,0.366
CUST_04388,62,One year,1743.33,2,27,0,1,0,28.118225806451612,0,0,0.267
CUST_04389,1,Month-to-month,2834.03,1,19,0,1,1,2834.03,0,1,0.833
CUST_04390,39,Month-to-month,2031.6,0,4,0,0,0,52.09230769230769,0,1,0.427
CUST_04391,43,Month-to-month,914.22,3,9,0,1,1,21.26093023255814,1,1,0.486
CUST_04392,69,One year,1594.16,2,27,0,1,0,23.10376811594203,0,0,0.284
CUST_04393,54,Month-to-month,695.8,0,19,0,0,0,12.885185185185184,0,1,0.324
CUST_04394,70,Two year,648.18,2,17,0,1,0,9.259714285714285,0,0,0.107
CUST_04395,24,Month-to-month,2274.72,2,29,0,1,1,94.77999999999999,0,1,0.771
CUST_04396,37,One year,1724.23,0,12,0,1,0,46.60081081081081,0,0,0.211
CUST_04397,24,Month-to-month,2552.48,1,13,1,1,1,106.35333333333334,0,1,0.776
CUST_04398,12,Two year,1669.08,1,24,0,1,0,139.09,0,0,0.473
CUST_04399,23,Month-to-month,1792.6,1,11,0,0,0,77.9391304347826,0,1,0.638
CUST_04400,18,Two year,1440.43,2,7,1,1,0,80.02388888888889,0,0,0.379
CUST_04401,48,One year,1672.08,2,2,0,0,0,34.835,0,0,0.137
CUST_04402,10,One year,496.29,3,28,0,1,0,49.629000000000005,1,0,0.352
CUST_04403,32,One year,1344.05,2,7,0,0,0,42.0015625,0,0,0.19
CUST_04404,60,Month-to-month,390.82,1,10,0,1,0,6.5136666666666665,0,1,0.119
CUST_04405,12,Two year,2564.37,0,29,0,0,1,213.6975,0,0,0.615
CUST_04406,36,One year,1320.98,2,6,0,1,0,36.69388888888889,0,0,0.12
CUST_04407,49,Two year,1433.25,2,19,0,1,0,29.25,0,0,0.191
CUST_04408,42,Month-to-month,1451.39,2,19,0,0,1,34.55690476190476,0,1,0.625
CUST_04409,65,Month-to-month,1452.73,2,0,0,1,1,22.349692307692308,0,1,0.379
CUST_04410,19,Month-to-month,2594.66,2,10,0,1,1,136.56105263157895,0,1,0.687
CUST_04411,57,One year,1669.08,3,27,0,0,0,29.282105263157895,1,0,0.354
CUST_04412,28,Month-to-month,2960.44,2,17,1,0,1,105.73,0,1,0.795
CUST_04413,3,Month-to-month,2234.35,1,21,0,1,1,744.7833333333333,0,1,0.823
CUST_04414,36,Month-to-month,303.73,2,27,0,1,1,8.436944444444444,0,1,0.514
CUST_04415,66,Month-to-month,1766.56,2,4,0,0,0,26.766060606060606,0,1,0.343
CUST_04416,41,Month-to-month,1669.08,1,14,0,1,1,40.70926829268293,0,1,0.425
CUST_04417,32,Two year,1526.53,0,20,0,0,1,47.7040625,0,0,0.538
CUST_04418,64,Month-to-month,2942.37,2,15,0,1,0,45.97453125,0,1,0.443
CUST_04419,29,Month-to-month,1935.92,0,24,1,1,1,66.75586206896551,0,1,0.689
CUST_04420,14,One year,1356.0,0,17,0,1,0,96.85714285714286,0,0,0.361
CUST_04421,67,Month-to-month,1930.88,2,16,0,0,1,28.81910447761194,0,1,0.54
CUST_04422,35,One year,666.89,1,29,0,1,1,19.054,0,0,0.369
CUST_04423,51,One year,1387.57,0,21,0,0,0,27.207254901960784,0,0,0.336
CUST_04424,53,Two year,2650.1,2,16,0,1,0,50.00188679245283,0,0,0.26
CUST_04425,16,Two year,800.06,2,9,0,1,1,50.00375,0,0,0.403
CUST_04426,10,One year,2698.63,0,22,0,0,0,269.863,0,0,0.454
CUST_04427,26,Month-to-month,2050.87,0,17,0,0,1,78.87961538461538,0,1,0.628
CUST_04428,59,One year,413.37,0,19,0,0,0,7.006271186440678,0,0,0.08
CUST_04429,35,One year,1686.18,0,21,0,0,0,48.17657142857143,0,0,0.423
CUST_04430,49,Month-to-month,2484.62,0,2,1,0,0,50.7065306122449,0,1,0.403
CUST_04431,47,Month-to-month,586.33,2,8,0,1,1,12.475106382978725,0,1,0.328
CUST_04432,28,Month-to-month,734.82,2,20,0,1,1,26.243571428571432,0,1,0.53
CUST_04433,3,Two year,2464.35,2,26,0,1,1,821.4499999999999,0,0,0.647
CUST_04434,15,One year,2311.68,2,8,0,0,1,154.112,0,0,0.433
CUST_04435,32,Month-to-month,1835.35,1,25,0,1,0,57.3546875,0,1,0.555
CUST_04436,24,Two year,1263.86,0,21,0,0,0,52.66083333333333,0,0,0.405
CUST_04437,63,Two year,2873.56,4,6,0,0,1,45.61206349206349,1,0,0.604
CUST_04438,9,One year,2477.09,1,27,0,1,1,275.2322222222222,0,0,0.546
CUST_04439,9,One year,2444.22,2,9,0,1,0,271.58,0,0,0.325
CUST_04440,54,Month-to-month,955.66,3,25,0,0,1,17.697407407407407,1,1,0.583
CUST_04441,16,Month-to-month,1462.02,1,4,0,0,1,91.37625,0,1,0.61
CUST_04442,15,Two year,2213.33,0,4,0,1,0,147.55533333333332,0,0,0.27
CUST_04443,62,Month-to-month,2866.66,0,28,0,1,0,46.236451612903224,0,1,0.391
CUST_04444,13,Month-to-month,2549.67,2,23,0,0,1,196.12846153846155,0,1,0.816
CUST_04445,50,One year,2651.43,0,2,0,1,0,53.0286,0,0,0.129
CUST_04446,22,One year,1151.73,0,13,0,0,0,52.35136363636364,0,0,0.289
CUST_04447,35,Month-to-month,1496.88,2,26,0,0,1,42.768,0,1,0.703
CUST_04448,25,One year,1689.53,1,17,0,0,0,67.5812,0,0,0.48
CUST_04449,60,Month-to-month,1416.53,1,5,0,0,1,23.608833333333333,0,1,0.311
CUST_04450,19,Month-to-month,2471.08,1,14,0,1,1,130.05684210526314,0,1,0.762
CUST_04451,50,Month-to-month,2302.12,1,22,0,0,1,46.0424,0,1,0.598
CUST_04452,12,Two year,1890.83,3,12,0,1,0,157.56916666666666,1,0,0.463
CUST_04453,31,Two year,321.91,1,14,0,1,0,10.384193548387097,0,0,0.136
CUST_04454,33,Month-to-month,1890.53,2,17,0,1,1,57.28878787878788,0,1,0.543
CUST_04455,4,Two year,1542.15,3,11,0,0,1,385.5375,1,0,0.423
CUST_04456,64,Two year,2596.0,1,27,0,0,1,40.5625,0,0,0.505
CUST_04457,36,Month-to-month,1793.51,1,15,0,0,0,49.819722222222225,0,1,0.569
CUST_04458,70,Month-to-month,2776.95,4,22,0,1,1,39.67071428571428,1,1,0.892
CUST_04459,1,One year,1485.66,2,15,0,1,1,1485.66,0,0,0.615
CUST_04460,57,One year,579.62,0,28,0,1,0,10.168771929824562,0,0,0.129
CUST_04461,24,Month-to-month,1908.63,4,24,0,0,1,79.52625,1,1,0.842
CUST_04462,2,Month-to-month,1960.29,3,19,0,1,1,980.145,1,1,0.845
CUST_04463,65,Month-to-month,1868.64,3,2,1,0,0,28.748307692307694,1,1,0.323
CUST_04464,34,One year,2974.76,3,4,0,0,1,87.4929411764706,1,0,0.658
CUST_04465,30,Month-to-month,1127.49,0,12,1,0,0,37.583,0,1,0.454
CUST_04466,12,Two year,839.57,2,11,0,0,1,69.96416666666667,0,0,0.465
CUST_04467,26,Month-to-month,1988.12,2,26,0,1,1,76.46615384615384,0,1,0.739
CUST_04468,28,Two year,1324.0,2,10,0,1,0,47.285714285714285,0,0,0.302
CUST_04469,21,One year,2964.3,2,28,0,0,1,141.15714285714287,0,0,0.695
CUST_04470,61,Month-to-month,1710.63,1,15,0,1,0,28.04311475409836,0,1,0.35
CUST_04471,39,Month-to-month,1616.51,1,28,0,1,0,41.44897435897436,0,1,0.433
CUST_04472,69,Two year,2225.35,1,6,0,1,0,32.25144927536232,0,0,0.125
CUST_04473,64,One year,2442.09,2,14,0,0,1,38.15765625,0,0,0.343
CUST_04474,58,One year,2968.31,3,7,1,0,0,51.17775862068965,1,0,0.329
CUST_04475,64,Month-to-month,1479.61,0,6,1,1,0,23.11890625,0,1,0.223
CUST_04476,26,One year,732.05,3,6,1,1,0,28.15576923076923,1,0,0.273
CUST_04477,7,Two year,1760.96,3,2,1,1,1,251.56571428571428,1,0,0.508
CUST_04478,27,Two year,2657.43,1,3,0,1,0,98.42333333333333,0,0,0.213
CUST_04479,55,Two year,2568.27,0,28,0,0,1,46.69581818181818,0,0,0.519
CUST_04480,33,One year,577.04,0,17,0,0,0,17.486060606060605,0,0,0.168
CUST_04481,33,Month-to-month,633.03,2,29,0,1,0,19.182727272727274,0,1,0.384
CUST_04482,22,Two year,668.5,1,28,0,0,0,30.386363636363637,0,0,0.367
CUST_04483,52,Month-to-month,2569.46,2,15,1,1,1,49.41269230769231,0,1,0.46
CUST_04484,47,Two year,1479.24,2,2,0,0,0,31.473191489361703,0,0,0.159
CUST_04485,4,Month-to-month,1080.72,2,1,0,0,1,270.18,0,1,0.746
CUST_04486,33,Month-to-month,1567.49,1,15,0,1,0,47.49969696969697,0,1,0.446
CUST_04487,44,Month-to-month,1669.08,0,22,0,1,0,37.93363636363636,0,1,0.391
CUST_04488,46,Month-to-month,2109.3,1,14,0,0,0,45.85434782608696,0,1,0.485
CUST_04489,57,One year,2560.9,2,1,1,1,0,44.9280701754386,0,0,0.155
CUST_04490,34,Two year,1147.42,4,27,1,1,1,33.74764705882353,1,0,0.722
CUST_04491,45,Month-to-month,2989.52,1,17,1,1,1,66.43377777777778,0,1,0.736
CUST_04492,9,Month-to-month,1461.36,2,7,0,0,0,162.37333333333333,0,1,0.716
CUST_04493,68,Month-to-month,1798.4,3,7,0,0,0,26.447058823529414,1,1,0.324
CUST_04494,62,One year,2975.44,1,29,0,0,0,47.990967741935485,0,0,0.487
CUST_04495,21,Month-to-month,1701.44,1,14,0,0,1,81.02095238095238,0,1,0.724
CUST_04496,45,Two year,2713.68,0,24,0,0,1,60.303999999999995,0,0,0.514
CUST_04497,19,Month-to-month,2059.02,1,4,0,0,0,108.36947368421052,0,1,0.63
CUST_04498,40,Two year,1668.83,2,28,0,0,0,41.720749999999995,0,0,0.381
CUST_04499,49,One year,2150.53,3,20,1,0,0,43.88836734693878,1,0,0.415
CUST_04500,20,Two year,547.33,0,29,0,0,0,27.366500000000002,0,0,0.433
CUST_04501,13,Month-to-month,1768.57,4,4,0,0,0,136.04384615384615,1,1,0.682
CUST_04502,21,Two year,2785.31,1,17,0,1,1,132.63380952380953,0,0,0.529
CUST_04503,23,Month-to-month,1085.83,3,25,0,0,1,47.209999999999994,1,1,0.712
CUST_04504,18,One year,2801.15,0,14,0,0,0,155.61944444444444,0,0,0.457
CUST_04505,17,Month-to-month,757.49,1,20,0,1,1,44.55823529411765,0,1,0.513
CUST_04506,71,One year,1474.94,2,22,0,0,1,20.77380281690141,0,0,0.36
CUST_04507,70,Month-to-month,2108.93,0,21,0,1,1,30.127571428571425,0,1,0.482
CUST_04508,15,Two year,1215.82,2,27,0,0,1,81.05466666666666,0,0,0.708
CUST_04509,15,Month-to-month,1134.69,1,22,0,1,1,75.646,0,1,0.721
CUST_04510,36,Month-to-month,493.69,1,4,0,1,0,13.713611111111112,0,1,0.258
CUST_04511,41,One year,2170.09,2,16,1,0,1,52.9290243902439,0,0,0.415
CUST_04512,34,Month-to-month,2615.1,3,19,0,1,1,76.91470588235293,1,1,0.725
CUST_04513,41,One year,1402.58,0,25,0,0,0,34.20926829268293,0,0,0.351
CUST_04514,24,Month-to-month,379.31,0,15,0,1,0,15.804583333333333,0,1,0.304
CUST_04515,40,Month-to-month,729.12,0,3,1,0,1,18.228,0,1,0.469
CUST_04516,13,Two year,1187.61,2,17,0,0,1,91.35461538461537,0,0,0.587
CUST_04517,70,One year,951.12,1,14,0,0,0,13.587428571428571,0,0,0.22
CUST_04518,13,One year,2449.19,0,27,0,1,1,188.39923076923077,0,0,0.595
CUST_04519,65,Two year,1841.6,3,0,0,1,0,28.33230769230769,1,0,0.202
CUST_04520,33,Month-to-month,529.74,1,28,0,0,0,16.052727272727275,0,1,0.458
CUST_04521,56,Month-to-month,575.16,0,14,0,1,0,10.270714285714286,0,1,0.181
CUST_04522,47,Month-to-month,2509.79,2,13,0,0,1,53.399787234042556,0,1,0.662
CUST_04523,61,One year,363.32,4,13,0,1,0,5.956065573770491,1,0,0.163
CUST_04524,9,Month-to-month,2628.69,3,8,0,0,0,292.07666666666665,1,1,0.672
CUST_04525,33,One year,1491.33,2,28,0,0,0,45.19181818181818,0,0,0.446
CUST_04526,10,One year,2863.47,3,19,0,0,1,286.347,1,0,0.778
CUST_04527,33,One year,2486.12,0,21,0,0,1,75.33696969696969,0,0,0.58
CUST_04528,5,Two year,869.08,1,26,1,0,1,173.816,0,0,0.555
CUST_04529,48,Month-to-month,1669.08,2,25,0,0,1,34.7725,0,1,0.621
CUST_04530,5,Month-to-month,2044.62,0,8,1,1,0,408.924,0,1,0.336
CUST_04531,66,Month-to-month,2714.76,1,14,0,0,1,41.13272727272727,0,1,0.513
CUST_04532,66,Month-to-month,1227.67,1,23,0,0,0,18.601060606060607,0,1,0.467
CUST_04533,65,Month-to-month,779.38,2,25,0,1,1,11.990461538461538,0,1,0.389
CUST_04534,48,Month-to-month,1649.19,2,28,1,0,0,34.358125,0,1,0.609
CUST_04535,48,Two year,1772.84,0,5,0,0,0,36.93416666666666,0,0,0.129
CUST_04536,39,Month-to-month,814.98,2,0,0,0,0,20.896923076923077,0,1,0.429
CUST_04537,67,Month-to-month,2985.93,2,29,1,1,1,44.56611940298507,0,1,0.69
CUST_04538,67,One year,2786.17,2,0,1,1,0,41.584626865671645,0,0,0.245
CUST_04539,52,Two year,2652.28,1,2,0,1,0,51.00538461538462,0,0,0.126
CUST_04540,32,Month-to-month,2436.6,2,23,0,0,0,76.14375,0,1,0.723
CUST_04541,19,Month-to-month,2904.81,1,29,1,1,1,152.88473684210527,0,1,0.819
CUST_04542,31,Month-to-month,2723.69,1,3,0,1,0,87.86096774193548,0,1,0.553
CUST_04543,36,One year,1669.08,1,10,0,1,0,46.36333333333333,0,0,0.183
CUST_04544,46,Month-to-month,2890.89,2,19,0,0,1,62.84543478260869,0,1,0.725
CUST_04545,29,Two year,531.25,1,25,0,0,0,18.31896551724138,0,0,0.177
CUST_04546,22,One year,2754.15,0,27,1,1,1,125.18863636363636,0,0,0.513
CUST_04547,30,Month-to-month,779.19,1,6,0,0,0,25.973000000000003,0,1,0.448
CUST_04548,39,One year,1638.05,4,26,0,0,1,42.00128205128205,1,0,0.642
CUST_04549,23,Two year,620.67,1,4,0,1,0,26.985652173913042,0,0,0.139
CUST_04550,64,Month-to-month,2652.86,1,2,0,0,0,41.4509375,0,1,0.368
CUST_04551,12,Month-to-month,1799.78,0,28,0,0,1,149.98166666666665,0,1,0.728
CUST_04552,71,Month-to-month,1365.79,1,10,0,1,0,19.236478873239435,0,1,0.267
CUST_04553,56,One year,1669.08,3,10,0,0,1,29.805,1,0,0.334
CUST_04554,13,Month-to-month,1669.08,1,27,0,0,1,128.39076923076922,0,1,0.866
CUST_04555,4,Month-to-month,1506.69,2,2,0,1,1,376.6725,0,1,0.666
CUST_04556,55,One year,1885.0,4,29,0,0,1,34.27272727272727,1,0,0.707
CUST_04557,15,One year,1710.43,0,10,0,1,1,114.02866666666667,0,0,0.365
CUST_04558,10,One year,1663.92,1,13,1,1,0,166.392,0,0,0.37
CUST_04559,41,One year,1943.13,2,23,0,0,1,47.393414634146346,0,0,0.463
CUST_04560,69,Month-to-month,2165.83,2,8,0,0,0,31.388840579710145,0,1,0.408
CUST_04561,51,Two year,2461.46,0,14,0,1,0,48.26392156862745,0,0,0.24
CUST_04562,70,Month-to-month,551.2,2,24,0,0,0,7.8742857142857146,0,1,0.272
CUST_04563,16,Month-to-month,1941.26,0,4,0,1,0,121.32875,0,1,0.346
CUST_04564,62,Two year,1398.99,1,27,0,0,0,22.56435483870968,0,0,0.337
CUST_04565,61,Two year,1319.29,1,23,0,1,0,21.627704918032787,0,0,0.195
CUST_04566,58,Month-to-month,2470.91,1,7,0,1,0,42.60189655172414,0,1,0.326
CUST_04567,7,Month-to-month,742.83,2,12,0,1,0,106.11857142857143,0,1,0.603
CUST_04568,25,One year,2237.46,1,6,1,0,0,89.4984,0,0,0.412
CUST_04569,50,Two year,2486.62,0,29,0,1,0,49.7324,0,0,0.28
CUST_04570,63,Month-to-month,420.86,1,21,0,0,1,6.68031746031746,0,1,0.447
CUST_04571,34,Month-to-month,2440.04,0,3,0,0,0,71.76588235294118,0,1,0.377
CUST_04572,17,Month-to-month,2810.48,2,18,0,1,1,165.32235294117646,0,1,0.777
CUST_04573,3,Month-to-month,1599.6,1,0,0,0,1,533.1999999999999,0,1,0.764
CUST_04574,2,Month-to-month,2160.08,2,12,0,0,1,1080.04,0,1,0.883
CUST_04575,67,One year,1914.26,5,4,0,1,0,28.571044776119404,1,0,0.216
CUST_04576,34,Two year,1620.31,4,12,0,0,0,47.656176470588235,1,0,0.306
CUST_04577,57,One year,2611.26,2,9,0,0,0,45.811578947368425,0,0,0.206
CUST_04578,2,One year,1827.98,3,28,0,1,1,913.99,1,0,0.748
CUST_04579,28,One year,843.9,3,23,0,0,0,30.139285714285712,1,0,0.322
CUST_04580,51,Month-to-month,2366.09,0,22,0,1,1,46.393921568627455,0,1,0.448
CUST_04581,9,Two year,1900.61,3,17,0,0,0,211.17888888888888,1,0,0.552
CUST_04582,14,Month-to-month,2851.63,3,19,0,0,1,203.68785714285715,1,1,0.853
CUST_04583,53,Month-to-month,913.04,2,25,0,0,0,17.227169811320753,0,1,0.518
CUST_04584,21,One year,1142.07,0,16,0,0,0,54.38428571428571,0,0,0.337
CUST_04585,37,Month-to-month,2541.63,1,22,0,0,0,68.6927027027027,0,1,0.67
CUST_04586,66,Month-to-month,1525.2,2,16,1,1,0,23.10909090909091,0,1,0.432
CUST_04587,5,Month-to-month,2659.95,4,15,0,0,1,531.99,1,1,0.889
CUST_04588,48,Month-to-month,2225.85,1,12,0,1,1,46.371874999999996,0,1,0.379
CUST_04589,12,Two year,2488.79,1,18,0,0,1,207.39916666666667,0,0,0.545
CUST_04590,20,Two year,1669.08,1,22,0,1,1,83.454,0,0,0.515
CUST_04591,62,One year,522.12,2,2,0,1,0,8.421290322580646,0,0,0.055
CUST_04592,71,Month-to-month,658.18,2,25,0,1,1,9.270140845070422,0,1,0.463
CUST_04593,35,One year,684.55,2,25,0,0,0,19.558571428571426,0,0,0.195
CUST_04594,2,Month-to-month,1956.87,2,10,0,0,1,978.435,0,1,0.81
CUST_04595,6,Month-to-month,2943.68,1,27,1,1,1,490.6133333333333,0,1,0.81
CUST_04596,39,Two year,2956.11,1,12,0,0,0,75.79769230769232,0,0,0.472
CUST_04597,10,Month-to-month,2073.45,2,24,1,0,1,207.34499999999997,0,1,0.824
CUST_04598,69,One year,550.24,0,25,0,1,0,7.974492753623188,0,0,0.1
CUST_04599,23,Two year,2474.16,3,19,0,0,0,107.57217391304347,1,0,0.598
CUST_04600,37,Month-to-month,1444.89,2,23,0,1,1,39.05108108108109,0,1,0.536
CUST_04601,57,Month-to-month,2895.56,1,3,1,0,1,50.79929824561403,0,1,0.668
CUST_04602,33,One year,549.91,1,0,0,1,0,16.663939393939394,0,0,0.093
CUST_04603,20,One year,2232.15,0,9,1,1,0,111.6075,0,0,0.317
CUST_04604,18,Two year,2223.3,1,13,0,0,1,123.51666666666668,0,0,0.518
CUST_04605,54,Month-to-month,340.27,0,23,0,0,1,6.301296296296296,0,1,0.525
CUST_04606,61,Two year,391.97,2,9,0,0,0,6.425737704918033,0,0,0.073
CUST_04607,14,Month-to-month,476.28,1,17,0,0,1,34.019999999999996,0,1,0.545
CUST_04608,18,Month-to-month,2193.88,0,29,0,0,1,121.88222222222223,0,1,0.715
CUST_04609,25,Month-to-month,766.37,0,15,0,1,0,30.6548,0,1,0.502
CUST_04610,70,One year,1096.75,2,16,0,0,1,15.667857142857143,0,0,0.315
CUST_04611,21,Month-to-month,1584.61,2,13,0,1,1,75.45761904761905,0,1,0.707
CUST_04612,46,Month-to-month,1308.82,2,9,0,0,0,28.452608695652174,0,1,0.372
CUST_04613,36,Month-to-month,456.13,0,18,0,1,0,12.670277777777777,0,1,0.205
CUST_04614,22,One year,772.73,0,28,1,1,0,35.12409090909091,0,0,0.298
CUST_04615,14,Month-to-month,400.07,2,20,0,0,0,28.576428571428572,0,1,0.461
CUST_04616,40,Two year,2416.35,1,7,1,0,0,60.40875,0,0,0.36
CUST_04617,59,Month-to-month,1381.9,2,5,0,1,0,23.422033898305088,0,1,0.282
CUST_04618,39,Two year,2716.68,2,29,1,1,0,69.65846153846154,0,0,0.463
CUST_04619,71,Month-to-month,1554.66,2,8,0,0,0,21.89661971830986,0,1,0.388
CUST_04620,17,Month-to-month,339.85,0,16,0,1,0,19.991176470588236,0,1,0.278
CUST_04621,56,Month-to-month,489.08,3,6,0,0,1,8.733571428571429,1,1,0.441
CUST_04622,53,Month-to-month,591.01,2,8,0,1,0,11.151132075471699,0,1,0.27
CUST_04623,26,Month-to-month,2672.58,1,25,0,0,1,102.79153846153847,0,1,0.783
CUST_04624,16,Month-to-month,2793.64,3,14,0,1,1,174.6025,1,1,0.816
CUST_04625,65,Month-to-month,2249.31,1,0,1,0,0,34.60476923076923,0,1,0.323
CUST_04626,40,Two year,1242.83,2,20,0,0,0,31.070749999999997,0,0,0.321
CUST_04627,18,One year,2081.09,5,12,0,0,0,115.61611111111112,1,0,0.442
CUST_04628,35,Month-to-month,954.38,1,0,0,0,0,27.268,0,1,0.395
CUST_04629,2,Month-to-month,1916.42,0,22,1,0,0,958.21,0,1,0.493
CUST_04630,7,Two year,2737.35,2,1,0,0,0,391.05,0,0,0.305
CUST_04631,71,Month-to-month,533.7,2,3,0,0,1,7.516901408450705,0,1,0.417
CUST_04632,62,One year,2205.3,0,25,0,0,1,35.56935483870968,0,0,0.429
CUST_04633,22,Month-to-month,1760.83,2,21,0,0,1,80.03772727272727,0,1,0.793
CUST_04634,29,One year,2759.9,1,17,0,1,1,95.16896551724139,0,0,0.416
CUST_04635,52,Month-to-month,1550.02,4,4,0,0,0,29.80807692307692,1,1,0.462
CUST_04636,11,Month-to-month,1626.31,3,18,0,0,1,147.84636363636363,1,1,0.854
CUST_04637,15,One year,1052.67,4,26,0,0,1,70.17800000000001,1,0,0.737
CUST_04638,58,One year,1584.86,1,4,1,0,0,27.3251724137931,0,0,0.129
CUST_04639,63,Month-to-month,2615.32,1,6,0,0,0,41.513015873015874,0,1,0.393
CUST_04640,34,One year,314.53,1,20,0,0,0,9.250882352941176,0,0,0.172
CUST_04641,2,One year,1914.09,2,18,0,0,1,957.045,0,0,0.654
CUST_04642,68,Two year,1109.86,1,7,1,0,0,16.321470588235293,0,0,0.173
CUST_04643,3,One year,1517.85,1,4,0,1,0,505.95,0,0,0.239
CUST_04644,1,One year,2617.28,1,4,0,1,0,2617.28,0,0,0.373
CUST_04645,2,Month-to-month,1669.08,1,5,1,1,1,834.54,0,1,0.633
CUST_04646,58,Month-to-month,2805.48,1,12,0,1,1,48.37034482758621,0,1,0.496
CUST_04647,21,Month-to-month,647.51,1,7,1,0,1,30.833809523809524,0,1,0.564
CUST_04648,53,Month-to-month,1301.91,0,26,1,0,1,24.564339622641512,0,1,0.585
CUST_04649,23,Two year,1533.69,3,16,0,1,1,66.68217391304348,1,0,0.573
CUST_04650,46,Month-to-month,887.49,2,8,0,0,1,19.293260869565216,0,1,0.36
CUST_04651,55,Month-to-month,428.22,0,22,0,0,0,7.785818181818183,0,1,0.311
CUST_04652,27,Two year,2362.19,1,17,0,0,1,87.48851851851852,0,0,0.558
CUST_04653,6,Month-to-month,2048.41,2,14,1,1,0,341.40166666666664,0,1,0.733
CUST_04654,65,Month-to-month,1606.17,0,9,0,1,0,24.710307692307694,0,1,0.22
CUST_04655,63,Month-to-month,585.97,0,19,0,1,0,9.301111111111112,0,1,0.164
CUST_04656,30,Two year,390.67,1,5,0,0,0,13.022333333333334,0,0,0.079
CUST_04657,4,Month-to-month,416.53,5,18,0,1,1,104.1325,1,1,0.793
CUST_04658,10,One year,1418.95,1,0,0,0,0,141.895,0,0,0.224
CUST_04659,68,Two year,1262.66,0,23,1,0,0,18.568529411764708,0,0,0.218
CUST_04660,51,Month-to-month,2594.69,3,26,0,0,1,50.87627450980392,1,1,0.734
CUST_04661,62,Month-to-month,1590.76,0,20,0,0,0,25.65741935483871,0,1,0.462
CUST_04662,38,Two year,628.36,1,20,1,0,0,16.53578947368421,0,0,0.169
CUST_04663,3,Month-to-month,2320.05,0,2,0,0,0,773.35,0,1,0.51
CUST_04664,22,Month-to-month,506.13,4,5,1,1,1,23.00590909090909,1,1,0.686
CUST_04665,55,One year,1157.52,1,0,0,1,0,21.04581818181818,0,0,0.089
CUST_04666,43,Month-to-month,410.81,1,1,0,1,0,9.553720930232558,0,1,0.261
CUST_04667,12,Month-to-month,339.94,1,6,0,0,1,28.328333333333333,0,1,0.567
CUST_04668,50,Two year,1046.07,1,2,0,1,0,20.9214,0,0,0.08
CUST_04669,68,Month-to-month,1094.51,3,19,0,1,0,16.095735294117645,1,1,0.4
CUST_04670,8,Month-to-month,2836.12,1,1,0,0,1,354.515,0,1,0.781
CUST_04671,27,One year,2295.66,0,22,0,0,1,85.02444444444444,0,0,0.54
CUST_04672,57,Month-to-month,2864.2,0,22,0,0,0,50.24912280701754,0,1,0.448
CUST_04673,1,Month-to-month,340.54,2,4,1,1,1,340.54,0,1,0.657
CUST_04674,37,Month-to-month,2049.49,1,7,0,0,0,55.39162162162162,0,1,0.553
CUST_04675,54,Month-to-month,2810.69,1,11,1,0,1,52.049814814814816,0,1,0.661
CUST_04676,14,Month-to-month,2973.38,3,15,0,1,0,212.3842857142857,1,1,0.613
CUST_04677,59,Two year,1467.15,2,22,0,0,1,24.866949152542375,0,0,0.387
CUST_04678,47,Month-to-month,720.91,0,24,0,0,0,15.33851063829787,0,1,0.556
CUST_04679,29,Month-to-month,1754.56,2,7,1,0,1,60.50206896551724,0,1,0.671
CUST_04680,62,Two year,1209.57,2,19,0,0,0,19.509193548387096,0,0,0.177
CUST_04681,26,One year,2615.76,1,0,0,1,0,100.60615384615386,0,0,0.234
CUST_04682,33,Month-to-month,2070.59,2,16,0,1,0,62.74515151515152,0,1,0.526
CUST_04683,48,One year,2017.73,1,6,0,1,0,42.03604166666667,0,0,0.109
CUST_04684,49,Two year,1218.56,0,22,0,1,0,24.86857142857143,0,0,0.206
CUST_04685,18,Month-to-month,2687.11,0,22,0,0,0,149.2838888888889,0,1,0.642
CUST_04686,19,Month-to-month,1390.43,0,0,0,0,1,73.18052631578948,0,1,0.382
CUST_04687,15,Month-to-month,1659.64,1,23,1,0,1,110.64266666666667,0,1,0.84
CUST_04688,34,One year,1238.74,2,8,0,1,0,36.43352941176471,0,0,0.126
CUST_04689,69,Two year,2641.42,1,28,0,0,1,38.28144927536232,0,0,0.528
CUST_04690,16,Month-to-month,1833.02,2,11,0,1,0,114.56375,0,1,0.653
CUST_04691,34,Two year,2502.77,1,2,0,0,0,73.61088235294118,0,0,0.291
CUST_04692,47,Month-to-month,1580.58,3,22,0,1,0,33.62936170212766,1,1,0.559
CUST_04693,3,Month-to-month,2816.15,2,16,0,0,1,938.7166666666667,0,1,0.887
CUST_04694,63,Month-to-month,372.21,0,8,0,1,0,5.908095238095238,0,1,0.108
CUST_04695,61,Two year,775.79,4,24,0,1,1,12.717868852459016,1,0,0.492
CUST_04696,11,Month-to-month,1669.08,1,7,0,1,1,151.73454545454544,0,1,0.593
CUST_04697,24,Month-to-month,578.4,2,19,1,0,1,24.099999999999998,0,1,0.523
CUST_04698,55,Month-to-month,2612.25,3,6,0,1,0,47.49545454545454,1,1,0.537
CUST_04699,59,Month-to-month,2557.28,1,20,0,0,1,43.34372881355932,0,1,0.568
CUST_04700,18,One year,556.11,4,23,0,1,0,30.895,1,0,0.333
CUST_04701,15,Two year,399.05,0,21,1,1,1,26.603333333333335,0,0,0.43
CUST_04702,6,One year,561.19,1,24,0,1,0,93.53166666666668,0,0,0.426
CUST_04703,71,Month-to-month,1902.6,1,12,0,0,1,26.79718309859155,0,1,0.431
CUST_04704,36,Month-to-month,2660.97,1,17,0,0,1,73.91583333333332,0,1,0.654
CUST_04705,15,Month-to-month,2744.45,4,7,0,1,1,182.9633333333333,1,1,0.752
CUST_04706,3,Two year,1759.08,2,9,0,1,0,586.36,0,0,0.409
CUST_04707,64,One year,755.43,3,26,1,0,0,11.80359375,1,0,0.316
CUST_04708,58,Two year,1975.93,0,23,1,0,1,34.06775862068966,0,0,0.439
CUST_04709,15,Month-to-month,1277.36,2,9,0,0,0,85.15733333333333,0,1,0.631
CUST_04710,34,One year,1207.67,1,6,0,0,0,35.519705882352945,0,0,0.167
CUST_04711,56,Month-to-month,993.19,3,10,0,0,0,17.735535714285714,1,1,0.357
CUST_04712,69,Month-to-month,1107.59,1,19,0,0,1,16.052028985507246,0,1,0.448
CUST_04713,69,Month-to-month,2251.02,0,29,0,0,0,32.62347826086957,0,1,0.538
CUST_04714,58,Two year,614.48,0,20,1,1,0,10.594482758620689,0,0,0.089
CUST_04715,12,Month-to-month,337.4,1,16,0,0,0,28.116666666666664,0,1,0.388
CUST_04716,1,Month-to-month,868.3,2,2,0,1,1,868.3,0,1,0.692
CUST_04717,42,One year,1813.92,2,14,0,1,0,43.18857142857143,0,0,0.212
CUST_04718,39,Month-to-month,589.36,3,4,0,1,1,15.111794871794872,1,1,0.55
CUST_04719,60,Month-to-month,2473.27,1,10,0,0,0,41.22116666666667,0,1,0.379
CUST_04720,66,Two year,2831.92,1,15,0,0,0,42.907878787878786,0,0,0.314
CUST_04721,32,Month-to-month,1542.4,0,20,0,0,1,48.2,0,1,0.635
CUST_04722,37,Month-to-month,1525.68,2,7,0,1,1,41.2345945945946,0,1,0.4
CUST_04723,17,Two year,1759.16,1,27,0,0,1,103.48,0,0,0.655
CUST_04724,53,Month-to-month,1964.26,1,3,0,1,1,37.061509433962264,0,1,0.336
CUST_04725,66,Month-to-month,1582.27,1,15,0,1,0,23.973787878787878,0,1,0.33
CUST_04726,14,Month-to-month,999.74,0,1,0,0,0,71.41,0,1,0.309
CUST_04727,42,Month-to-month,1516.91,1,2,0,1,0,36.11690476190476,0,1,0.297
CUST_04728,18,Month-to-month,820.65,0,9,1,1,0,45.59166666666667,0,1,0.388
CUST_04729,70,One year,1902.77,1,27,0,1,1,27.18242857142857,0,0,0.352
CUST_04730,17,Month-to-month,431.26,2,3,0,0,0,25.368235294117646,0,1,0.389
CUST_04731,27,Month-to-month,656.76,2,15,1,0,1,24.324444444444445,0,1,0.513
CUST_04732,17,Month-to-month,2826.38,2,19,0,1,0,166.25764705882352,0,1,0.761
CUST_04733,13,One year,570.22,1,16,0,1,1,43.863076923076925,0,0,0.394
CUST_04734,34,Month-to-month,1669.08,1,26,0,0,1,49.09058823529411,0,1,0.7
CUST_04735,64,One year,1114.89,2,7,0,1,0,17.42015625,0,0,0.071
CUST_04736,35,Month-to-month,467.91,2,15,0,0,0,13.368857142857143,0,1,0.338
CUST_04737,7,Month-to-month,313.66,2,5,0,0,1,44.80857142857143,0,1,0.544
CUST_04738,15,Month-to-month,2375.06,2,29,0,0,0,158.33733333333333,0,1,0.766
CUST_04739,57,Month-to-month,1383.86,2,7,0,1,0,24.278245614035086,0,1,0.284
CUST_04740,65,Month-to-month,1669.08,2,17,0,1,1,25.678153846153844,0,1,0.464
CUST_04741,48,Month-to-month,1460.65,2,1,0,0,0,30.430208333333336,0,1,0.396
CUST_04742,24,Two year,1940.58,3,12,1,0,1,80.8575,1,0,0.609
CUST_04743,6,Month-to-month,1943.52,0,4,0,0,1,323.92,0,1,0.518
CUST_04744,2,Month-to-month,2507.07,0,4,0,1,0,1253.535,0,1,0.502
CUST_04745,66,One year,2413.93,0,18,0,1,0,36.574696969696966,0,0,0.189
CUST_04746,45,Two year,786.42,1,23,0,1,0,17.476,0,0,0.203
CUST_04747,65,One year,923.28,0,9,0,0,0,14.204307692307692,0,0,0.105
CUST_04748,3,Month-to-month,658.64,0,4,1,1,0,219.54666666666665,0,1,0.284
CUST_04749,45,Two year,763.96,3,9,1,0,0,16.97688888888889,1,0,0.089
CUST_04750,50,Two year,2682.27,1,14,0,0,0,53.6454,0,0,0.315
CUST_04751,56,Month-to-month,1966.01,4,2,0,0,0,35.10732142857143,1,1,0.447
CUST_04752,70,Two year,1561.81,1,19,1,1,0,22.311571428571426,0,0,0.222
CUST_04753,33,Two year,2231.91,1,9,0,1,1,67.63363636363636,0,0,0.35
CUST_04754,39,Month-to-month,966.5,0,21,0,1,1,24.78205128205128,0,1,0.479
CUST_04755,24,Month-to-month,639.29,1,28,0,0,0,26.637083333333333,0,1,0.461
CUST_04756,67,Month-to-month,1307.56,1,21,0,0,1,19.51582089552239,0,1,0.487
CUST_04757,2,Two year,1925.19,0,17,0,0,0,962.595,0,0,0.513
CUST_04758,41,One year,1418.27,1,23,0,0,0,34.5919512195122,0,0,0.37
CUST_04759,4,Month-to-month,612.73,2,5,0,1,1,153.1825,0,1,0.671
CUST_04760,37,Month-to-month,1916.61,0,24,0,0,1,51.80027027027027,0,1,0.622
CUST_04761,20,One year,2226.59,1,9,0,1,1,111.32950000000001,0,0,0.379
CUST_04762,68,Two year,1794.63,1,21,0,1,0,26.391617647058826,0,0,0.271
CUST_04763,48,Month-to-month,2919.39,1,29,0,0,1,60.820625,0,1,0.755
CUST_04764,6,Two year,1669.08,0,25,0,1,0,278.18,0,0,0.479
CUST_04765,59,Month-to-month,918.55,2,15,1,0,1,15.56864406779661,0,1,0.438
CUST_04766,38,Month-to-month,2712.68,0,5,0,1,0,71.38631578947368,0,1,0.286
CUST_04767,25,One year,2129.82,2,26,0,1,1,85.1928,0,0,0.554
CUST_04768,61,Month-to-month,669.05,1,20,0,1,0,10.968032786885246,0,1,0.208
CUST_04769,67,One year,1319.81,2,20,0,1,0,19.69865671641791,0,0,0.177
CUST_04770,63,One year,1580.68,2,12,1,0,0,25.09015873015873,0,0,0.221
CUST_04771,22,Two year,1894.81,0,5,0,1,0,86.12772727272727,0,0,0.213
CUST_04772,15,Month-to-month,2500.69,1,21,0,1,1,166.71266666666668,0,1,0.805
CUST_04773,11,One year,1090.91,0,14,0,0,1,99.17363636363638,0,0,0.374
CUST_04774,23,Month-to-month,742.05,2,15,0,1,1,32.26304347826087,0,1,0.568
CUST_04775,14,Month-to-month,2192.42,2,27,0,1,1,156.60142857142858,0,1,0.824
CUST_04776,45,Month-to-month,371.32,1,18,0,0,0,8.251555555555555,0,1,0.24
CUST_04777,56,One year,1520.82,0,11,0,0,1,27.1575,0,0,0.212
CUST_04778,61,Month-to-month,797.34,1,29,1,0,1,13.071147540983606,0,1,0.578
CUST_04779,7,One year,2292.02,2,3,0,0,0,327.43142857142857,0,0,0.277
CUST_04780,11,One year,1063.21,1,12,1,0,1,96.65545454545455,0,0,0.464
CUST_04781,41,One year,969.34,2,8,0,1,0,23.642439024390246,0,0,0.096
CUST_04782,41,One year,987.34,1,14,0,0,0,24.081463414634147,0,0,0.247
CUST_04783,34,One year,2068.08,7,7,0,1,0,60.82588235294117,1,0,0.552
CUST_04784,67,Two year,613.07,1,3,0,0,0,9.150298507462688,0,0,0.084
CUST_04785,4,Two year,1423.7,1,0,0,1,0,355.925,0,0,0.211
CUST_04786,35,Two year,901.06,1,22,0,0,0,25.744571428571426,0,0,0.291
CUST_04787,38,Month-to-month,872.2,0,27,0,0,0,22.95263157894737,0,1,0.534
CUST_04788,39,Month-to-month,2861.91,2,2,0,1,1,73.38230769230769,0,1,0.669
CUST_04789,46,One year,1480.2,1,8,0,1,0,32.17826086956522,0,0,0.116
CUST_04790,15,One year,2556.31,0,17,0,0,1,170.42066666666668,0,0,0.463
CUST_04791,58,Month-to-month,1566.89,0,18,0,1,0,27.01534482758621,0,1,0.28
CUST_04792,44,Month-to-month,982.31,3,19,0,1,0,22.325227272727272,1,1,0.415
CUST_04793,18,Month-to-month,1544.73,2,14,1,0,0,85.81833333333333,0,1,0.752
CUST_04794,34,Two year,832.41,2,13,0,0,1,24.482647058823527,0,0,0.261
CUST_04795,19,One year,2888.24,0,3,0,1,1,152.01263157894735,0,0,0.488
CUST_04796,49,One year,1353.93,2,9,0,0,1,27.63122448979592,0,0,0.253
CUST_04797,4,Two year,2916.27,1,14,0,1,1,729.0675,0,0,0.625
CUST_04798,39,One year,357.93,2,19,0,0,0,9.177692307692308,0,0,0.138
CUST_04799,18,Month-to-month,1049.59,1,24,0,1,1,58.31055555555555,0,1,0.738
CUST_04800,46,One year,2134.45,3,2,0,1,1,46.40108695652174,1,0,0.44
CUST_04801,49,Month-to-month,849.54,2,21,0,0,0,17.337551020408164,0,1,0.514
CUST_04802,34,Month-to-month,540.54,4,19,0,1,0,15.898235294117645,1,1,0.44
CUST_04803,60,Two year,1386.35,3,25,0,0,0,23.105833333333333,1,0,0.237
CUST_04804,2,Month-to-month,1740.52,2,12,0,0,1,870.26,0,1,0.867
CUST_04805,24,One year,2026.52,3,27,0,0,1,84.43833333333333,1,0,0.78
CUST_04806,8,One year,1852.74,2,17,0,0,1,231.5925,0,0,0.552
CUST_04807,27,One year,2345.86,3,11,0,0,0,86.8837037037037,1,0,0.486
CUST_04808,61,One year,2169.69,2,28,0,1,0,35.568688524590165,0,0,0.274
CUST_04809,44,One year,1827.5,2,29,0,1,0,41.53409090909091,0,0,0.343
CUST_04810,13,Month-to-month,975.49,0,17,0,1,0,75.03769230769231,0,1,0.495
CUST_04811,13,One year,2226.7,0,16,0,1,1,171.28461538461536,0,0,0.454
CUST_04812,35,Month-to-month,1669.08,2,22,0,0,1,47.687999999999995,0,1,0.696
CUST_04813,4,Month-to-month,890.9,0,3,0,0,0,222.725,0,1,0.353
CUST_04814,9,Month-to-month,1669.08,1,2,0,0,1,185.45333333333332,0,1,0.678
CUST_04815,59,Month-to-month,1792.94,3,5,0,0,0,30.388813559322035,1,1,0.341
CUST_04816,36,Month-to-month,2768.33,0,8,0,0,1,76.89805555555556,0,1,0.569
CUST_04817,32,Month-to-month,523.85,2,28,1,0,1,16.3703125,0,1,0.574
CUST_04818,27,Month-to-month,2479.24,2,9,0,1,1,91.8237037037037,0,1,0.629
CUST_04819,32,Month-to-month,836.92,1,17,0,1,0,26.15375,0,1,0.459
CUST_04820,48,Month-to-month,977.74,1,10,0,1,0,20.369583333333335,0,1,0.269
CUST_04821,52,Month-to-month,1687.19,1,10,0,0,0,32.44596153846154,0,1,0.358
CUST_04822,6,Two year,1831.7,0,15,0,1,0,305.28333333333336,0,0,0.385
CUST_04823,24,Month-to-month,702.83,0,1,0,0,0,29.284583333333334,0,1,0.417
CUST_04824,36,One year,2929.1,2,21,0,1,1,81.36388888888888,0,0,0.624
CUST_04825,65,Two year,2999.8,1,17,0,0,0,46.150769230769235,0,0,0.331
CUST_04826,65,Month-to-month,920.7,0,24,1,0,1,14.164615384615386,0,1,0.613
CUST_04827,26,Month-to-month,1845.16,2,1,0,0,0,70.96769230769232,0,1,0.629
CUST_04828,38,Month-to-month,511.71,1,20,1,0,1,13.466052631578947,0,1,0.494
CUST_04829,42,Month-to-month,817.41,2,2,0,1,1,19.462142857142858,0,1,0.4
CUST_04830,5,One year,2563.33,0,23,0,1,1,512.6659999999999,0,0,0.47
CUST_04831,39,Month-to-month,673.69,6,12,0,1,0,17.274102564102567,1,1,0.397
CUST_04832,26,One year,573.58,1,14,0,1,1,22.060769230769232,0,0,0.33
CUST_04833,25,Two year,408.48,2,12,0,1,0,16.3392,0,0,0.142
CUST_04834,28,Month-to-month,767.32,1,2,0,1,0,27.404285714285717,0,1,0.494
CUST_04835,19,Month-to-month,2027.38,0,17,1,0,1,106.70421052631579,0,1,0.658
CUST_04836,40,Month-to-month,2732.42,1,0,0,1,0,68.3105,0,1,0.463
CUST_04837,23,Month-to-month,579.33,3,1,0,0,0,25.18826086956522,1,1,0.515
CUST_04838,14,Two year,2669.81,3,23,0,1,0,190.70071428571427,1,0,0.531
CUST_04839,10,One year,2531.78,4,11,0,1,0,253.17800000000003,1,0,0.469
CUST_04840,65,Month-to-month,1144.26,0,23,0,0,1,17.604,0,1,0.517
CUST_04841,48,Two year,2646.52,2,6,0,1,0,55.13583333333333,0,0,0.218
CUST_04842,28,One year,2054.01,1,24,1,0,1,73.3575,0,0,0.622
CUST_04843,58,Month-to-month,2209.86,2,14,0,0,0,38.10103448275862,0,1,0.474
CUST_04844,54,Month-to-month,1454.79,1,12,0,0,0,26.940555555555555,0,1,0.355
CUST_04845,22,Month-to-month,1212.29,4,21,0,1,1,55.10409090909091,1,1,0.768
CUST_04846,27,Month-to-month,1219.28,0,10,1,0,0,45.15851851851852,0,1,0.433
CUST_04847,49,Month-to-month,2029.1,2,8,0,0,0,41.41020408163265,0,1,0.395
CUST_04848,7,Month-to-month,367.7,2,10,0,1,0,52.528571428571425,0,1,0.403
CUST_04849,4,Month-to-month,2161.4,2,3,0,1,1,540.35,0,1,0.743
CUST_04850,43,Month-to-month,2055.07,1,5,0,0,1,47.79232558139535,0,1,0.449
CUST_04851,29,Month-to-month,1531.59,0,25,1,0,1,52.813448275862065,0,1,0.734
CUST_04852,27,Two year,580.96,1,8,0,1,0,21.51703703703704,0,0,0.159
CUST_04853,50,Month-to-month,2852.75,2,10,1,1,1,57.055,0,1,0.536
CUST_04854,36,Two year,2683.69,3,22,0,0,1,74.54694444444445,1,0,0.708
CUST_04855,17,Two year,2506.23,4,19,0,1,0,147.42529411764707,1,0,0.529
CUST_04856,43,Two year,1669.08,1,29,0,0,0,38.81581395348837,0,0,0.332
CUST_04857,43,Month-to-month,1549.95,2,5,0,0,0,36.0453488372093,0,1,0.388
CUST_04858,68,One year,863.6,0,18,1,1,0,12.700000000000001,0,0,0.108
CUST_04859,51,Two year,409.13,2,4,1,1,0,8.022156862745097,0,0,0.056
CUST_04860,21,Month-to-month,2712.51,1,18,0,1,1,129.16714285714286,0,1,0.752
CUST_04861,34,Two year,1137.04,1,16,0,0,0,33.442352941176466,0,0,0.298
CUST_04862,67,One year,1420.58,1,4,0,0,0,21.20268656716418,0,0,0.124
CUST_04863,20,Month-to-month,2860.65,0,18,0,1,1,143.0325,0,1,0.648
CUST_04864,17,Two year,1541.77,1,2,1,0,0,90.69235294117647,0,0,0.249
CUST_04865,30,Month-to-month,561.99,3,11,0,0,0,18.733,1,1,0.409
CUST_04866,29,Month-to-month,777.21,3,25,0,0,0,26.80034482758621,1,1,0.641
CUST_04867,68,Month-to-month,822.47,0,13,0,0,0,12.09514705882353,0,1,0.291
CUST_04868,10,Month-to-month,1435.7,1,9,1,1,1,143.57,0,1,0.554
CUST_04869,4,Two year,671.1,1,7,0,1,0,167.775,0,0,0.249
CUST_04870,45,Month-to-month,2534.47,2,4,0,0,1,56.32155555555555,0,1,0.608
CUST_04871,49,Month-to-month,353.02,1,17,0,0,0,7.204489795918367,0,1,0.218
CUST_04872,62,Month-to-month,757.82,1,7,0,0,0,12.222903225806453,0,1,0.307
CUST_04873,44,Two year,2387.96,3,24,0,0,1,54.27181818181818,1,0,0.629
CUST_04874,40,Month-to-month,1501.37,0,28,0,1,1,37.53425,0,1,0.491
CUST_04875,56,Two year,1173.77,3,9,0,0,0,20.96017857142857,1,0,0.108
CUST_04876,1,Month-to-month,1817.26,1,29,0,1,1,1817.26,0,1,0.811
CUST_04877,67,Month-to-month,760.84,1,6,0,0,0,11.355820895522388,0,1,0.311
CUST_04878,48,Month-to-month,1328.87,2,14,0,1,0,27.684791666666666,0,1,0.347
CUST_04879,45,Two year,1082.85,2,17,0,1,0,24.063333333333333,0,0,0.17
CUST_04880,16,One year,2587.55,0,2,0,0,0,161.721875,0,0,0.247
CUST_04881,12,Two year,2471.36,0,23,0,1,1,205.9466666666667,0,0,0.521
CUST_04882,51,Month-to-month,2767.67,1,15,0,1,1,54.26803921568628,0,1,0.543
CUST_04883,49,Month-to-month,2895.86,0,8,0,0,1,59.09918367346939,0,1,0.734
CUST_04884,39,Two year,2526.17,3,16,0,0,1,64.77358974358974,1,0,0.609
CUST_04885,64,Month-to-month,2796.52,1,11,0,0,1,43.695625,0,1,0.6
CUST_04886,52,Two year,1550.22,1,10,1,1,0,29.811923076923076,0,0,0.152
CUST_04887,51,Two year,2534.8,1,8,0,0,0,49.70196078431373,0,0,0.188
CUST_04888,32,One year,1061.49,2,7,0,0,0,33.1715625,0,0,0.161
CUST_04889,47,Month-to-month,2099.47,3,2,0,0,1,44.6695744680851,1,1,0.581
CUST_04890,71,One year,1370.48,1,26,1,0,1,19.302535211267607,0,0,0.406
CUST_04891,49,Month-to-month,2468.81,0,13,0,1,0,50.383877551020404,0,1,0.328
CUST_04892,17,Two year,1445.2,4,1,0,0,0,85.01176470588236,1,0,0.36
CUST_04893,11,Two year,2640.13,0,15,0,1,0,240.0118181818182,0,0,0.365
CUST_04894,2,Month-to-month,2123.71,1,11,0,1,1,1061.855,0,1,0.788
CUST_04895,5,Month-to-month,1542.76,1,24,1,1,1,308.552,0,1,0.794
CUST_04896,6,One year,1366.91,1,12,1,0,1,227.81833333333336,0,0,0.461
CUST_04897,35,Two year,2853.81,1,13,0,0,0,81.53742857142856,0,0,0.542
CUST_04898,65,Month-to-month,1919.06,2,20,0,0,1,29.524,0,1,0.589
CUST_04899,6,One year,1387.21,2,0,0,1,0,231.20166666666668,0,0,0.239
CUST_04900,24,Month-to-month,568.62,1,9,0,1,0,23.6925,0,1,0.376
CUST_04901,43,Month-to-month,2528.94,1,29,0,0,0,58.812558139534886,0,1,0.589
CUST_04902,70,One year,709.35,3,29,0,1,0,10.133571428571429,1,0,0.238
CUST_04903,44,Month-to-month,745.76,2,7,0,1,0,16.94909090909091,0,1,0.298
CUST_04904,7,Month-to-month,2164.99,1,0,0,0,1,309.28428571428566,0,1,0.741
CUST_04905,46,Month-to-month,1635.48,2,11,0,0,1,35.55391304347826,0,1,0.499
CUST_04906,58,Month-to-month,2165.3,0,19,0,0,0,37.33275862068966,0,1,0.448
CUST_04907,16,Month-to-month,2406.36,0,4,0,0,1,150.3975,0,1,0.619
CUST_04908,6,Month-to-month,2172.79,3,25,1,1,1,362.13166666666666,1,1,0.885
CUST_04909,58,Month-to-month,1683.38,1,24,0,0,0,29.023793103448277,0,1,0.539
CUST_04910,12,Month-to-month,337.28,0,5,0,1,1,28.106666666666666,0,1,0.532
CUST_04911,60,One year,925.59,2,22,0,0,1,15.4265,0,0,0.26
CUST_04912,23,Month-to-month,2132.46,0,22,0,1,0,92.71565217391304,0,1,0.608
CUST_04913,10,One year,2389.22,2,9,0,0,0,238.92199999999997,0,0,0.389
CUST_04914,30,One year,2796.91,2,7,0,1,1,93.23033333333333,0,0,0.495
CUST_04915,16,Month-to-month,2130.14,2,14,0,0,1,133.13375,0,1,0.788
CUST_04916,53,Month-to-month,2294.68,2,5,0,1,0,43.29584905660377,0,1,0.335
CUST_04917,20,Month-to-month,1200.78,0,4,0,1,0,60.039,0,1,0.352
CUST_04918,13,Month-to-month,1777.6,2,26,0,1,1,136.73846153846154,0,1,0.813
CUST_04919,61,Two year,473.82,2,16,1,0,0,7.767540983606557,0,0,0.074
CUST_04920,69,Month-to-month,845.78,0,23,0,1,0,12.25768115942029,0,1,0.373
CUST_04921,39,Month-to-month,2450.89,0,16,0,1,0,62.84333333333333,0,1,0.493
CUST_04922,61,Two year,1031.37,3,4,0,0,0,16.907704918032785,1,0,0.085
CUST_04923,29,Month-to-month,833.61,0,25,0,0,1,28.745172413793103,0,1,0.668
CUST_04924,8,Month-to-month,1766.01,0,0,0,1,0,220.75125,0,1,0.331
CUST_04925,53,Month-to-month,2750.79,0,7,0,0,1,51.901698113207544,0,1,0.607
CUST_04926,64,Two year,1328.19,3,28,0,0,0,20.75296875,1,0,0.269
CUST_04927,33,Month-to-month,608.67,1,18,0,1,0,18.44454545454545,0,1,0.29
CUST_04928,41,Month-to-month,1346.26,1,0,1,0,1,32.83560975609756,0,1,0.508
CUST_04929,51,Month-to-month,2672.52,1,19,0,1,1,52.40235294117647,0,1,0.481
CUST_04930,45,Two year,2299.36,1,8,0,0,0,51.09688888888889,0,0,0.244
CUST_04931,50,Month-to-month,1777.68,1,13,0,1,0,35.5536,0,1,0.324
CUST_04932,14,Two year,1394.84,1,12,0,0,0,99.63142857142857,0,0,0.396
CUST_04933,54,Month-to-month,2279.73,1,27,0,1,0,42.217222222222226,0,1,0.444
CUST_04934,59,Two year,2774.94,1,19,0,0,0,47.032881355932204,0,0,0.383
CUST_04935,26,Two year,370.1,5,23,0,0,0,14.234615384615385,1,0,0.147
CUST_04936,19,Month-to-month,937.59,3,14,0,1,0,49.34684210526316,1,1,0.584
CUST_04937,25,Two year,529.95,2,17,0,1,0,21.198,0,0,0.274
CUST_04938,58,Two year,1882.81,0,18,1,0,0,32.46224137931034,0,0,0.306
CUST_04939,6,Month-to-month,1707.12,1,21,1,0,1,284.52,0,1,0.817
CUST_04940,51,Month-to-month,2044.94,2,20,0,0,1,40.09686274509804,0,1,0.611
CUST_04941,3,Month-to-month,2988.01,2,14,0,0,1,996.0033333333334,0,1,0.896
CUST_04942,49,Month-to-month,1658.34,2,26,1,1,0,33.84367346938775,0,1,0.497
CUST_04943,18,Month-to-month,953.08,1,13,0,0,0,52.94888888888889,0,1,0.671
CUST_04944,29,One year,1921.53,2,22,0,0,1,66.25965517241379,0,0,0.535
CUST_04945,27,One year,777.06,0,18,0,0,0,28.779999999999998,0,0,0.254
CUST_04946,34,Month-to-month,814.8,0,12,0,0,0,23.96470588235294,0,1,0.375
CUST_04947,62,Month-to-month,1226.53,2,15,1,0,0,19.78274193548387,0,1,0.435
CUST_04948,29,Month-to-month,1521.28,0,13,0,0,0,52.457931034482755,0,1,0.546
CUST_04949,38,Month-to-month,1623.27,0,10,0,1,0,42.71763157894737,0,1,0.291
CUST_04950,25,Month-to-month,1171.63,2,20,0,1,0,46.8652,0,1,0.481
CUST_04951,48,Month-to-month,2683.57,1,4,0,1,0,55.90770833333334,0,1,0.386
CUST_04952,43,Two year,2998.8,1,21,0,0,1,69.73953488372094,0,0,0.555
CUST_04953,48,Month-to-month,722.08,1,25,0,0,0,15.043333333333335,0,1,0.569
CUST_04954,59,Month-to-month,1248.8,3,24,0,0,0,21.166101694915252,1,1,0.448
CUST_04955,65,One year,782.36,4,6,0,1,0,12.036307692307693,1,0,0.221
CUST_04956,4,Month-to-month,921.18,3,29,0,0,1,230.295,1,1,0.818
CUST_04957,5,Two year,1016.77,2,23,0,0,0,203.35399999999998,0,0,0.638
CUST_04958,45,Month-to-month,2060.9,1,25,0,0,1,45.79777777777778,0,1,0.642
CUST_04959,58,Month-to-month,1669.08,1,3,1,1,0,28.777241379310343,0,1,0.292
CUST_04960,62,Month-to-month,1549.57,1,26,0,0,1,24.99306451612903,0,1,0.527
CUST_04961,69,Month-to-month,2936.88,1,7,1,0,1,42.563478260869566,0,1,0.708
CUST_04962,48,Month-to-month,2706.78,2,20,0,1,0,56.39125000000001,0,1,0.474
CUST_04963,51,Month-to-month,2066.71,2,6,0,1,1,40.52372549019608,0,1,0.355
CUST_04964,47,Month-to-month,1150.84,3,25,1,1,1,24.48595744680851,1,1,0.528
CUST_04965,52,One year,390.73,1,24,0,0,0,7.514038461538462,0,0,0.119
CUST_04966,71,One year,2895.21,1,17,0,1,0,40.777605633802814,0,0,0.274
CUST_04967,67,Two year,1513.75,1,17,0,0,0,22.59328358208955,0,0,0.232
CUST_04968,16,One year,377.63,1,20,1,1,0,23.601875,0,0,0.25
CUST_04969,50,Month-to-month,1677.33,1,7,0,1,0,33.5466,0,1,0.276
CUST_04970,20,One year,2148.86,0,16,1,0,0,107.44300000000001,0,0,0.438
CUST_04971,9,One year,2755.35,1,29,0,0,1,306.15,0,0,0.651
CUST_04972,59,One year,442.22,3,23,0,1,0,7.495254237288136,1,0,0.115
CUST_04973,11,Month-to-month,2048.41,1,1,0,1,0,186.2190909090909,0,1,0.571
CUST_04974,12,Month-to-month,857.65,1,24,0,1,1,71.47083333333333,0,1,0.749
CUST_04975,21,Month-to-month,1669.08,2,19,1,1,1,79.47999999999999,0,1,0.771
CUST_04976,55,Month-to-month,1086.18,1,16,1,1,1,19.748727272727272,0,1,0.367
CUST_04977,27,One year,1669.08,3,12,0,0,1,61.81777777777778,1,0,0.469
CUST_04978,42,Two year,1451.19,1,12,0,1,0,34.55214285714286,0,0,0.176
CUST_04979,52,Month-to-month,311.92,2,10,0,1,0,5.998461538461539,0,1,0.147
CUST_04980,24,Month-to-month,2991.6,3,4,0,0,1,124.64999999999999,1,1,0.748
CUST_04981,29,Month-to-month,2359.74,3,4,0,1,1,81.3703448275862,1,1,0.718
CUST_04982,14,Month-to-month,894.34,3,2,0,1,0,63.88142857142857,1,1,0.673
CUST_04983,36,Month-to-month,1080.42,3,29,0,0,1,30.01166666666667,1,1,0.75
CUST_04984,16,Month-to-month,2105.43,0,18,0,0,1,131.589375,0,1,0.693
CUST_04985,28,Month-to-month,1090.05,1,25,0,0,1,38.93035714285714,0,1,0.625
CUST_04986,1,Month-to-month,1643.59,2,21,0,1,1,1643.59,0,1,0.832
CUST_04987,62,One year,795.96,2,23,0,0,0,12.838064516129032,0,0,0.216
CUST_04988,37,Month-to-month,2766.99,4,13,0,0,1,74.78351351351351,1,1,0.824
CUST_04989,11,Month-to-month,413.7,3,12,0,0,1,37.60909090909091,1,1,0.673
CUST_04990,53,Month-to-month,608.76,0,25,0,1,0,11.486037735849056,0,1,0.285
CUST_04991,25,Month-to-month,616.37,2,28,0,1,0,24.6548,0,1,0.451
CUST_04992,21,Month-to-month,2392.76,2,1,0,1,1,113.9409523809524,0,1,0.67
CUST_04993,7,One year,2506.4,0,13,0,1,1,358.0571428571429,0,0,0.388
CUST_04994,7,Month-to-month,2922.82,2,26,0,0,1,417.5457142857143,0,1,0.849
CUST_04995,47,Month-to-month,1783.46,1,19,0,1,0,37.945957446808514,0,1,0.367
CUST_04996,40,Two year,1335.77,3,17,1,1,1,33.39425,1,0,0.479
CUST_04997,53,Two year,1689.65,4,5,0,0,0,31.880188679245286,1,0,0.195
CUST_04998,32,Two year,2459.94,0,10,0,1,0,76.873125,0,0,0.283
CUST_04999,7,Month-to-month,2361.29,0,17,1,0,0,337.32714285714286,0,1,0.557
CUST_05000,70,Month-to-month,1182.41,2,26,0,1,1,16.891571428571428,0,1,0.488
