customer_id,tenure_months,contract_type,monthly_charges,support_calls,payment_delay_days,is_senior_citizen,has_addon_services,churned
CUST_00001,22,Two year,1207.16,1,15,0,0,0
CUST_00002,56,One year,2255.81,5,15,1,1,0
CUST_00003,28,Month-to-month,1525.0,1,8,0,0,1
CUST_00004,44,Month-to-month,2029.55,2,6,1,1,0
CUST_00005,34,Month-to-month,875.33,3,13,0,0,0
CUST_00006,51,One year,1759.15,5,9,0,1,0
CUST_00007,25,One year,1099.26,3,3,0,0,1
CUST_00008,7,Month-to-month,2512.48,1,5,0,0,1
CUST_00009,21,Month-to-month,1540.54,1,12,0,0,1
CUST_00010,45,Month-to-month,436.37,1,29,0,1,0
CUST_00011,45,Month-to-month,978.73,4,26,0,1,0
CUST_00012,70,Month-to-month,1518.46,2,7,1,1,1
CUST_00013,18,Month-to-month,1556.11,1,5,0,1,0
CUST_00014,31,Month-to-month,949.26,1,6,0,1,1
CUST_00015,68,Two year,1278.69,0,13,0,0,0
CUST_00016,8,Month-to-month,2757.98,1,13,0,0,1
CUST_00017,50,Month-to-month,560.24,1,12,0,0,1
CUST_00018,69,Month-to-month,804.54,3,19,0,1,1
CUST_00019,66,Month-to-month,2097.09,0,25,0,0,0
CUST_00020,48,One year,857.39,0,6,0,1,0
CUST_00021,64,Month-to-month,2602.2,4,14,0,1,1
CUST_00022,15,Two year,2317.1,3,16,0,1,1
CUST_00023,54,Month-to-month,1055.93,4,22,0,1,1
CUST_00024,48,Month-to-month,2346.61,2,27,1,1,0
CUST_00025,36,Two year,1077.11,0,10,0,1,0
CUST_00026,71,Month-to-month,1516.57,2,13,1,1,1
CUST_00027,60,Month-to-month,1602.58,3,2,0,1,0
CUST_00028,15,Two year,2119.64,3,20,0,1,1
CUST_00029,70,Month-to-month,1679.89,1,28,0,0,0
CUST_00030,61,One year,2700.86,1,28,0,0,1
CUST_00031,27,Two year,2745.09,0,27,0,0,0
CUST_00032,50,Month-to-month,1150.82,2,28,1,0,0
CUST_00033,56,Two year,1559.53,4,10,0,0,0
CUST_00034,16,Month-to-month,2327.96,0,3,0,0,1
CUST_00035,19,Month-to-month,1440.22,2,8,0,0,1
CUST_00036,14,Month-to-month,1312.99,1,20,1,0,1
CUST_00037,33,Month-to-month,880.23,3,26,1,1,1
CUST_00038,68,Month-to-month,1063.03,0,10,1,1,0
CUST_00039,28,Two year,2341.9,0,23,0,1,0
CUST_00040,25,Two year,2054.5,0,6,0,0,0
CUST_00041,66,One year,484.62,2,12,0,0,0
CUST_00042,32,Two year,2267.78,2,21,0,0,1
CUST_00043,5,Month-to-month,2502.64,1,25,0,0,1
CUST_00044,47,One year,1450.23,0,29,0,0,1
CUST_00045,55,Two year,1001.37,1,0,0,0,0
CUST_00046,32,Month-to-month,2140.33,1,21,0,0,1
CUST_00047,68,One year,2176.48,3,2,0,1,0
CUST_00048,1,Two year,528.31,2,4,1,0,1
CUST_00049,62,Month-to-month,860.83,2,26,0,1,1
CUST_00050,19,Two year,2262.59,1,12,0,0,1
CUST_00051,57,Two year,2548.13,1,16,0,0,0
CUST_00052,34,Two year,1075.96,1,5,0,1,0
CUST_00053,47,One year,2512.53,3,14,0,1,1
CUST_00054,55,Month-to-month,1863.46,4,28,1,1,1
CUST_00055,64,Two year,1700.01,0,7,0,1,0
CUST_00056,44,One year,1812.8,2,23,0,1,1
CUST_00057,46,Month-to-month,1538.01,1,23,0,1,1
CUST_00058,31,Month-to-month,1117.28,2,9,0,0,1
CUST_00059,4,Month-to-month,2348.91,1,23,0,1,1
CUST_00060,14,Month-to-month,2282.56,1,27,0,1,1
CUST_00061,9,Month-to-month,2324.83,1,29,0,0,1
CUST_00062,56,Two year,454.63,1,14,0,0,0
CUST_00063,8,Two year,1730.4,2,0,0,1,1
CUST_00064,14,Two year,2273.08,4,23,0,0,1
CUST_00065,17,Two year,2322.88,0,6,0,1,1
CUST_00066,52,Month-to-month,1612.66,3,13,0,0,0
CUST_00067,23,Month-to-month,2924.62,1,2,0,0,1
CUST_00068,36,Month-to-month,1016.23,3,19,1,1,0
CUST_00069,49,Month-to-month,844.06,2,18,0,0,1
CUST_00070,40,One year,1790.3,4,28,0,0,1
CUST_00071,35,Month-to-month,2671.97,2,9,0,1,1
CUST_00072,28,Two year,478.36,0,6,0,0,0
CUST_00073,67,Two year,318.13,3,16,0,1,0
CUST_00074,15,One year,1202.82,3,29,0,1,1
CUST_00075,57,Two year,2446.39,1,24,0,1,1
CUST_00076,13,Month-to-month,970.85,2,18,0,1,1
CUST_00077,34,Month-to-month,,0,22,1,1,0
CUST_00078,46,One year,310.77,2,25,0,1,1
CUST_00079,21,Two year,1054.61,0,19,0,0,0
CUST_00080,20,Two year,642.79,3,6,0,0,1
CUST_00081,13,Month-to-month,2420.07,2,18,0,0,1
CUST_00082,2,Two year,2847.05,2,11,0,1,0
CUST_00083,19,Month-to-month,783.4,0,9,0,1,1
CUST_00084,14,Month-to-month,,3,13,0,1,1
CUST_00085,47,Month-to-month,2951.26,1,28,1,1,1
CUST_00086,66,One year,2240.06,4,20,0,0,0
CUST_00087,2,One year,944.01,0,28,0,0,0
CUST_00088,51,One year,1094.03,1,10,0,0,1
CUST_00089,29,One year,499.6,2,26,0,0,0
CUST_00090,42,One year,962.78,3,0,0,0,0
CUST_00091,69,One year,1501.04,3,7,0,1,0
CUST_00092,29,One year,1659.4,2,8,1,0,1
CUST_00093,9,One year,2185.38,1,4,0,1,0
CUST_00094,59,Month-to-month,2182.06,0,7,0,1,0
CUST_00095,64,Month-to-month,1839.17,1,26,0,0,1
CUST_00096,19,Two year,462.28,1,0,0,1,0
CUST_00097,42,One year,2494.26,1,29,0,0,0
CUST_00098,45,One year,548.35,0,8,0,0,0
CUST_00099,10,Month-to-month,1324.19,2,11,0,0,1
CUST_00100,1,One year,2770.48,4,28,0,0,1
CUST_00101,2,Month-to-month,2049.58,1,1,0,0,1
CUST_00102,46,Two year,819.39,3,21,0,0,0
CUST_00103,44,Two year,2724.85,1,29,0,1,1
CUST_00104,70,Month-to-month,1592.26,1,10,0,1,0
CUST_00105,43,Month-to-month,1691.68,1,16,0,0,0
CUST_00106,51,Month-to-month,1017.13,0,21,1,1,0
CUST_00107,34,One year,1346.82,3,27,1,0,1
CUST_00108,6,Month-to-month,1701.45,0,19,0,1,1
CUST_00109,24,One year,1988.29,3,14,0,0,0
CUST_00110,42,Two year,636.69,0,1,0,0,0
CUST_00111,50,Two year,2646.34,2,10,0,1,0
CUST_00112,23,Month-to-month,313.51,5,9,0,0,0
CUST_00113,10,Month-to-month,324.05,2,22,0,0,1
CUST_00114,66,One year,481.37,0,25,1,1,0
CUST_00115,17,Month-to-month,1371.89,3,15,0,1,1
CUST_00116,2,Two year,1927.14,3,2,0,1,0
CUST_00117,30,Two year,497.89,1,25,0,0,0
CUST_00118,1,Two year,1342.43,0,6,0,0,1
CUST_00119,47,Month-to-month,2460.03,1,15,0,1,0
CUST_00120,7,One year,2517.14,1,28,1,1,0
CUST_00121,23,Month-to-month,573.47,0,16,0,1,1
CUST_00122,25,Month-to-month,2713.08,3,23,0,0,1
CUST_00123,52,One year,2498.65,2,15,0,0,0
CUST_00124,63,Month-to-month,2044.99,0,29,0,1,0
CUST_00125,49,One year,1526.21,2,6,0,1,0
CUST_00126,41,One year,980.7,3,15,1,0,1
CUST_00127,17,Two year,2320.85,2,1,1,0,0
CUST_00128,48,One year,1706.99,3,15,0,0,0
CUST_00129,53,Month-to-month,792.23,2,29,0,1,1
CUST_00130,4,Month-to-month,2215.83,3,22,0,0,1
CUST_00131,42,One year,1868.93,0,9,0,1,0
CUST_00132,13,Two year,371.01,1,25,0,1,0
CUST_00133,7,Two year,487.79,0,0,1,0,0
CUST_00134,28,Month-to-month,1475.82,1,2,0,0,1
CUST_00135,57,Month-to-month,749.24,3,10,0,0,0
CUST_00136,45,One year,1877.34,0,12,0,0,0
CUST_00137,64,Month-to-month,2562.75,1,13,0,1,0
CUST_00138,54,Month-to-month,495.88,8,1,0,0,1
CUST_00139,25,One year,1069.18,2,22,0,1,0
CUST_00140,41,Month-to-month,490.75,3,25,1,1,0
CUST_00141,21,One year,734.72,5,29,0,1,0
CUST_00142,20,Two year,2628.66,4,28,1,1,0
CUST_00143,47,Month-to-month,2800.45,1,26,0,1,1
CUST_00144,13,Month-to-month,1520.49,1,24,0,1,1
CUST_00145,30,One year,1176.12,2,25,0,0,0
CUST_00146,30,Month-to-month,842.3,0,25,0,1,1
CUST_00147,36,Two year,588.0,0,20,1,0,0
CUST_00148,19,Month-to-month,673.82,5,12,0,1,1
CUST_00149,17,One year,397.58,5,20,0,1,0
CUST_00150,54,Month-to-month,388.83,2,17,0,0,1
CUST_00151,36,Two year,837.32,3,27,0,1,0
CUST_00152,64,Month-to-month,1295.37,1,3,0,0,1
CUST_00153,35,Month-to-month,2602.52,1,2,0,0,1
CUST_00154,58,Month-to-month,2238.26,4,29,0,1,1
CUST_00155,57,Two year,1216.92,0,17,0,0,0
CUST_00156,9,Two year,2754.79,3,15,0,1,0
CUST_00157,58,One year,1189.53,1,6,0,1,0
CUST_00158,56,One year,2574.39,1,3,0,1,0
CUST_00159,45,Month-to-month,519.62,4,3,0,0,1
CUST_00160,2,Month-to-month,2047.78,4,13,0,0,1
CUST_00161,61,One year,1629.77,3,28,0,1,0
CUST_00162,10,Month-to-month,2441.26,2,11,1,0,1
CUST_00163,64,Two year,2363.08,1,8,0,0,0
CUST_00164,50,Month-to-month,2989.63,1,27,0,0,1
CUST_00165,26,One year,999.18,0,21,0,1,0
CUST_00166,23,Two year,568.39,1,24,0,0,1
CUST_00167,40,One year,692.39,0,6,0,0,1
CUST_00168,59,One year,1273.48,5,26,0,1,1
CUST_00169,23,Two year,2177.45,0,24,0,1,0
CUST_00170,49,Two year,2774.72,2,13,0,1,1
CUST_00171,28,Two year,900.71,0,24,0,0,0
CUST_00172,46,Month-to-month,1736.37,2,4,0,1,0
CUST_00173,47,Month-to-month,306.84,1,25,0,1,0
CUST_00174,43,Month-to-month,337.97,4,21,1,1,1
CUST_00175,16,Month-to-month,337.0,2,0,0,0,0
CUST_00176,65,Two year,599.43,1,12,0,1,0
CUST_00177,41,Two year,692.64,3,8,0,1,0
CUST_00178,60,Two year,2345.57,4,7,0,0,0
CUST_00179,29,Two year,1574.38,3,22,0,1,0
CUST_00180,3,Month-to-month,1765.64,1,29,1,0,1
CUST_00181,68,Two year,2657.05,2,0,0,0,1
CUST_00182,70,Month-to-month,2039.36,1,7,0,1,0
CUST_00183,53,Two year,1666.84,1,14,0,0,0
CUST_00184,31,Month-to-month,1059.87,1,15,0,0,1
CUST_00185,45,Month-to-month,1681.23,2,11,0,1,1
CUST_00186,21,One year,1138.43,3,9,0,1,0
CUST_00187,17,One year,2271.69,0,27,0,0,0
CUST_00188,62,Month-to-month,1905.01,0,13,0,0,1
CUST_00189,16,Month-to-month,697.44,2,25,0,1,1
CUST_00190,66,One year,2129.72,0,11,0,0,0
CUST_00191,44,Month-to-month,940.8,2,11,1,1,0
CUST_00192,55,Month-to-month,1594.28,2,3,0,0,0
CUST_00193,13,Month-to-month,1264.61,3,2,0,1,1
CUST_00194,52,Month-to-month,1092.39,0,2,1,0,0
CUST_00195,51,One year,2134.44,0,14,0,0,0
CUST_00196,1,Month-to-month,1635.41,1,23,0,0,1
CUST_00197,69,Month-to-month,1691.99,3,24,0,1,1
CUST_00198,20,Month-to-month,1825.2,1,14,0,0,0
CUST_00199,53,Month-to-month,1811.04,0,27,0,0,0
CUST_00200,58,One year,1011.57,1,15,0,1,1
CUST_00201,21,Month-to-month,2336.44,3,20,0,1,1
CUST_00202,71,Month-to-month,,1,13,0,1,0
CUST_00203,27,One year,351.86,3,23,1,0,0
CUST_00204,20,Month-to-month,2549.8,2,17,0,1,1
CUST_00205,44,Two year,1886.24,4,12,0,0,0
CUST_00206,55,One year,1278.61,3,10,0,0,0
CUST_00207,66,Two year,1261.95,0,8,0,1,0
CUST_00208,9,One year,623.65,2,2,0,1,0
CUST_00209,4,One year,2993.81,1,14,0,1,1
CUST_00210,54,Two year,892.5,3,0,0,1,0
CUST_00211,67,Month-to-month,949.15,2,12,0,0,1
CUST_00212,26,Month-to-month,1949.26,1,0,0,1,0
CUST_00213,2,One year,687.4,1,9,0,0,0
CUST_00214,6,Month-to-month,1222.24,1,21,0,1,0
CUST_00215,7,Two year,1350.04,2,21,0,0,1
CUST_00216,13,Two year,1874.72,2,4,0,0,0
CUST_00217,20,Two year,2618.61,1,4,0,0,0
CUST_00218,41,One year,1834.74,1,16,0,0,1
CUST_00219,13,One year,2033.43,1,19,0,0,0
CUST_00220,34,One year,2123.02,0,1,0,0,0
CUST_00221,70,Month-to-month,951.65,1,14,0,1,0
CUST_00222,49,Two year,810.4,2,27,0,1,0
CUST_00223,2,One year,2654.37,0,23,1,0,1
CUST_00224,25,One year,2762.93,2,13,1,1,0
CUST_00225,50,Two year,2948.81,1,8,0,0,1
CUST_00226,43,Month-to-month,2117.7,2,5,0,1,1
CUST_00227,22,Month-to-month,572.18,3,9,0,0,1
CUST_00228,27,Two year,1899.83,0,28,0,0,1
CUST_00229,22,One year,2931.52,0,28,1,1,0
CUST_00230,55,One year,1520.55,1,1,0,0,1
CUST_00231,60,Month-to-month,955.87,1,1,1,1,0
CUST_00232,1,Month-to-month,590.53,1,26,1,1,1
CUST_00233,57,Month-to-month,538.9,2,25,0,0,0
CUST_00234,42,Month-to-month,2304.86,1,21,1,0,0
CUST_00235,38,Month-to-month,2738.08,1,28,1,0,1
CUST_00236,42,Two year,2371.35,2,11,0,0,0
CUST_00237,21,Month-to-month,2694.69,0,1,0,0,0
CUST_00238,5,Month-to-month,2930.24,1,15,0,1,1
CUST_00239,20,Month-to-month,456.26,2,2,0,1,0
CUST_00240,55,Month-to-month,1785.81,0,8,1,0,0
CUST_00241,58,One year,1195.92,2,24,0,0,0
CUST_00242,46,Month-to-month,1635.98,1,10,0,0,0
CUST_00243,41,Month-to-month,547.64,1,9,0,1,0
CUST_00244,68,Month-to-month,662.79,1,5,0,1,0
CUST_00245,50,One year,1413.14,0,5,0,1,0
CUST_00246,14,One year,996.37,3,1,0,1,0
CUST_00247,49,Month-to-month,2714.28,2,28,0,1,0
CUST_00248,31,Two year,1927.53,0,11,0,0,0
CUST_00249,30,One year,395.17,3,16,0,1,0
CUST_00250,62,Month-to-month,1839.1,1,12,1,0,0
CUST_00251,71,Two year,2943.98,1,13,0,0,0
CUST_00252,68,One year,571.21,1,16,0,0,0
CUST_00253,26,Two year,2077.16,2,18,0,1,0
CUST_00254,49,Month-to-month,1009.27,0,2,0,1,0
CUST_00255,33,One year,503.36,2,20,0,1,0
CUST_00256,26,Month-to-month,2935.42,1,5,0,1,1
CUST_00257,50,Month-to-month,644.32,1,25,0,0,1
CUST_00258,53,Month-to-month,1759.56,0,0,0,1,0
CUST_00259,34,Month-to-month,1241.11,1,29,0,1,0
CUST_00260,33,Month-to-month,1234.0,0,17,0,1,1
CUST_00261,47,Month-to-month,1553.07,1,0,0,1,0
CUST_00262,38,Month-to-month,1212.8,0,28,0,0,1
CUST_00263,55,Month-to-month,2440.16,1,15,0,0,0
CUST_00264,49,Two year,1185.49,2,22,0,0,1
CUST_00265,3,One year,2990.89,2,0,0,0,0
CUST_00266,67,Month-to-month,2752.59,0,24,0,1,0
CUST_00267,64,Month-to-month,1691.33,2,27,0,0,0
CUST_00268,1,Month-to-month,2065.38,1,7,0,1,0
CUST_00269,27,Month-to-month,1066.65,1,27,0,1,0
CUST_00270,50,One year,1804.65,5,28,0,0,1
CUST_00271,5,Month-to-month,787.95,3,6,0,0,1
CUST_00272,65,Month-to-month,1968.12,2,29,0,1,1
CUST_00273,19,One year,2931.33,0,11,0,1,1
CUST_00274,27,Month-to-month,779.68,1,0,0,0,0
CUST_00275,2,Month-to-month,1674.92,0,9,0,1,0
CUST_00276,17,Month-to-month,2075.54,3,7,0,1,1
CUST_00277,4,Two year,1854.85,4,27,0,0,1
CUST_00278,41,Month-to-month,2970.25,0,6,0,0,1
CUST_00279,70,Month-to-month,2055.51,1,17,0,0,0
CUST_00280,3,One year,2558.79,2,8,0,0,1
CUST_00281,44,Two year,2472.26,1,14,1,0,1
CUST_00282,58,Month-to-month,1243.8,1,17,0,1,1
CUST_00283,56,Two year,496.76,2,13,0,1,0
CUST_00284,35,Month-to-month,1428.3,0,19,0,0,0
CUST_00285,15,One year,408.43,1,2,0,1,0
CUST_00286,48,Two year,2866.07,0,1,1,0,0
CUST_00287,29,Month-to-month,2500.11,1,7,1,0,0
CUST_00288,56,Month-to-month,1404.12,1,17,0,0,1
CUST_00289,38,Two year,2932.9,2,4,0,0,0
CUST_00290,2,Month-to-month,2133.48,0,0,0,0,1
CUST_00291,58,One year,525.57,1,6,0,0,0
CUST_00292,14,One year,2365.91,2,13,1,1,0
CUST_00293,40,Month-to-month,1051.53,3,9,0,1,1
CUST_00294,30,One year,1748.36,2,22,0,1,0
CUST_00295,9,Month-to-month,2155.47,2,23,0,1,1
CUST_00296,44,Month-to-month,2572.37,0,2,1,1,1
CUST_00297,65,Two year,1439.01,3,2,0,0,0
CUST_00298,27,One year,1093.51,3,7,0,1,1
CUST_00299,38,Two year,1342.98,2,6,0,0,0
CUST_00300,20,Two year,1888.59,2,7,1,1,1
CUST_00301,26,Month-to-month,573.4,0,18,0,1,0
CUST_00302,2,Month-to-month,2647.81,1,7,1,1,1
CUST_00303,54,Two year,510.32,3,19,0,0,0
CUST_00304,31,Month-to-month,2703.31,1,28,0,1,1
CUST_00305,30,One year,2262.05,2,6,0,0,1
CUST_00306,67,Month-to-month,2123.79,3,22,0,1,1
CUST_00307,29,Two year,749.91,1,9,0,1,0
CUST_00308,3,Month-to-month,1438.24,0,21,0,0,0
CUST_00309,51,Two year,963.59,2,7,0,0,0
CUST_00310,43,Two year,845.08,2,29,0,0,1
CUST_00311,35,Month-to-month,2602.76,1,1,0,1,1
CUST_00312,15,Two year,2253.54,3,26,0,1,0
CUST_00313,53,One year,447.56,2,24,0,0,0
CUST_00314,69,One year,691.23,2,2,1,0,0
CUST_00315,24,Month-to-month,2499.75,3,0,0,0,1
CUST_00316,58,One year,,1,14,0,0,0
CUST_00317,32,Month-to-month,1108.08,3,24,0,1,1
CUST_00318,16,Month-to-month,988.42,0,24,0,0,1
CUST_00319,21,Month-to-month,1913.04,1,21,0,0,1
CUST_00320,69,Two year,1171.02,1,6,0,1,0
CUST_00321,11,Month-to-month,2465.3,0,4,0,1,1
CUST_00322,23,One year,874.12,3,19,0,1,1
CUST_00323,11,Month-to-month,2391.98,0,3,0,0,1
CUST_00324,50,One year,2907.04,3,7,0,1,1
CUST_00325,29,One year,835.96,1,8,1,1,0
CUST_00326,19,Month-to-month,473.51,2,10,0,0,0
CUST_00327,9,Two year,1405.25,1,19,1,0,0
CUST_00328,21,Month-to-month,1065.28,0,15,0,0,0
CUST_00329,24,Month-to-month,1772.17,3,1,0,1,1
CUST_00330,5,Month-to-month,2205.38,0,8,0,0,0
CUST_00331,12,One year,2877.77,1,25,0,1,0
CUST_00332,21,Month-to-month,403.75,2,18,0,1,1
CUST_00333,45,Two year,710.34,4,3,0,1,0
CUST_00334,30,Month-to-month,934.65,2,9,1,1,1
CUST_00335,58,Month-to-month,2566.93,0,22,0,0,0
CUST_00336,2,Month-to-month,1931.18,1,29,0,0,1
CUST_00337,22,Month-to-month,827.88,0,22,0,0,1
CUST_00338,1,Two year,2926.69,2,8,0,0,0
CUST_00339,7,One year,2952.43,1,17,1,0,0
CUST_00340,1,One year,937.45,0,0,0,1,0
CUST_00341,43,One year,1485.85,0,3,0,0,1
CUST_00342,63,One year,2939.9,3,11,0,1,0
CUST_00343,45,Month-to-month,1039.39,0,17,1,0,1
CUST_00344,30,Month-to-month,1728.4,0,27,0,1,1
CUST_00345,21,Two year,2317.6,0,15,1,0,1
CUST_00346,66,Month-to-month,2936.35,1,2,0,0,1
CUST_00347,50,Month-to-month,1631.91,1,4,0,1,0
CUST_00348,35,One year,1108.92,1,20,0,0,1
CUST_00349,56,Month-to-month,2536.19,4,7,0,1,1
CUST_00350,40,Month-to-month,1738.06,2,1,0,0,1
CUST_00351,7,Two year,2296.68,6,28,0,0,1
CUST_00352,27,Month-to-month,1235.43,1,8,0,1,1
CUST_00353,64,Month-to-month,1890.22,3,16,0,1,0
CUST_00354,56,Month-to-month,1117.03,0,18,0,1,1
CUST_00355,7,Month-to-month,1770.69,4,10,0,1,0
CUST_00356,25,One year,2728.9,2,19,0,0,0
CUST_00357,65,Month-to-month,2088.9,2,1,0,0,0
CUST_00358,58,Month-to-month,1834.91,2,1,0,0,0
CUST_00359,6,Month-to-month,1908.68,1,15,0,1,0
CUST_00360,28,One year,1281.32,2,23,0,0,1
CUST_00361,9,One year,2905.34,5,24,0,0,1
CUST_00362,10,Month-to-month,1409.92,3,15,0,1,1
CUST_00363,17,Month-to-month,2677.33,2,1,0,1,0
CUST_00364,30,One year,462.76,2,6,0,1,0
CUST_00365,27,Two year,843.09,3,8,0,1,0
CUST_00366,3,One year,1534.64,1,22,0,0,1
CUST_00367,46,Month-to-month,2236.6,0,23,0,0,0
CUST_00368,28,Two year,1275.14,1,4,1,0,0
CUST_00369,25,Two year,2429.11,5,4,0,1,1
CUST_00370,28,Month-to-month,452.71,2,0,1,1,1
CUST_00371,16,Month-to-month,1928.05,3,14,1,1,1
CUST_00372,51,Month-to-month,2702.98,1,19,0,0,0
CUST_00373,36,Month-to-month,2174.17,1,13,1,0,1
CUST_00374,71,Month-to-month,1691.63,1,24,0,0,1
CUST_00375,67,One year,2411.14,3,25,0,0,1
CUST_00376,12,Month-to-month,1343.24,0,26,0,0,1
CUST_00377,15,Two year,1799.67,0,14,0,0,0
CUST_00378,44,One year,1696.15,2,26,0,1,1
CUST_00379,36,One year,1762.84,3,19,0,1,0
CUST_00380,60,Month-to-month,346.09,2,11,0,0,0
CUST_00381,45,Month-to-month,875.75,2,9,0,0,0
CUST_00382,49,Two year,2815.36,1,8,0,0,1
CUST_00383,28,Month-to-month,1489.02,3,5,0,1,0
CUST_00384,17,Month-to-month,2932.01,3,12,0,0,1
CUST_00385,18,One year,2340.21,1,7,0,1,0
CUST_00386,30,Month-to-month,2253.33,0,28,0,0,1
CUST_00387,39,Month-to-month,1899.65,4,12,0,0,1
CUST_00388,67,Two year,840.45,0,1,0,1,0
CUST_00389,56,Month-to-month,403.41,1,12,0,0,0
CUST_00390,37,One year,516.47,1,19,0,1,1
CUST_00391,51,Month-to-month,2265.79,1,16,0,0,0
CUST_00392,48,Month-to-month,789.36,0,22,0,0,1
CUST_00393,9,Month-to-month,367.72,4,1,0,1,1
CUST_00394,22,Month-to-month,,2,19,0,0,0
CUST_00395,49,Month-to-month,2388.97,1,16,0,1,0
CUST_00396,57,Month-to-month,2766.81,0,16,0,0,0
CUST_00397,11,Month-to-month,1989.38,2,14,0,0,0
CUST_00398,40,One year,515.92,0,20,0,1,1
CUST_00399,47,Month-to-month,1652.28,0,13,0,0,1
CUST_00400,56,Two year,1205.03,2,23,0,1,0
CUST_00401,68,One year,2958.48,2,13,0,1,0
CUST_00402,20,Month-to-month,415.29,4,0,1,0,0
CUST_00403,13,Two year,2531.52,2,15,1,1,0
CUST_00404,17,Month-to-month,,1,0,0,1,0
CUST_00405,70,Two year,1399.03,2,0,0,0,0
CUST_00406,13,One year,1397.33,1,15,0,1,0
CUST_00407,24,Two year,650.71,0,20,0,0,0
CUST_00408,43,Month-to-month,1403.66,1,29,0,1,0
CUST_00409,26,Month-to-month,2565.47,1,17,0,1,1
CUST_00410,6,Month-to-month,476.37,0,13,0,1,1
CUST_00411,12,Month-to-month,1962.58,1,23,0,1,1
CUST_00412,25,Two year,2874.14,0,17,0,1,1
CUST_00413,63,Month-to-month,1322.89,5,26,0,0,1
CUST_00414,48,One year,2951.61,1,15,0,0,0
CUST_00415,14,Month-to-month,2408.89,1,29,1,0,0
CUST_00416,20,One year,411.61,3,6,1,0,0
CUST_00417,68,Month-to-month,2774.61,1,25,0,0,0
CUST_00418,19,Month-to-month,697.71,1,18,0,1,0
CUST_00419,19,Two year,682.3,0,0,1,1,0
CUST_00420,17,Month-to-month,2637.05,1,25,0,1,1
CUST_00421,8,Month-to-month,2598.33,1,5,0,0,1
CUST_00422,34,Month-to-month,2120.34,2,18,0,0,1
CUST_00423,65,Month-to-month,617.22,1,18,0,0,0
CUST_00424,54,One year,1959.08,2,10,0,1,0
CUST_00425,46,Month-to-month,795.99,1,5,1,1,0
CUST_00426,19,One year,445.34,1,9,0,1,0
CUST_00427,53,Month-to-month,2853.46,2,13,0,0,0
CUST_00428,38,Month-to-month,2457.84,0,18,0,0,1
CUST_00429,45,Month-to-month,1758.03,2,23,0,0,1
CUST_00430,71,Month-to-month,1249.01,2,1,0,0,0
CUST_00431,65,One year,1271.52,1,20,0,0,0
CUST_00432,36,Month-to-month,1517.88,1,8,0,1,0
CUST_00433,45,One year,1184.98,2,13,0,1,0
CUST_00434,20,Two year,1757.26,2,13,0,0,1
CUST_00435,46,Month-to-month,1061.34,3,22,0,0,1
CUST_00436,60,Month-to-month,1816.34,3,26,0,1,0
CUST_00437,11,Month-to-month,2014.16,4,1,0,0,1
CUST_00438,65,Month-to-month,301.7,1,14,0,1,0
CUST_00439,1,Month-to-month,2966.26,0,9,0,1,0
CUST_00440,53,Month-to-month,1398.06,2,16,1,1,0
CUST_00441,19,Month-to-month,916.74,4,5,0,0,1
CUST_00442,24,Month-to-month,1833.85,1,23,0,0,1
CUST_00443,27,One year,1605.97,1,22,0,1,1
CUST_00444,36,One year,516.03,1,9,0,1,0
CUST_00445,45,Month-to-month,2651.54,0,0,0,1,0
CUST_00446,23,Month-to-month,2170.53,5,23,0,0,1
CUST_00447,36,One year,2564.29,3,10,0,0,1
CUST_00448,66,Month-to-month,1869.44,2,12,0,1,1
CUST_00449,48,One year,2354.87,3,26,0,1,0
CUST_00450,1,Two year,2457.64,0,11,0,0,0
CUST_00451,43,Month-to-month,1343.0,2,21,0,0,1
CUST_00452,63,One year,2734.83,3,15,0,0,1
CUST_00453,45,Month-to-month,2701.73,1,21,1,1,0
CUST_00454,19,Month-to-month,464.38,3,8,0,0,1
CUST_00455,21,One year,1375.23,2,7,0,0,0
CUST_00456,11,Month-to-month,1979.0,0,0,0,1,0
CUST_00457,47,Month-to-month,2902.15,4,2,0,1,0
CUST_00458,60,Month-to-month,366.01,5,25,0,0,1
CUST_00459,31,Month-to-month,2878.81,1,13,0,1,1
CUST_00460,57,One year,1307.51,3,12,1,0,0
CUST_00461,38,Month-to-month,1979.78,1,13,0,1,0
CUST_00462,3,Two year,1019.91,1,9,0,1,0
CUST_00463,1,Two year,1840.15,1,13,0,0,0
CUST_00464,21,Month-to-month,2804.81,0,7,0,0,0
CUST_00465,45,Month-to-month,404.38,0,12,0,0,1
CUST_00466,7,Month-to-month,2305.94,2,0,0,1,1
CUST_00467,36,Month-to-month,687.18,2,8,1,1,0
CUST_00468,54,Month-to-month,2804.57,1,21,0,1,1
CUST_00469,65,Month-to-month,2862.67,2,22,0,1,1
CUST_00470,65,One year,2915.82,2,11,0,0,0
CUST_00471,14,Month-to-month,827.33,1,18,0,0,1
CUST_00472,21,Month-to-month,2631.36,0,24,0,1,0
CUST_00473,3,Two year,1802.23,1,21,0,0,1
CUST_00474,26,Two year,,1,20,0,0,1
CUST_00475,29,Two year,643.34,1,27,0,1,0
CUST_00476,3,Month-to-month,1560.01,1,18,0,1,0
CUST_00477,62,Month-to-month,2763.29,3,13,0,0,1
CUST_00478,8,Month-to-month,1468.08,1,18,0,1,1
CUST_00479,34,One year,427.52,0,4,0,0,0
CUST_00480,5,Month-to-month,1678.79,1,12,0,1,1
CUST_00481,1,Two year,629.54,0,24,0,0,0
CUST_00482,52,Month-to-month,527.38,0,19,0,0,0
CUST_00483,20,Two year,2958.4,3,8,0,1,0
CUST_00484,15,Month-to-month,1176.48,0,5,0,0,0
CUST_00485,17,Month-to-month,2989.27,0,7,1,0,1
CUST_00486,34,Month-to-month,1300.1,0,20,0,1,0
CUST_00487,7,One year,2589.82,0,21,0,0,0
CUST_00488,20,One year,2282.21,3,22,0,1,0
CUST_00489,67,Month-to-month,637.46,2,25,0,0,0
CUST_00490,37,Month-to-month,1357.22,2,28,0,1,1
CUST_00491,68,One year,2803.15,1,24,0,0,1
CUST_00492,40,One year,760.28,2,26,0,0,0
CUST_00493,18,Month-to-month,2337.57,3,9,1,0,0
CUST_00494,25,Month-to-month,1201.25,0,29,0,1,1
CUST_00495,48,One year,1556.98,0,21,0,1,0
CUST_00496,19,Two year,2164.57,1,4,0,1,0
CUST_00497,8,One year,2590.96,1,21,0,0,0
CUST_00498,65,Month-to-month,2433.41,3,16,0,1,0
CUST_00499,6,Two year,1921.94,1,26,0,1,1
CUST_00500,67,Month-to-month,1446.59,4,7,0,0,0
CUST_00501,61,One year,406.61,2,28,0,0,0
CUST_00502,34,One year,818.78,1,17,0,1,0
CUST_00503,5,Month-to-month,958.37,0,10,0,0,1
CUST_00504,29,One year,2022.15,0,29,0,0,1
CUST_00505,15,Month-to-month,540.54,1,1,0,1,0
CUST_00506,37,Month-to-month,2032.09,0,20,0,0,0
CUST_00507,26,One year,2778.85,0,25,0,1,0
CUST_00508,39,One year,1092.26,1,27,1,1,0
CUST_00509,14,Two year,1028.03,0,4,1,1,0
CUST_00510,68,One year,466.36,0,0,0,1,0
CUST_00511,16,One year,680.71,2,5,0,0,0
CUST_00512,31,Two year,2212.33,1,9,0,0,1
CUST_00513,2,One year,856.43,0,13,0,0,0
CUST_00514,25,Month-to-month,1895.66,2,22,0,1,1
CUST_00515,50,Two year,2399.54,2,7,0,1,0
CUST_00516,68,Two year,1508.58,4,8,0,0,0
CUST_00517,24,Two year,2683.25,1,3,0,0,0
CUST_00518,47,Month-to-month,2547.38,1,12,1,0,1
CUST_00519,26,One year,1529.07,1,19,0,0,0
CUST_00520,10,One year,2337.63,2,16,0,1,0
CUST_00521,52,One year,2529.29,1,0,1,0,0
CUST_00522,39,One year,903.87,2,20,0,1,0
CUST_00523,52,One year,2207.95,0,11,0,0,0
CUST_00524,59,Month-to-month,2269.59,0,20,0,1,1
CUST_00525,15,Two year,560.0,0,0,0,1,0
CUST_00526,41,Month-to-month,2569.21,2,9,0,0,1
CUST_00527,29,Month-to-month,2024.96,1,18,0,1,1
CUST_00528,19,Month-to-month,914.74,1,13,0,0,1
CUST_00529,35,Month-to-month,1035.46,1,27,1,0,0
CUST_00530,26,Month-to-month,333.52,2,3,0,0,1
CUST_00531,59,Month-to-month,844.93,0,3,0,1,0
CUST_00532,52,Month-to-month,1569.36,1,23,1,0,1
CUST_00533,64,One year,603.1,1,28,1,1,0
CUST_00534,40,Two year,1551.69,2,28,0,1,0
CUST_00535,19,Two year,2670.6,1,22,0,1,0
CUST_00536,2,Two year,1356.56,1,6,0,1,1
CUST_00537,27,One year,1556.49,1,4,0,0,0
CUST_00538,23,Month-to-month,1784.34,1,11,0,1,1
CUST_00539,36,Month-to-month,2488.89,0,10,0,0,1
CUST_00540,53,Month-to-month,1097.06,0,26,0,0,1
CUST_00541,38,Two year,314.84,2,18,0,0,0
CUST_00542,5,Two year,550.69,0,13,0,1,0
CUST_00543,22,Month-to-month,1998.05,2,12,0,1,1
CUST_00544,29,Month-to-month,2296.33,1,15,0,1,1
CUST_00545,52,Two year,2644.33,0,6,0,0,0
CUST_00546,40,Month-to-month,1045.53,1,20,0,0,0
CUST_00547,59,One year,1676.98,2,4,1,0,0
CUST_00548,22,Two year,1057.99,3,13,1,0,1
CUST_00549,7,Month-to-month,631.83,2,28,1,1,1
CUST_00550,49,One year,706.68,1,26,0,0,1
CUST_00551,57,Month-to-month,2090.54,2,1,0,1,1
CUST_00552,5,Month-to-month,2162.25,3,20,0,0,1
CUST_00553,44,Month-to-month,1264.47,1,29,0,0,1
CUST_00554,67,Two year,981.91,1,24,0,0,0
CUST_00555,56,One year,833.03,0,25,0,0,0
CUST_00556,54,Month-to-month,1892.22,2,20,0,0,1
CUST_00557,32,One year,2090.39,4,16,0,1,1
CUST_00558,63,Month-to-month,1029.86,3,18,0,1,1
CUST_00559,14,Month-to-month,814.84,2,24,0,0,1
CUST_00560,38,Month-to-month,909.5,1,24,0,1,0
CUST_00561,31,Month-to-month,693.43,1,16,0,0,0
CUST_00562,34,Two year,2548.37,1,20,0,0,1
CUST_00563,11,One year,780.5,1,9,0,0,0
CUST_00564,22,One year,1919.46,1,27,0,0,1
CUST_00565,67,Month-to-month,1843.33,1,16,0,0,0
CUST_00566,8,Two year,1503.75,0,28,0,1,1
CUST_00567,53,Month-to-month,1538.12,2,22,1,1,1
CUST_00568,37,One year,2160.36,1,27,0,1,0
CUST_00569,57,One year,2649.8,2,2,0,1,0
CUST_00570,22,Month-to-month,2088.08,0,6,0,1,0
CUST_00571,5,Month-to-month,1468.04,1,25,0,0,1
CUST_00572,62,Month-to-month,719.8,2,11,0,0,1
CUST_00573,38,Month-to-month,2529.31,0,22,0,1,0
CUST_00574,12,One year,776.04,2,23,0,1,1
CUST_00575,20,Two year,610.92,0,28,0,0,0
CUST_00576,3,Month-to-month,1338.28,1,5,0,0,1
CUST_00577,42,Two year,1312.84,3,7,0,0,0
CUST_00578,56,Month-to-month,387.35,3,26,0,1,1
CUST_00579,39,One year,1965.0,1,25,1,0,0
CUST_00580,70,Month-to-month,2631.94,0,20,0,0,1
CUST_00581,48,Month-to-month,2047.93,1,27,0,1,0
CUST_00582,31,Month-to-month,862.41,2,28,0,0,1
CUST_00583,57,Month-to-month,1017.88,1,20,0,1,0
CUST_00584,62,Month-to-month,1471.92,1,27,0,1,0
CUST_00585,18,Month-to-month,2228.63,1,4,0,0,0
CUST_00586,52,One year,788.96,1,12,1,0,0
CUST_00587,48,Two year,2373.79,0,27,0,1,1
CUST_00588,56,Month-to-month,2320.02,1,22,0,1,1
CUST_00589,46,Month-to-month,1754.62,1,13,1,1,0
CUST_00590,42,Two year,660.76,3,28,0,1,0
CUST_00591,31,Month-to-month,1145.21,3,14,0,1,1
CUST_00592,36,Month-to-month,2763.34,3,7,1,0,1
CUST_00593,59,Two year,2612.49,3,7,1,0,1
CUST_00594,45,One year,2558.38,4,23,1,1,1
CUST_00595,71,One year,1858.24,3,11,0,1,0
CUST_00596,57,One year,2071.24,1,17,0,0,1
CUST_00597,71,Month-to-month,824.69,1,12,0,0,0
CUST_00598,68,Month-to-month,645.37,2,10,0,0,0
CUST_00599,31,Two year,1451.52,1,9,0,0,0
CUST_00600,64,One year,503.4,3,8,0,1,0
CUST_00601,65,Month-to-month,1736.05,2,21,1,0,1
CUST_00602,53,Two year,1003.27,1,14,0,0,0
CUST_00603,61,Two year,1673.51,4,27,0,0,1
CUST_00604,67,One year,1229.08,1,26,1,0,0
CUST_00605,56,Two year,2349.28,2,11,0,1,0
CUST_00606,2,Month-to-month,975.56,2,17,0,1,0
CUST_00607,18,One year,755.1,2,18,0,1,0
CUST_00608,1,Month-to-month,2458.07,2,11,0,1,1
CUST_00609,56,Month-to-month,1790.34,4,21,0,1,1
CUST_00610,19,Month-to-month,1927.33,2,19,0,0,1
CUST_00611,65,Month-to-month,1549.83,2,16,0,1,1
CUST_00612,1,Month-to-month,458.78,1,21,0,0,1
CUST_00613,48,Month-to-month,1602.33,2,19,0,0,1
CUST_00614,40,Two year,803.07,0,17,0,1,0
CUST_00615,45,Two year,1216.46,4,13,0,1,0
CUST_00616,15,Month-to-month,2897.15,0,5,1,1,1
CUST_00617,60,Two year,2090.03,1,2,0,1,0
CUST_00618,63,Month-to-month,774.04,0,20,0,0,0
CUST_00619,71,Two year,2837.8,1,3,0,0,0
CUST_00620,7,Month-to-month,2344.51,0,21,0,0,1
CUST_00621,50,One year,1108.6,2,4,0,1,0
CUST_00622,55,Two year,330.43,0,26,0,1,0
CUST_00623,56,One year,1588.59,3,15,0,0,0
CUST_00624,5,Two year,1821.56,1,15,0,1,0
CUST_00625,10,Month-to-month,1903.33,2,29,1,1,1
CUST_00626,67,Month-to-month,2023.4,1,8,1,1,0
CUST_00627,9,One year,2313.44,0,21,0,0,0
CUST_00628,26,Month-to-month,2718.52,0,27,0,1,0
CUST_00629,33,Month-to-month,1931.76,2,22,0,1,0
CUST_00630,20,One year,1966.52,2,13,0,1,0
CUST_00631,51,Month-to-month,1846.84,2,9,0,0,1
CUST_00632,23,Month-to-month,2568.31,5,21,0,1,1
CUST_00633,63,Month-to-month,304.99,1,7,1,1,0
CUST_00634,51,One year,1866.46,4,25,0,1,1
CUST_00635,20,One year,2197.67,0,25,0,0,0
CUST_00636,62,Two year,1090.57,2,28,0,1,0
CUST_00637,41,One year,2046.21,4,8,0,1,0
CUST_00638,48,One year,,3,6,0,0,0
CUST_00639,22,Month-to-month,1848.9,3,26,0,1,1
CUST_00640,10,Two year,1777.25,2,9,1,0,1
CUST_00641,35,Two year,1449.04,0,3,0,0,0
CUST_00642,27,One year,2105.81,2,10,0,1,0
CUST_00643,1,One year,2070.55,1,10,0,0,0
CUST_00644,35,Month-to-month,2466.57,2,14,0,1,1
CUST_00645,13,Month-to-month,1585.85,1,18,1,0,1
CUST_00646,20,Two year,2291.58,2,9,0,0,1
CUST_00647,4,One year,2233.98,1,26,0,1,1
CUST_00648,67,Month-to-month,1687.16,1,1,0,1,0
CUST_00649,42,Month-to-month,2666.87,2,21,0,1,1
CUST_00650,51,Month-to-month,841.02,1,17,0,0,1
CUST_00651,14,Two year,2548.0,0,29,1,1,0
CUST_00652,50,Month-to-month,2649.14,1,15,0,1,0
CUST_00653,40,Month-to-month,1497.0,1,2,0,1,0
CUST_00654,18,Month-to-month,2201.32,0,24,0,1,0
CUST_00655,35,One year,2327.05,1,24,0,1,0
CUST_00656,38,Month-to-month,707.76,2,9,0,1,0
CUST_00657,54,One year,2322.6,0,7,0,0,0
CUST_00658,17,Two year,2331.0,2,23,1,1,1
CUST_00659,63,Two year,2177.27,2,11,0,0,0
CUST_00660,23,Month-to-month,1244.77,1,15,1,1,1
CUST_00661,47,Month-to-month,2766.96,1,24,1,0,1
CUST_00662,56,One year,2357.24,3,28,0,1,0
CUST_00663,56,Two year,2816.72,0,27,0,0,0
CUST_00664,18,One year,842.37,1,2,0,1,0
CUST_00665,26,One year,492.05,1,8,0,1,0
CUST_00666,49,Two year,2041.03,2,12,0,1,1
CUST_00667,23,Month-to-month,1842.01,1,8,0,1,0
CUST_00668,18,Two year,1813.62,2,20,1,1,0
CUST_00669,62,Two year,2431.42,2,2,1,0,0
CUST_00670,57,Month-to-month,479.27,1,22,1,1,0
CUST_00671,13,Month-to-month,2699.29,2,21,0,0,1
CUST_00672,12,One year,1808.33,2,24,1,0,1
CUST_00673,29,Month-to-month,1968.78,1,2,0,1,1
CUST_00674,63,One year,1540.06,0,5,0,0,0
CUST_00675,24,Month-to-month,2754.49,4,2,0,0,1
CUST_00676,4,Month-to-month,2876.86,2,9,0,0,1
CUST_00677,46,One year,495.73,1,22,1,1,0
CUST_00678,16,Month-to-month,900.15,1,26,0,0,0
CUST_00679,31,Month-to-month,2420.13,3,27,0,1,1
CUST_00680,47,Month-to-month,447.13,4,13,0,0,1
CUST_00681,25,Month-to-month,1360.8,1,13,0,0,1
CUST_00682,26,Two year,2825.46,2,16,1,0,1
CUST_00683,30,One year,2342.65,2,8,1,1,0
CUST_00684,12,Month-to-month,627.3,1,21,1,0,1
CUST_00685,12,Month-to-month,2586.69,2,11,1,0,1
CUST_00686,11,One year,2862.7,2,19,0,0,1
CUST_00687,65,Month-to-month,927.06,2,19,0,1,0
CUST_00688,38,Two year,378.4,2,0,0,1,0
CUST_00689,29,Month-to-month,1358.05,3,9,0,1,0
CUST_00690,22,Month-to-month,2668.66,2,19,0,1,1
CUST_00691,43,One year,2209.63,1,17,0,1,0
CUST_00692,65,Month-to-month,1866.02,1,16,0,1,1
CUST_00693,60,Month-to-month,1353.88,4,26,0,1,1
CUST_00694,54,Month-to-month,1414.81,0,19,0,1,0
CUST_00695,69,Month-to-month,1788.12,2,26,1,1,1
CUST_00696,35,One year,712.11,1,2,0,1,0
CUST_00697,67,Two year,2326.19,2,15,0,1,0
CUST_00698,47,Month-to-month,2903.91,0,27,0,0,1
CUST_00699,53,Month-to-month,1377.69,3,4,0,1,0
CUST_00700,16,One year,882.63,1,12,1,0,1
CUST_00701,29,Month-to-month,992.3,2,16,0,1,0
CUST_00702,31,Two year,1435.58,1,28,0,1,1
CUST_00703,5,Month-to-month,1022.2,2,24,0,1,1
CUST_00704,58,One year,2919.22,1,20,0,0,0
CUST_00705,23,Month-to-month,488.67,1,0,0,0,1
CUST_00706,65,Two year,562.85,3,18,0,0,0
CUST_00707,13,Month-to-month,2475.79,2,11,0,1,0
CUST_00708,11,Two year,2639.05,0,22,0,1,0
CUST_00709,48,Two year,2822.8,3,25,0,0,0
CUST_00710,23,Two year,2497.62,2,2,0,1,0
CUST_00711,49,Two year,2841.26,2,0,0,1,0
CUST_00712,55,Month-to-month,1841.11,3,24,0,1,0
CUST_00713,16,One year,926.2,2,23,0,1,0
CUST_00714,21,Two year,939.73,1,7,0,1,0
CUST_00715,2,Two year,2798.82,1,28,0,0,0
CUST_00716,25,Two year,524.5,3,28,0,0,1
CUST_00717,32,Month-to-month,1488.26,2,26,0,0,0
CUST_00718,7,Two year,1094.5,2,25,0,0,1
CUST_00719,59,Month-to-month,620.86,1,24,0,1,0
CUST_00720,60,Month-to-month,713.47,2,4,0,0,0
CUST_00721,7,Month-to-month,344.37,0,28,0,1,1
CUST_00722,8,One year,1102.32,3,28,0,1,1
CUST_00723,32,One year,,1,8,0,1,0
CUST_00724,48,One year,423.37,1,23,0,0,0
CUST_00725,25,Month-to-month,1264.14,0,18,1,0,1
CUST_00726,7,One year,2115.76,2,26,0,1,1
CUST_00727,30,Month-to-month,2875.82,1,12,0,1,1
CUST_00728,19,Month-to-month,956.39,3,9,0,1,1
CUST_00729,56,One year,2441.42,1,29,0,1,0
CUST_00730,66,Two year,2936.51,1,21,1,1,0
CUST_00731,60,One year,2428.6,1,0,0,1,0
CUST_00732,9,Month-to-month,2023.36,2,24,0,1,1
CUST_00733,39,Month-to-month,2345.54,3,7,0,0,1
CUST_00734,56,Month-to-month,2712.92,2,5,0,0,0
CUST_00735,18,One year,1723.97,0,14,0,1,0
CUST_00736,16,One year,1391.6,1,6,1,1,0
CUST_00737,67,One year,904.14,2,7,0,1,0
CUST_00738,59,Month-to-month,768.53,1,13,0,1,0
CUST_00739,1,Month-to-month,2854.13,1,5,0,1,1
CUST_00740,24,One year,2762.32,1,5,0,1,1
CUST_00741,8,Month-to-month,2852.56,1,8,0,1,0
CUST_00742,39,Two year,2609.06,1,18,0,1,0
CUST_00743,3,One year,1054.83,1,12,1,0,1
CUST_00744,58,One year,1050.26,0,21,1,1,0
CUST_00745,35,Two year,320.56,2,24,1,0,1
CUST_00746,7,Month-to-month,1923.33,1,21,0,0,1
CUST_00747,70,Month-to-month,1579.52,2,8,0,1,0
CUST_00748,27,Month-to-month,,0,18,0,1,1
CUST_00749,60,Month-to-month,1819.54,2,4,0,1,1
CUST_00750,65,One year,451.95,0,4,0,1,0
CUST_00751,30,One year,2798.2,1,21,0,1,1
CUST_00752,19,Month-to-month,708.65,2,15,0,1,1
CUST_00753,68,Two year,2858.45,1,5,0,1,0
CUST_00754,41,Two year,2318.34,2,4,0,1,0
CUST_00755,14,Month-to-month,441.3,1,0,0,0,1
CUST_00756,65,Month-to-month,2316.59,2,20,1,0,0
CUST_00757,18,Month-to-month,2572.83,1,11,0,0,1
CUST_00758,51,Month-to-month,2283.03,3,27,0,0,1
CUST_00759,5,Month-to-month,2203.22,2,0,0,1,1
CUST_00760,66,Month-to-month,2789.37,4,11,0,0,1
CUST_00761,59,Month-to-month,659.45,2,18,0,0,0
CUST_00762,40,One year,567.72,3,9,0,0,0
CUST_00763,41,Month-to-month,2920.85,0,23,0,1,0
CUST_00764,48,Month-to-month,2901.54,1,8,0,1,1
CUST_00765,30,Month-to-month,2015.87,2,26,0,0,1
CUST_00766,5,One year,1567.27,1,6,0,1,0
CUST_00767,16,Month-to-month,1243.97,1,20,0,0,0
CUST_00768,67,Two year,,0,2,0,0,0
CUST_00769,46,Two year,1651.11,3,13,1,1,1
CUST_00770,30,Month-to-month,2529.2,2,17,0,1,1
CUST_00771,4,Month-to-month,1881.44,4,1,0,1,1
CUST_00772,38,Month-to-month,1235.0,1,16,0,0,1
CUST_00773,63,Month-to-month,530.14,1,0,0,0,0
CUST_00774,38,One year,1891.29,2,28,0,1,0
CUST_00775,5,Month-to-month,1170.23,1,7,0,0,1
CUST_00776,23,Month-to-month,2932.24,1,5,0,1,0
CUST_00777,3,Two year,2070.49,2,25,0,0,1
CUST_00778,69,Two year,1534.03,3,2,0,1,0
CUST_00779,11,Month-to-month,2680.59,1,15,0,0,1
CUST_00780,47,One year,2570.95,2,11,1,0,1
CUST_00781,6,Month-to-month,2582.63,2,24,0,1,1
CUST_00782,38,Month-to-month,1586.73,1,0,0,0,0
CUST_00783,64,Two year,1329.55,2,12,0,1,0
CUST_00784,11,Two year,2044.82,2,20,0,0,0
CUST_00785,46,One year,1561.31,0,14,0,1,0
CUST_00786,52,Month-to-month,622.54,2,27,0,1,1
CUST_00787,2,One year,711.03,4,21,0,1,0
CUST_00788,46,Month-to-month,852.35,2,20,1,1,0
CUST_00789,10,Month-to-month,1570.73,3,15,0,1,1
CUST_00790,68,Two year,1153.56,2,16,0,0,0
CUST_00791,45,Month-to-month,1802.1,3,18,1,0,1
CUST_00792,41,Month-to-month,2810.17,1,28,0,1,1
CUST_00793,3,One year,1674.46,0,0,0,0,1
CUST_00794,24,Two year,2377.22,2,20,0,0,1
CUST_00795,29,Two year,954.99,3,25,0,1,0
CUST_00796,45,Month-to-month,590.34,1,10,0,1,0
CUST_00797,35,Two year,1338.79,3,9,0,0,0
CUST_00798,11,One year,1527.23,5,17,0,1,1
CUST_00799,11,One year,1292.09,0,16,0,0,1
CUST_00800,17,Month-to-month,1359.71,2,16,0,0,1
CUST_00801,1,One year,2450.67,0,22,0,1,1
CUST_00802,41,Month-to-month,805.86,0,15,0,0,1
CUST_00803,16,Month-to-month,1709.33,0,28,0,1,0
CUST_00804,46,One year,1983.7,1,19,0,0,1
CUST_00805,41,One year,1359.55,2,26,1,0,1
CUST_00806,69,Month-to-month,1174.27,3,29,0,0,1
CUST_00807,47,One year,1508.8,1,13,0,1,0
CUST_00808,3,One year,541.81,1,16,0,1,0
CUST_00809,2,Two year,1254.83,2,19,0,0,1
CUST_00810,63,Month-to-month,685.28,2,9,1,1,0
CUST_00811,3,Month-to-month,1729.73,1,28,1,0,1
CUST_00812,29,Month-to-month,1427.0,2,13,0,1,1
CUST_00813,12,One year,1535.29,0,17,0,0,0
CUST_00814,3,Month-to-month,579.12,2,4,1,1,1
CUST_00815,30,Two year,2047.46,2,14,0,0,0
CUST_00816,29,Two year,1871.71,1,0,0,1,1
CUST_00817,65,One year,2485.98,0,14,1,0,1
CUST_00818,43,Month-to-month,1728.88,1,22,0,0,1
CUST_00819,41,Two year,2945.68,3,15,0,1,0
CUST_00820,27,One year,2350.41,2,22,0,0,1
CUST_00821,45,Month-to-month,2812.83,0,18,0,0,1
CUST_00822,25,Month-to-month,2854.12,0,6,0,1,0
CUST_00823,47,Month-to-month,303.79,0,15,0,0,0
CUST_00824,58,Two year,2811.28,1,17,1,0,1
CUST_00825,41,Two year,1936.93,2,17,0,0,1
CUST_00826,31,Two year,2167.13,0,2,0,1,0
CUST_00827,28,Two year,1776.85,0,14,0,1,1
CUST_00828,69,Month-to-month,2708.92,1,11,0,0,0
CUST_00829,8,Two year,2444.85,1,12,0,0,0
CUST_00830,19,One year,2572.14,1,10,0,1,0
CUST_00831,18,Month-to-month,2636.38,0,14,0,0,1
CUST_00832,7,One year,2487.09,1,11,0,1,0
CUST_00833,63,One year,1681.25,1,13,0,0,0
CUST_00834,35,Two year,759.67,0,3,0,1,0
CUST_00835,4,Month-to-month,756.6,1,16,0,0,1
CUST_00836,52,Month-to-month,,1,9,0,0,1
CUST_00837,18,One year,736.64,3,18,0,0,1
CUST_00838,25,Month-to-month,1789.9,0,10,0,0,0
CUST_00839,53,Month-to-month,2787.01,1,23,0,0,1
CUST_00840,18,Month-to-month,1986.32,2,9,1,1,1
CUST_00841,60,Two year,2438.54,1,16,0,0,0
CUST_00842,40,Month-to-month,2873.5,1,19,0,1,1
CUST_00843,58,Two year,2953.87,1,29,0,1,1
CUST_00844,59,One year,1667.18,1,17,1,0,0
CUST_00845,56,Month-to-month,2402.6,2,19,0,1,1
CUST_00846,41,Month-to-month,1336.73,1,29,0,0,1
CUST_00847,1,Month-to-month,2901.53,2,3,1,0,1
CUST_00848,43,Month-to-month,481.01,1,29,0,0,0
CUST_00849,52,Two year,558.51,1,27,0,1,1
CUST_00850,29,Two year,1662.85,0,7,0,0,0
CUST_00851,27,Month-to-month,,1,28,0,0,1
CUST_00852,47,One year,2282.16,1,4,0,1,0
CUST_00853,37,Two year,1681.47,4,23,0,0,1
CUST_00854,54,Month-to-month,1650.31,1,28,1,0,1
CUST_00855,22,Month-to-month,1832.3,1,10,0,1,1
CUST_00856,6,Month-to-month,2066.79,0,12,0,0,1
CUST_00857,40,Month-to-month,1608.62,3,12,0,0,0
CUST_00858,70,One year,1941.69,1,21,0,1,0
CUST_00859,65,Month-to-month,1944.17,0,16,0,1,1
CUST_00860,31,Two year,1149.63,0,3,0,1,0
CUST_00861,40,One year,2903.24,1,27,0,0,0
CUST_00862,33,One year,1599.16,1,16,0,0,1
CUST_00863,51,Two year,2354.11,1,14,0,1,0
CUST_00864,36,Month-to-month,1971.21,2,7,1,0,1
CUST_00865,50,Month-to-month,2842.74,3,4,0,0,0
CUST_00866,53,One year,2371.32,1,9,0,1,0
CUST_00867,4,One year,327.09,3,9,0,0,0
CUST_00868,34,One year,1696.03,1,7,0,1,1
CUST_00869,6,Month-to-month,1884.18,0,25,0,0,1
CUST_00870,44,One year,2592.35,0,26,0,0,0
CUST_00871,5,Month-to-month,1020.42,2,25,0,0,1
CUST_00872,22,One year,2289.21,1,27,0,1,1
CUST_00873,67,Month-to-month,1227.41,1,14,1,0,1
CUST_00874,19,Month-to-month,618.31,2,5,0,0,1
CUST_00875,66,Month-to-month,2720.5,4,25,0,0,1
CUST_00876,37,Month-to-month,836.53,1,18,0,0,0
CUST_00877,9,Month-to-month,342.92,0,24,0,1,0
CUST_00878,9,Month-to-month,923.03,2,18,0,0,0
CUST_00879,20,One year,480.96,1,1,1,1,0
CUST_00880,4,Month-to-month,2023.49,1,10,0,1,0
CUST_00881,57,One year,2938.32,1,4,0,0,0
CUST_00882,51,One year,1936.78,0,23,0,1,0
CUST_00883,54,One year,2642.87,2,5,0,0,1
CUST_00884,11,One year,1576.59,0,5,0,1,0
CUST_00885,47,One year,1985.9,2,27,0,0,1
CUST_00886,45,Month-to-month,2014.73,0,11,0,1,1
CUST_00887,14,Two year,1301.22,0,17,0,0,0
CUST_00888,66,Month-to-month,1936.93,3,9,0,1,1
CUST_00889,3,Month-to-month,1382.64,0,20,0,1,0
CUST_00890,60,Month-to-month,2020.37,3,21,0,1,0
CUST_00891,3,Month-to-month,,3,1,0,1,0
CUST_00892,8,One year,847.82,0,25,0,0,0
CUST_00893,62,Two year,738.59,1,13,0,0,1
CUST_00894,34,Month-to-month,1677.88,2,22,1,0,1
CUST_00895,58,Two year,655.47,4,11,0,1,1
CUST_00896,40,Month-to-month,2151.49,3,14,0,0,1
CUST_00897,40,Month-to-month,1755.06,2,11,0,1,1
CUST_00898,25,Month-to-month,1474.89,1,15,1,0,1
CUST_00899,17,Month-to-month,1143.81,2,18,1,0,0
CUST_00900,27,Month-to-month,1251.52,1,8,0,0,0
CUST_00901,25,One year,2539.64,1,25,0,1,0
CUST_00902,68,Month-to-month,2493.91,3,22,1,0,1
CUST_00903,11,Month-to-month,2923.26,2,17,0,0,1
CUST_00904,12,Month-to-month,2375.77,0,13,0,0,0
CUST_00905,39,Two year,2729.56,0,5,1,1,0
CUST_00906,61,Two year,652.61,1,25,0,1,0
CUST_00907,44,Month-to-month,2067.81,1,0,0,1,0
CUST_00908,56,Two year,1605.28,1,1,0,1,0
CUST_00909,1,Month-to-month,2868.32,2,24,1,0,1
CUST_00910,14,Month-to-month,1568.8,2,13,1,0,1
CUST_00911,10,Two year,2479.77,2,13,0,1,0
CUST_00912,27,Month-to-month,2720.37,1,28,0,1,0
CUST_00913,21,Month-to-month,453.85,1,4,0,1,0
CUST_00914,38,Two year,2193.57,0,13,0,1,0
CUST_00915,60,Month-to-month,1173.4,1,24,0,1,0
CUST_00916,65,One year,1385.92,1,20,0,1,1
CUST_00917,14,Two year,2697.31,1,0,0,1,0
CUST_00918,1,One year,2386.16,0,22,0,1,1
CUST_00919,5,Month-to-month,784.74,0,15,0,1,1
CUST_00920,64,Month-to-month,1372.13,1,19,0,1,0
CUST_00921,24,Month-to-month,1894.16,0,24,1,1,1
CUST_00922,5,One year,919.33,0,22,0,0,1
CUST_00923,31,Month-to-month,2117.52,1,5,0,1,1
CUST_00924,22,One year,2502.17,3,17,0,1,1
CUST_00925,22,One year,2713.02,1,24,0,1,1
CUST_00926,1,Month-to-month,1691.22,0,16,1,1,0
CUST_00927,44,Month-to-month,601.74,2,8,1,0,0
CUST_00928,69,Month-to-month,2797.53,1,6,1,1,1
CUST_00929,47,Month-to-month,2722.03,1,27,1,1,1
CUST_00930,69,Month-to-month,949.1,1,0,0,0,0
CUST_00931,52,Month-to-month,1051.73,2,19,0,1,0
CUST_00932,31,Month-to-month,2562.19,1,18,0,1,1
CUST_00933,25,Month-to-month,1667.8,2,24,0,1,1
CUST_00934,51,Month-to-month,2038.22,0,7,0,1,0
CUST_00935,69,Two year,1585.42,1,29,0,1,1
CUST_00936,4,One year,575.71,0,7,0,1,0
CUST_00937,65,Month-to-month,1801.31,3,25,1,0,0
CUST_00938,40,One year,2687.49,1,2,0,0,1
CUST_00939,45,Two year,824.45,1,12,0,1,1
CUST_00940,25,One year,2387.48,3,8,0,0,1
CUST_00941,62,One year,646.82,5,11,0,1,0
CUST_00942,40,Two year,590.31,2,26,0,0,0
CUST_00943,21,One year,1400.94,1,5,0,1,0
CUST_00944,22,One year,950.75,1,28,0,1,1
CUST_00945,52,Month-to-month,951.98,2,24,0,1,1
CUST_00946,48,Two year,1569.67,0,18,0,1,0
CUST_00947,40,Two year,804.66,1,3,0,0,0
CUST_00948,35,Month-to-month,505.37,3,11,0,1,0
CUST_00949,3,Two year,1781.62,2,26,0,1,0
CUST_00950,35,Month-to-month,2477.79,2,12,1,1,1
CUST_00951,60,One year,1422.13,0,10,0,1,0
CUST_00952,35,One year,748.9,1,18,0,0,1
CUST_00953,52,Month-to-month,2998.14,1,29,0,1,1
CUST_00954,25,Month-to-month,1669.84,4,15,0,0,0
CUST_00955,53,Month-to-month,2335.06,3,11,0,0,1
CUST_00956,37,Month-to-month,1485.94,2,25,1,1,1
CUST_00957,36,Month-to-month,1556.91,1,17,0,1,0
CUST_00958,51,One year,1298.85,2,19,0,0,0
CUST_00959,65,Month-to-month,583.94,1,0,1,0,1
CUST_00960,45,Two year,1260.9,4,19,0,1,1
CUST_00961,31,Two year,903.51,1,26,0,0,0
CUST_00962,10,Month-to-month,1918.67,2,7,1,0,0
CUST_00963,36,Two year,464.0,0,18,1,1,0
CUST_00964,47,Month-to-month,2523.85,2,22,1,1,1
CUST_00965,21,One year,860.45,4,8,0,1,1
CUST_00966,15,Two year,2866.4,1,9,0,1,1
CUST_00967,30,Two year,2655.59,1,17,0,1,0
CUST_00968,47,Two year,2720.06,1,2,0,0,0
CUST_00969,41,Two year,712.39,1,4,0,1,0
CUST_00970,53,Month-to-month,558.03,1,10,0,1,1
CUST_00971,38,One year,2728.8,1,7,0,1,0
CUST_00972,46,Month-to-month,835.09,0,28,0,0,1
CUST_00973,43,Two year,669.43,0,14,0,0,1
CUST_00974,57,Month-to-month,721.14,3,11,0,1,1
CUST_00975,54,Month-to-month,1094.72,1,3,0,1,1
CUST_00976,30,One year,2221.52,1,15,1,0,1
CUST_00977,69,One year,1405.35,3,17,0,1,0
CUST_00978,71,Month-to-month,1287.81,2,20,0,0,1
CUST_00979,38,One year,900.27,2,26,0,1,0
CUST_00980,63,Month-to-month,705.63,3,6,0,0,0
CUST_00981,40,Two year,1262.74,1,19,0,0,1
CUST_00982,38,One year,344.77,3,21,0,0,1
CUST_00983,44,Month-to-month,2116.59,0,13,0,1,1
CUST_00984,22,One year,2334.11,2,17,0,1,1
CUST_00985,9,One year,1696.93,0,0,0,1,1
CUST_00986,67,Month-to-month,2163.54,1,1,0,0,0
CUST_00987,71,One year,2961.85,1,4,0,0,1
CUST_00988,41,Month-to-month,1167.34,0,26,1,0,1
CUST_00989,56,Month-to-month,1319.44,3,26,0,1,1
CUST_00990,11,One year,2712.41,1,21,1,1,1
CUST_00991,48,Month-to-month,728.91,2,8,0,1,0
CUST_00992,30,Month-to-month,1716.08,2,11,0,1,0
CUST_00993,66,One year,1050.76,1,4,0,0,1
CUST_00994,9,Month-to-month,2579.07,0,19,0,1,1
CUST_00995,20,Month-to-month,1625.65,2,18,1,0,1
CUST_00996,35,Two year,,0,19,0,1,0
CUST_00997,26,Two year,1660.25,1,24,0,1,0
CUST_00998,19,Month-to-month,798.38,2,20,1,1,0
CUST_00999,55,Month-to-month,1998.48,2,26,0,0,1
CUST_01000,11,Two year,1138.21,2,26,0,1,1
CUST_01001,25,Two year,2059.99,2,3,0,1,1
CUST_01002,54,One year,1062.04,4,4,0,1,0
CUST_01003,3,Month-to-month,2415.84,0,18,0,0,1
CUST_01004,23,One year,1774.89,2,7,0,1,1
CUST_01005,12,Month-to-month,2727.17,1,20,0,1,1
CUST_01006,68,Two year,312.97,4,5,0,1,0
CUST_01007,13,Two year,1874.02,2,0,0,0,0
CUST_01008,49,Month-to-month,2523.47,3,25,1,0,0
CUST_01009,56,Month-to-month,1078.21,0,10,0,1,0
CUST_01010,28,Two year,2789.14,1,14,1,1,0
CUST_01011,66,Month-to-month,747.34,2,16,0,1,0
CUST_01012,21,Two year,2845.66,1,22,0,1,1
CUST_01013,9,Month-to-month,1322.47,1,23,0,0,1
CUST_01014,11,Month-to-month,957.22,3,26,0,0,1
CUST_01015,69,Month-to-month,1054.03,2,25,1,0,0
CUST_01016,25,Month-to-month,2922.29,0,18,0,0,0
CUST_01017,25,One year,1444.93,2,9,0,1,0
CUST_01018,40,Month-to-month,2615.93,4,24,0,1,1
CUST_01019,65,Month-to-month,1831.26,0,2,0,1,0
CUST_01020,2,Month-to-month,2706.46,2,1,0,1,1
CUST_01021,40,One year,1676.45,3,27,0,0,1
CUST_01022,41,Month-to-month,1431.36,2,2,0,0,1
CUST_01023,46,Two year,1133.44,3,13,0,0,0
CUST_01024,16,Month-to-month,1580.53,1,5,0,1,0
CUST_01025,29,Month-to-month,396.53,1,0,0,1,0
CUST_01026,12,Month-to-month,1910.91,1,23,1,0,1
CUST_01027,20,Month-to-month,1933.53,2,8,1,1,1
CUST_01028,11,Month-to-month,2045.5,0,5,0,0,1
CUST_01029,6,Month-to-month,1457.19,4,25,0,1,1
CUST_01030,21,One year,2609.88,3,27,0,1,1
CUST_01031,9,Month-to-month,2432.89,0,13,1,1,1
CUST_01032,44,Two year,355.43,1,17,0,1,1
CUST_01033,22,Month-to-month,2048.79,4,10,0,0,1
CUST_01034,19,Two year,1094.97,0,26,0,1,1
CUST_01035,31,Two year,1433.48,0,21,0,0,1
CUST_01036,48,One year,1593.76,0,25,0,1,0
CUST_01037,45,Month-to-month,2347.74,3,10,0,1,1
CUST_01038,36,Month-to-month,2239.71,3,26,0,0,1
CUST_01039,11,Month-to-month,1367.14,1,6,0,1,1
CUST_01040,26,Month-to-month,1962.24,3,13,1,0,1
CUST_01041,34,Month-to-month,1472.42,2,1,0,0,0
CUST_01042,69,One year,1360.13,1,24,0,1,0
CUST_01043,64,One year,445.61,3,27,0,0,1
CUST_01044,67,Month-to-month,974.01,1,13,0,1,1
CUST_01045,24,One year,2558.06,0,7,0,1,1
CUST_01046,15,Month-to-month,1773.57,2,6,0,0,1
CUST_01047,20,Month-to-month,2645.07,3,7,1,0,1
CUST_01048,34,Two year,1467.26,1,2,0,0,0
CUST_01049,12,Month-to-month,,2,15,0,1,1
CUST_01050,40,Month-to-month,2868.88,0,26,0,1,0
CUST_01051,64,Month-to-month,2145.28,1,19,0,1,0
CUST_01052,25,Month-to-month,1890.23,3,4,0,1,0
CUST_01053,14,Month-to-month,1940.34,1,16,0,1,1
CUST_01054,27,Month-to-month,606.81,1,26,1,0,1
CUST_01055,11,Two year,1882.74,3,21,0,1,0
CUST_01056,69,Month-to-month,2286.32,1,17,0,0,1
CUST_01057,7,Month-to-month,1072.58,0,5,0,0,0
CUST_01058,43,Month-to-month,1810.33,0,19,0,1,0
CUST_01059,56,Month-to-month,332.71,0,3,1,1,0
CUST_01060,67,Two year,2901.18,1,6,0,0,1
CUST_01061,51,Month-to-month,1846.5,2,29,0,1,1
CUST_01062,25,Two year,1829.52,0,8,0,1,0
CUST_01063,68,One year,1727.46,0,27,0,1,0
CUST_01064,46,Month-to-month,,1,20,0,0,1
CUST_01065,41,One year,1152.45,0,21,0,1,1
CUST_01066,39,Month-to-month,2149.75,0,24,0,0,1
CUST_01067,8,Month-to-month,1414.36,3,3,0,0,1
CUST_01068,57,Month-to-month,933.04,1,27,0,1,1
CUST_01069,13,Month-to-month,1290.54,1,22,0,0,1
CUST_01070,16,Month-to-month,909.91,2,22,0,0,1
CUST_01071,36,Month-to-month,959.01,2,11,1,1,0
CUST_01072,3,Month-to-month,1598.31,5,23,0,0,1
CUST_01073,58,Month-to-month,2583.16,1,3,0,1,1
CUST_01074,58,Two year,2609.56,0,23,0,0,1
CUST_01075,13,Month-to-month,2054.12,2,15,1,1,1
CUST_01076,64,Month-to-month,1713.77,0,26,0,1,1
CUST_01077,39,Two year,2710.29,3,6,0,0,0
CUST_01078,4,Month-to-month,1965.04,1,21,0,0,1
CUST_01079,47,Month-to-month,2084.15,2,16,0,1,0
CUST_01080,63,One year,405.85,3,24,0,0,0
CUST_01081,28,One year,2826.97,0,27,0,1,1
CUST_01082,34,One year,466.52,2,17,0,1,0
CUST_01083,13,Month-to-month,1634.43,2,17,0,1,1
CUST_01084,6,Month-to-month,1153.03,1,6,0,0,0
CUST_01085,2,One year,2844.85,1,0,0,0,1
CUST_01086,18,Month-to-month,2605.22,1,7,0,1,1
CUST_01087,49,Month-to-month,2893.83,1,9,0,1,0
CUST_01088,13,Month-to-month,1056.56,2,25,0,0,1
CUST_01089,9,Month-to-month,966.48,1,12,0,0,0
CUST_01090,38,Month-to-month,2462.96,2,7,0,0,1
CUST_01091,56,Two year,,1,7,0,0,0
CUST_01092,71,Month-to-month,1835.95,2,19,1,1,1
CUST_01093,52,One year,1260.45,0,8,0,1,0
CUST_01094,29,Month-to-month,2565.87,1,13,0,1,1
CUST_01095,36,Month-to-month,1030.2,3,6,0,0,1
CUST_01096,49,Month-to-month,2808.31,5,2,0,1,1
CUST_01097,29,Month-to-month,1417.76,3,1,0,1,1
CUST_01098,22,Month-to-month,1609.14,1,13,0,0,0
CUST_01099,66,Two year,974.0,2,20,0,0,0
CUST_01100,10,One year,1846.85,0,27,0,1,0
CUST_01101,53,Month-to-month,2473.23,0,12,0,1,0
CUST_01102,70,Two year,2577.0,5,29,1,0,1
CUST_01103,51,One year,1220.18,0,5,0,0,0
CUST_01104,63,Two year,2494.31,1,22,1,1,0
CUST_01105,41,Month-to-month,2459.05,0,11,0,0,0
CUST_01106,8,Month-to-month,375.9,0,22,0,0,0
CUST_01107,18,One year,1147.27,3,12,1,0,0
CUST_01108,18,Two year,364.77,1,29,0,0,0
CUST_01109,33,Month-to-month,2453.42,1,2,0,0,1
CUST_01110,39,Month-to-month,1093.63,0,2,0,1,0
CUST_01111,3,Two year,1000.78,3,14,0,1,0
CUST_01112,53,Two year,2792.89,1,7,0,0,0
CUST_01113,50,Month-to-month,1378.16,1,7,0,1,0
CUST_01114,22,One year,2005.61,1,1,0,1,0
CUST_01115,59,Month-to-month,322.43,2,7,0,1,0
CUST_01116,4,Month-to-month,1057.73,1,24,0,1,1
CUST_01117,1,One year,2814.6,2,17,0,1,0
CUST_01118,20,One year,1517.84,1,27,0,0,1
CUST_01119,9,Two year,2936.9,3,19,0,1,1
CUST_01120,41,Two year,2182.4,2,23,0,1,0
CUST_01121,8,Month-to-month,2855.79,4,16,0,1,1
CUST_01122,62,Two year,711.28,5,29,0,1,1
CUST_01123,12,Month-to-month,2094.46,4,24,0,0,1
CUST_01124,2,Month-to-month,2789.75,2,6,0,0,1
CUST_01125,71,Month-to-month,365.49,2,25,1,0,1
CUST_01126,51,Two year,959.39,2,2,0,1,0
CUST_01127,31,Month-to-month,1449.03,3,3,0,1,0
CUST_01128,44,Month-to-month,2163.34,1,5,0,0,1
CUST_01129,12,Month-to-month,1995.49,0,4,0,1,1
CUST_01130,24,One year,719.51,2,9,0,1,1
CUST_01131,59,Month-to-month,499.62,2,4,0,1,0
CUST_01132,34,Month-to-month,604.38,2,16,0,0,1
CUST_01133,25,One year,2164.55,1,3,0,0,0
CUST_01134,3,Month-to-month,2165.27,3,4,0,1,1
CUST_01135,29,Month-to-month,1489.69,2,18,0,0,1
CUST_01136,35,Two year,1362.84,1,21,0,1,0
CUST_01137,23,Month-to-month,1073.33,1,18,0,1,0
CUST_01138,55,Month-to-month,1656.76,4,28,0,1,1
CUST_01139,52,Two year,2267.34,2,17,0,1,0
CUST_01140,23,One year,,1,28,1,1,1
CUST_01141,42,Month-to-month,2306.25,0,10,0,1,0
CUST_01142,40,One year,537.71,0,3,0,0,1
CUST_01143,1,Month-to-month,2947.68,1,11,0,1,1
CUST_01144,48,Two year,1377.46,3,1,0,0,0
CUST_01145,60,Month-to-month,1773.75,2,23,0,1,0
CUST_01146,9,Month-to-month,1672.88,1,0,0,0,1
CUST_01147,14,One year,464.09,1,27,0,0,0
CUST_01148,30,Month-to-month,1274.77,1,20,1,1,1
CUST_01149,65,Month-to-month,1469.7,0,3,1,1,0
CUST_01150,21,One year,1752.62,2,11,1,0,1
CUST_01151,46,One year,2639.92,4,22,0,1,1
CUST_01152,17,Two year,1640.55,0,6,0,0,0
CUST_01153,65,Month-to-month,1133.7,2,19,0,0,0
CUST_01154,43,Month-to-month,1445.53,2,15,0,1,1
CUST_01155,46,Two year,2923.78,2,16,0,1,0
CUST_01156,4,Two year,1767.36,1,1,0,0,0
CUST_01157,48,Month-to-month,2336.05,2,23,0,1,0
CUST_01158,37,Two year,2410.24,1,10,1,1,0
CUST_01159,62,Two year,550.54,2,8,0,1,0
CUST_01160,52,One year,2603.72,2,10,1,0,0
CUST_01161,5,One year,1044.29,2,11,0,0,1
CUST_01162,16,Month-to-month,2091.7,3,11,0,1,1
CUST_01163,12,One year,524.76,0,28,0,1,1
CUST_01164,3,Month-to-month,2192.82,1,2,0,1,1
CUST_01165,15,Month-to-month,2063.33,3,21,0,0,1
CUST_01166,62,Month-to-month,2351.54,1,21,0,0,0
CUST_01167,34,Month-to-month,2574.48,0,9,0,1,1
CUST_01168,61,One year,415.35,0,15,0,1,0
CUST_01169,62,Two year,2682.11,2,25,0,0,1
CUST_01170,25,Two year,2570.13,1,19,1,1,1
CUST_01171,21,Two year,2972.76,2,16,0,1,0
CUST_01172,61,One year,879.18,0,2,0,0,0
CUST_01173,29,Two year,547.26,2,7,0,1,0
CUST_01174,17,One year,1065.08,2,8,0,0,0
CUST_01175,13,Month-to-month,431.17,1,23,0,0,1
CUST_01176,15,One year,2167.41,1,24,1,0,0
CUST_01177,66,Month-to-month,1067.09,4,29,0,0,0
CUST_01178,51,Month-to-month,808.68,0,24,1,0,1
CUST_01179,6,Two year,2279.48,2,3,0,1,0
CUST_01180,10,Month-to-month,395.23,0,8,0,0,0
CUST_01181,20,One year,2857.68,3,7,0,1,0
CUST_01182,26,Month-to-month,1076.52,0,20,0,1,0
CUST_01183,52,Month-to-month,777.9,2,10,0,1,0
CUST_01184,47,One year,1219.27,2,25,0,1,0
CUST_01185,51,Month-to-month,2154.75,1,29,0,1,1
CUST_01186,19,Month-to-month,1034.63,1,20,0,1,0
CUST_01187,54,Month-to-month,1001.14,0,16,0,1,0
CUST_01188,1,Two year,2799.11,3,25,0,0,1
CUST_01189,23,Two year,2530.16,0,25,0,0,0
CUST_01190,65,Two year,2712.69,1,15,1,1,0
CUST_01191,25,Two year,907.73,1,14,0,1,0
CUST_01192,24,One year,2869.09,3,12,0,0,1
CUST_01193,27,Month-to-month,2696.08,4,20,0,1,0
CUST_01194,19,Two year,2511.86,1,3,0,1,0
CUST_01195,50,Two year,1935.01,1,2,1,1,0
CUST_01196,37,Two year,2111.25,4,0,0,1,0
CUST_01197,37,Month-to-month,2575.31,0,3,1,1,0
CUST_01198,60,Month-to-month,1674.29,4,22,0,1,0
CUST_01199,47,Month-to-month,2034.93,2,15,0,0,0
CUST_01200,30,Two year,1594.11,1,10,0,1,0
CUST_01201,36,One year,877.87,1,26,0,1,0
CUST_01202,38,Month-to-month,1541.3,1,20,0,0,1
CUST_01203,60,Month-to-month,2550.92,0,19,0,0,1
CUST_01204,56,Month-to-month,1455.57,3,4,0,1,0
CUST_01205,46,Month-to-month,1753.17,1,0,1,1,1
CUST_01206,69,Month-to-month,625.08,0,3,0,1,0
CUST_01207,40,Month-to-month,692.72,1,3,0,0,1
CUST_01208,45,Two year,2989.93,0,19,1,1,0
CUST_01209,35,Month-to-month,591.85,0,22,0,1,1
CUST_01210,59,Two year,2800.85,2,7,0,1,0
CUST_01211,14,Month-to-month,756.83,2,5,1,0,1
CUST_01212,17,Month-to-month,2731.4,2,11,0,1,0
CUST_01213,35,Month-to-month,1743.23,2,15,1,0,1
CUST_01214,17,One year,933.15,0,22,0,0,1
CUST_01215,6,Month-to-month,937.18,1,25,1,0,0
CUST_01216,8,Two year,2656.39,3,28,0,0,1
CUST_01217,10,Month-to-month,1825.32,1,6,0,1,1
CUST_01218,20,Two year,341.48,1,24,0,1,0
CUST_01219,60,Month-to-month,2473.24,3,10,0,0,1
CUST_01220,17,Month-to-month,2211.46,1,27,0,1,1
CUST_01221,2,Month-to-month,677.66,1,28,0,1,0
CUST_01222,58,Month-to-month,590.18,0,11,1,1,0
CUST_01223,9,Month-to-month,2165.79,3,3,1,0,1
CUST_01224,68,Two year,1515.65,2,2,0,1,0
CUST_01225,3,Two year,674.28,3,1,1,1,1
CUST_01226,8,Two year,1980.46,1,25,0,1,1
CUST_01227,11,One year,1198.68,1,2,0,0,0
CUST_01228,47,Month-to-month,2302.58,2,1,1,1,1
CUST_01229,67,Month-to-month,678.26,3,1,0,0,1
CUST_01230,71,One year,2952.37,4,28,0,1,0
CUST_01231,16,One year,311.11,1,24,0,0,1
CUST_01232,66,Two year,2763.04,2,23,0,0,0
CUST_01233,70,One year,2098.08,0,25,0,0,0
CUST_01234,15,Month-to-month,1280.87,0,3,0,1,0
CUST_01235,27,Month-to-month,1822.19,0,18,0,1,1
CUST_01236,43,One year,2160.8,1,11,1,0,1
CUST_01237,20,Month-to-month,509.34,1,19,0,1,1
CUST_01238,49,One year,893.61,1,20,1,1,0
CUST_01239,18,Month-to-month,461.24,1,20,0,1,0
CUST_01240,2,Two year,2243.7,2,14,0,1,1
CUST_01241,54,Two year,1209.02,1,6,0,0,0
CUST_01242,6,Month-to-month,1244.21,4,23,1,0,1
CUST_01243,54,Month-to-month,2406.41,2,1,0,1,0
CUST_01244,52,Two year,2979.3,3,27,0,0,0
CUST_01245,25,Two year,942.73,2,10,1,0,1
CUST_01246,37,One year,1627.51,0,10,0,1,0
CUST_01247,50,Two year,1051.04,3,23,0,1,0
CUST_01248,49,One year,2889.23,2,25,0,0,0
CUST_01249,67,Month-to-month,420.95,3,26,0,0,1
CUST_01250,8,Month-to-month,1530.43,2,4,1,0,1
CUST_01251,57,Month-to-month,2566.79,1,28,0,0,1
CUST_01252,14,Month-to-month,1998.39,2,25,0,0,1
CUST_01253,59,Month-to-month,1285.24,1,26,0,1,1
CUST_01254,56,One year,1809.49,1,6,1,1,0
CUST_01255,59,One year,2679.73,4,0,0,0,0
CUST_01256,28,One year,1334.63,1,3,1,1,0
CUST_01257,58,One year,779.84,0,1,0,1,0
CUST_01258,35,Two year,1812.32,0,25,1,0,0
CUST_01259,55,Month-to-month,674.97,1,4,1,0,1
CUST_01260,55,Month-to-month,2737.31,0,28,1,1,0
CUST_01261,64,Month-to-month,2755.28,0,18,0,0,0
CUST_01262,6,Two year,1045.66,0,20,0,1,0
CUST_01263,69,One year,995.94,1,19,1,1,1
CUST_01264,9,Month-to-month,2047.79,1,13,0,1,0
CUST_01265,60,Month-to-month,1513.26,0,17,0,1,0
CUST_01266,36,Two year,1480.25,4,18,0,1,0
CUST_01267,58,One year,1231.55,2,17,0,1,0
CUST_01268,47,Two year,2545.3,3,10,1,1,0
CUST_01269,35,Month-to-month,2401.94,0,9,0,0,0
CUST_01270,24,Month-to-month,1497.55,5,0,0,0,1
CUST_01271,54,Month-to-month,429.91,2,1,0,0,0
CUST_01272,37,Month-to-month,1983.46,3,4,0,1,0
CUST_01273,31,Month-to-month,667.49,4,7,0,0,1
CUST_01274,54,One year,1669.94,1,29,0,0,0
CUST_01275,16,Two year,604.72,1,2,0,1,0
CUST_01276,62,Month-to-month,1293.34,1,28,0,1,0
CUST_01277,20,Two year,,2,29,0,0,1
CUST_01278,18,One year,2281.67,2,2,0,0,0
CUST_01279,28,Month-to-month,2950.66,4,28,0,0,1
CUST_01280,53,Month-to-month,2994.55,2,12,0,1,1
CUST_01281,67,One year,1643.25,2,10,0,1,1
CUST_01282,16,One year,1629.23,2,20,0,1,1
CUST_01283,14,Month-to-month,2678.56,2,28,0,0,0
CUST_01284,34,Two year,919.85,1,9,0,0,0
CUST_01285,53,Month-to-month,2487.31,1,12,0,1,1
CUST_01286,53,One year,2205.56,0,12,0,1,0
CUST_01287,51,Month-to-month,2895.12,2,0,0,1,1
CUST_01288,23,Month-to-month,1392.04,0,3,0,0,0
CUST_01289,5,One year,650.59,0,22,0,0,1
CUST_01290,44,Two year,1535.18,3,0,0,0,0
CUST_01291,35,Month-to-month,1439.28,0,29,0,0,1
CUST_01292,20,Month-to-month,2629.1,2,4,0,1,0
CUST_01293,71,Two year,2123.69,0,20,1,1,0
CUST_01294,45,Month-to-month,696.18,4,7,0,0,0
CUST_01295,63,Month-to-month,2011.61,1,15,0,1,0
CUST_01296,35,Month-to-month,1026.88,0,29,0,0,0
CUST_01297,44,One year,1898.95,0,17,1,0,0
CUST_01298,30,Month-to-month,2498.31,1,3,1,1,1
CUST_01299,47,Month-to-month,1087.58,2,3,0,1,0
CUST_01300,10,Month-to-month,2701.94,2,22,0,0,1
CUST_01301,37,One year,772.55,1,18,0,1,0
CUST_01302,28,One year,2884.4,1,6,0,0,1
CUST_01303,33,Month-to-month,2467.74,1,23,0,0,1
CUST_01304,56,One year,1034.35,1,10,0,0,0
CUST_01305,31,One year,1421.53,1,11,0,1,0
CUST_01306,13,One year,2368.75,4,22,1,0,1
CUST_01307,20,One year,822.71,1,12,0,1,0
CUST_01308,56,One year,2820.27,1,29,0,0,0
CUST_01309,71,One year,743.27,2,29,0,1,1
CUST_01310,59,Month-to-month,2008.53,4,2,0,1,1
CUST_01311,61,Month-to-month,1070.04,3,21,0,0,0
CUST_01312,66,One year,2030.1,2,18,0,1,0
CUST_01313,17,Two year,310.68,1,20,0,0,0
CUST_01314,38,Month-to-month,2288.2,3,11,0,0,1
CUST_01315,68,One year,415.34,1,2,0,1,0
CUST_01316,37,Month-to-month,595.19,5,24,0,1,0
CUST_01317,26,Month-to-month,2459.4,1,13,0,1,0
CUST_01318,35,Two year,2273.15,3,7,0,1,1
CUST_01319,56,Month-to-month,2599.85,1,25,0,0,1
CUST_01320,40,One year,2765.6,1,26,0,0,0
CUST_01321,35,Two year,781.11,3,27,0,0,0
CUST_01322,62,Month-to-month,998.43,0,15,0,1,0
CUST_01323,32,One year,1833.56,2,5,0,1,0
CUST_01324,40,Month-to-month,2341.25,0,23,0,1,1
CUST_01325,53,Month-to-month,2061.85,2,11,0,0,0
CUST_01326,41,One year,2019.48,2,26,1,1,1
CUST_01327,34,Month-to-month,707.23,0,24,0,0,1
CUST_01328,56,Two year,2628.23,4,2,0,1,0
CUST_01329,53,Month-to-month,988.4,0,4,0,0,0
CUST_01330,22,Two year,1863.94,2,12,1,0,1
CUST_01331,69,One year,1976.67,1,21,0,0,1
CUST_01332,3,One year,927.85,4,3,0,1,0
CUST_01333,57,One year,958.26,3,12,1,0,0
CUST_01334,67,One year,2561.95,1,15,0,1,1
CUST_01335,33,Two year,1787.31,0,15,0,0,1
CUST_01336,28,Month-to-month,,2,18,0,1,0
CUST_01337,61,Month-to-month,560.55,0,23,0,1,0
CUST_01338,35,Month-to-month,2336.67,2,14,0,0,1
CUST_01339,24,Two year,779.95,2,13,0,1,1
CUST_01340,34,One year,,2,21,0,1,0
CUST_01341,57,One year,885.31,1,17,0,0,1
CUST_01342,51,Month-to-month,2299.02,1,1,0,1,0
CUST_01343,24,Month-to-month,2219.99,3,1,0,1,1
CUST_01344,16,Month-to-month,671.92,1,18,1,0,0
CUST_01345,9,One year,795.55,2,2,0,0,0
CUST_01346,19,Two year,2157.53,1,4,0,0,1
CUST_01347,37,Month-to-month,1221.62,1,2,0,1,0
CUST_01348,17,One year,1222.49,2,8,0,0,0
CUST_01349,13,Month-to-month,436.8,2,22,0,0,1
CUST_01350,52,One year,1662.94,1,0,0,1,0
CUST_01351,38,Month-to-month,761.84,0,13,0,0,1
CUST_01352,31,Month-to-month,2679.16,1,18,0,1,0
CUST_01353,6,Two year,352.35,1,13,0,1,0
CUST_01354,71,One year,502.49,2,18,0,0,0
CUST_01355,63,Two year,587.12,4,1,0,1,0
CUST_01356,63,One year,745.7,1,26,0,0,1
CUST_01357,59,Month-to-month,1188.21,3,14,0,0,0
CUST_01358,69,Two year,613.75,4,4,0,1,0
CUST_01359,13,Month-to-month,1651.25,1,16,1,1,1
CUST_01360,15,Month-to-month,1364.62,1,28,0,1,1
CUST_01361,56,Two year,2256.72,2,9,0,1,0
CUST_01362,15,Month-to-month,983.02,0,11,0,1,0
CUST_01363,71,Month-to-month,2133.29,4,4,1,1,1
CUST_01364,55,One year,335.59,1,12,0,0,0
CUST_01365,51,Month-to-month,1386.33,1,21,0,0,1
CUST_01366,46,Month-to-month,2697.23,1,23,1,1,0
CUST_01367,60,One year,564.55,0,25,0,1,0
CUST_01368,22,Month-to-month,760.67,3,4,0,1,1
CUST_01369,65,One year,2726.59,0,9,0,0,1
CUST_01370,28,Month-to-month,2062.22,1,9,1,1,0
CUST_01371,32,Month-to-month,386.7,1,5,1,1,0
CUST_01372,2,One year,2832.72,0,10,0,0,1
CUST_01373,49,One year,339.97,0,23,0,0,1
CUST_01374,70,One year,2757.64,0,22,0,0,1
CUST_01375,40,Month-to-month,1894.78,1,6,0,0,0
CUST_01376,8,Month-to-month,526.55,1,26,0,0,1
CUST_01377,10,Month-to-month,2338.62,1,7,0,0,1
CUST_01378,58,Month-to-month,2272.62,1,28,0,0,1
CUST_01379,12,Month-to-month,2723.94,3,28,0,0,1
CUST_01380,33,One year,843.49,0,1,0,1,0
CUST_01381,40,Month-to-month,2295.36,1,20,0,1,1
CUST_01382,52,Month-to-month,2381.9,1,16,0,1,0
CUST_01383,71,Two year,2551.24,4,9,0,1,1
CUST_01384,6,Month-to-month,1261.73,0,5,0,1,0
CUST_01385,11,One year,1520.13,1,3,1,0,0
CUST_01386,38,One year,1059.71,0,6,0,1,0
CUST_01387,62,Two year,2780.81,3,26,0,0,0
CUST_01388,34,Two year,336.92,1,13,0,0,0
CUST_01389,31,One year,2717.14,1,15,0,1,0
CUST_01390,50,Month-to-month,1495.9,2,29,0,1,1
CUST_01391,18,Month-to-month,1050.26,3,21,0,0,1
CUST_01392,10,One year,1103.33,2,1,0,1,0
CUST_01393,42,Month-to-month,378.07,1,7,0,0,0
CUST_01394,67,Two year,2389.08,2,10,0,0,1
CUST_01395,14,One year,773.59,2,15,0,0,0
CUST_01396,71,Month-to-month,1142.84,3,25,1,1,0
CUST_01397,56,Month-to-month,1017.84,0,5,0,1,0
CUST_01398,15,Month-to-month,838.07,0,18,1,0,1
CUST_01399,14,Month-to-month,1662.67,4,29,0,0,1
CUST_01400,7,Month-to-month,2759.37,2,20,1,1,1
CUST_01401,3,One year,2955.0,1,10,1,0,1
CUST_01402,39,Month-to-month,2735.84,1,15,0,1,1
CUST_01403,8,Month-to-month,869.75,1,14,0,1,0
CUST_01404,32,One year,574.61,4,23,0,1,1
CUST_01405,40,One year,596.32,0,28,1,1,0
CUST_01406,46,Month-to-month,1937.42,3,9,0,0,1
CUST_01407,9,Month-to-month,1710.25,3,26,0,1,1
CUST_01408,70,One year,1923.46,1,8,0,1,0
CUST_01409,9,Month-to-month,417.12,3,5,1,1,1
CUST_01410,52,Month-to-month,967.6,3,16,0,1,1
CUST_01411,3,Two year,2217.87,3,9,0,0,0
CUST_01412,52,Month-to-month,2874.64,1,25,0,0,0
CUST_01413,20,One year,794.93,0,17,1,1,0
CUST_01414,64,Month-to-month,772.91,3,18,0,1,0
CUST_01415,25,Two year,2250.45,1,3,1,0,1
CUST_01416,44,One year,2049.11,3,21,0,0,0
CUST_01417,61,One year,1417.28,2,13,0,0,0
CUST_01418,24,Two year,650.35,6,20,0,0,0
CUST_01419,24,Month-to-month,1961.02,2,19,0,0,1
CUST_01420,10,Two year,2258.21,8,2,0,0,1
CUST_01421,54,Month-to-month,1416.85,2,18,0,0,1
CUST_01422,20,Two year,1760.91,3,8,0,1,1
CUST_01423,24,Two year,409.48,0,11,0,0,0
CUST_01424,43,One year,2722.12,4,29,0,0,1
CUST_01425,67,Two year,1530.75,0,24,0,0,1
CUST_01426,17,Month-to-month,510.2,5,1,0,0,1
CUST_01427,24,Month-to-month,1024.9,2,20,0,1,0
CUST_01428,19,One year,794.58,0,15,0,1,0
CUST_01429,38,Two year,1841.71,0,11,0,1,1
CUST_01430,50,One year,2218.74,0,28,0,1,1
CUST_01431,14,Month-to-month,2014.89,0,12,0,0,1
CUST_01432,58,One year,371.81,1,15,0,0,0
CUST_01433,2,Month-to-month,2125.91,3,23,0,1,0
CUST_01434,21,Month-to-month,1942.48,4,19,1,0,1
CUST_01435,16,Two year,524.59,1,0,0,0,0
CUST_01436,67,Month-to-month,2827.98,1,20,0,1,0
CUST_01437,9,Two year,2187.35,1,12,0,0,1
CUST_01438,55,Month-to-month,558.81,0,27,0,0,0
CUST_01439,30,Month-to-month,1996.16,2,16,0,1,0
CUST_01440,25,Month-to-month,1415.19,1,9,1,1,0
CUST_01441,71,Month-to-month,528.61,1,0,0,1,0
CUST_01442,34,One year,839.44,1,16,0,0,0
CUST_01443,59,Month-to-month,2631.6,0,27,0,0,1
CUST_01444,10,One year,1381.89,3,1,0,1,0
CUST_01445,16,Two year,392.14,3,16,0,0,0
CUST_01446,56,Month-to-month,2934.55,2,27,0,1,1
CUST_01447,55,Two year,1196.78,3,10,0,1,0
CUST_01448,65,One year,1823.96,0,0,0,1,0
CUST_01449,13,One year,320.51,1,3,0,0,0
CUST_01450,57,Month-to-month,2116.53,1,21,0,0,0
CUST_01451,19,One year,2557.93,0,19,0,0,0
CUST_01452,7,One year,1074.59,0,14,1,1,0
CUST_01453,25,Month-to-month,2295.82,2,18,0,1,0
CUST_01454,67,One year,2628.38,3,17,0,0,1
CUST_01455,5,Month-to-month,1276.47,2,22,0,1,1
CUST_01456,25,Month-to-month,1610.64,0,20,0,1,1
CUST_01457,38,Month-to-month,366.41,0,22,0,0,0
CUST_01458,43,Two year,1676.15,1,19,1,1,0
CUST_01459,5,One year,2496.3,2,12,0,1,0
CUST_01460,21,Month-to-month,1335.86,1,0,0,0,1
CUST_01461,22,Month-to-month,1178.0,3,3,0,1,0
CUST_01462,25,Two year,2909.19,3,8,0,0,0
CUST_01463,8,One year,1567.69,1,2,0,1,0
CUST_01464,22,One year,1943.89,0,18,0,1,0
CUST_01465,32,Month-to-month,2489.69,2,21,1,0,1
CUST_01466,1,Month-to-month,575.86,0,0,0,0,0
CUST_01467,26,Month-to-month,2936.72,0,10,0,0,1
CUST_01468,40,Month-to-month,2926.66,2,9,0,0,1
CUST_01469,24,Month-to-month,1783.41,0,23,0,0,0
CUST_01470,35,Month-to-month,2734.97,2,23,1,1,1
CUST_01471,27,Two year,1563.52,1,15,0,1,0
CUST_01472,47,One year,2764.67,1,10,0,0,1
CUST_01473,42,Month-to-month,1176.4,1,4,1,1,0
CUST_01474,28,Month-to-month,2145.97,3,14,0,0,1
CUST_01475,50,Two year,794.73,0,22,0,0,0
CUST_01476,70,Month-to-month,1885.5,3,29,0,0,0
CUST_01477,7,Month-to-month,1282.42,0,12,0,0,1
CUST_01478,52,Month-to-month,2840.5,2,28,0,1,0
CUST_01479,63,One year,1458.63,0,14,0,1,0
CUST_01480,54,Month-to-month,2347.92,1,14,0,0,0
CUST_01481,40,Month-to-month,2419.92,1,11,0,0,1
CUST_01482,21,Month-to-month,972.1,0,24,0,1,1
CUST_01483,56,Two year,492.86,0,22,0,0,0
CUST_01484,66,Two year,1267.37,1,16,0,1,0
CUST_01485,65,Month-to-month,2471.03,0,16,0,0,0
CUST_01486,55,Month-to-month,1761.38,3,2,0,0,1
CUST_01487,11,Month-to-month,1646.82,1,2,0,1,1
CUST_01488,51,One year,2366.17,1,18,0,0,1
CUST_01489,22,Month-to-month,2698.84,0,7,0,0,1
CUST_01490,4,One year,2472.66,0,25,1,1,0
CUST_01491,67,Month-to-month,2947.84,4,24,0,0,1
CUST_01492,38,One year,1600.12,2,23,1,0,1
CUST_01493,10,Two year,2904.17,2,23,0,0,1
CUST_01494,2,Month-to-month,533.98,1,7,1,1,0
CUST_01495,28,Two year,651.81,3,9,0,1,0
CUST_01496,12,Month-to-month,1363.99,1,11,0,0,0
CUST_01497,4,Month-to-month,1118.14,3,13,0,0,1
CUST_01498,50,Month-to-month,1340.18,1,4,1,0,1
CUST_01499,14,One year,1023.48,2,9,0,0,0
CUST_01500,28,Month-to-month,2243.65,2,20,0,0,1
CUST_01501,48,One year,694.36,1,5,1,1,0
CUST_01502,59,One year,2589.48,3,22,0,0,0
CUST_01503,15,Month-to-month,2476.83,3,17,0,0,1
CUST_01504,59,Two year,2533.1,1,29,0,0,0
CUST_01505,70,Two year,1805.91,2,3,0,1,1
CUST_01506,4,Month-to-month,2186.12,1,24,1,1,1
CUST_01507,29,Month-to-month,1096.42,3,3,0,0,0
CUST_01508,17,Month-to-month,1755.56,2,3,0,1,1
CUST_01509,25,One year,2947.46,2,23,1,0,1
CUST_01510,49,One year,2548.51,1,23,0,1,1
CUST_01511,20,Two year,2027.39,3,29,0,0,1
CUST_01512,33,Month-to-month,931.04,3,29,0,1,1
CUST_01513,27,Month-to-month,2608.34,0,10,0,0,1
CUST_01514,62,Month-to-month,454.09,3,24,0,0,0
CUST_01515,70,Month-to-month,1819.3,2,3,1,1,1
CUST_01516,62,Month-to-month,349.47,2,19,0,1,0
CUST_01517,13,Month-to-month,778.75,3,28,0,1,1
CUST_01518,58,Month-to-month,705.68,2,8,0,1,1
CUST_01519,18,Month-to-month,2681.64,3,22,0,0,1
CUST_01520,49,Month-to-month,1307.83,2,7,0,1,1
CUST_01521,7,Month-to-month,1164.15,2,5,0,1,0
CUST_01522,18,Month-to-month,2962.33,3,7,0,1,0
CUST_01523,22,Month-to-month,1094.61,2,0,0,1,0
CUST_01524,27,Month-to-month,2173.98,1,29,0,0,1
CUST_01525,8,Month-to-month,2709.44,1,5,1,1,0
CUST_01526,1,One year,694.05,3,18,0,0,1
CUST_01527,51,One year,721.83,3,27,0,0,0
CUST_01528,50,One year,1804.21,2,26,0,1,0
CUST_01529,23,One year,1178.14,2,4,0,0,0
CUST_01530,6,Month-to-month,2330.84,0,8,0,0,1
CUST_01531,25,Month-to-month,2531.48,2,4,0,1,1
CUST_01532,26,Month-to-month,2266.56,1,4,0,0,1
CUST_01533,11,Two year,,2,13,0,0,0
CUST_01534,1,Two year,1755.17,1,21,0,0,1
CUST_01535,45,Month-to-month,1458.63,1,16,0,1,1
CUST_01536,4,Month-to-month,2190.38,1,26,1,0,1
CUST_01537,14,Month-to-month,1612.79,2,12,1,0,1
CUST_01538,55,Two year,2810.67,0,10,1,1,1
CUST_01539,59,One year,504.59,2,22,0,0,0
CUST_01540,20,Month-to-month,2749.93,1,3,0,0,1
CUST_01541,61,One year,1948.07,2,1,0,0,0
CUST_01542,44,Month-to-month,346.71,1,29,0,0,0
CUST_01543,59,One year,2451.41,5,15,1,1,0
CUST_01544,27,One year,1203.87,2,12,0,0,0
CUST_01545,39,Month-to-month,2204.54,1,3,0,1,0
CUST_01546,37,Month-to-month,1711.26,3,17,0,1,1
CUST_01547,63,Two year,318.71,0,14,0,0,0
CUST_01548,69,Two year,1403.34,2,3,0,1,0
CUST_01549,66,One year,2008.55,3,4,0,0,0
CUST_01550,25,Two year,2342.39,2,1,0,1,0
CUST_01551,26,One year,2482.27,3,17,0,0,1
CUST_01552,27,Two year,2557.01,0,18,0,0,0
CUST_01553,58,Month-to-month,2527.08,0,5,0,0,1
CUST_01554,64,Two year,1178.69,1,26,0,0,0
CUST_01555,52,Two year,1252.9,0,1,0,1,0
CUST_01556,30,Month-to-month,1776.44,2,22,0,1,1
CUST_01557,32,Month-to-month,2755.81,0,26,0,1,1
CUST_01558,57,One year,1280.77,2,10,0,1,0
CUST_01559,47,Month-to-month,,1,26,0,0,1
CUST_01560,59,Month-to-month,379.57,2,14,0,1,0
CUST_01561,58,One year,1294.13,0,3,0,0,0
CUST_01562,16,One year,,1,15,0,0,0
CUST_01563,41,Month-to-month,2489.64,5,21,0,0,1
CUST_01564,17,Month-to-month,1076.96,9,29,0,0,1
CUST_01565,19,Month-to-month,609.92,0,10,0,0,1
CUST_01566,55,One year,2271.59,1,25,0,0,1
CUST_01567,38,Month-to-month,2447.21,0,1,0,1,0
CUST_01568,50,One year,1326.77,1,21,1,1,1
CUST_01569,26,Month-to-month,707.75,1,11,0,0,1
CUST_01570,26,Month-to-month,1646.55,1,16,0,0,1
CUST_01571,25,One year,319.56,0,6,0,0,0
CUST_01572,17,Month-to-month,2259.29,0,25,0,1,1
CUST_01573,11,Month-to-month,458.33,2,9,0,0,0
CUST_01574,15,Month-to-month,1739.86,0,24,0,0,1
CUST_01575,61,Month-to-month,703.99,2,6,1,1,1
CUST_01576,55,Two year,2383.07,1,10,0,0,0
CUST_01577,43,One year,2583.37,3,29,1,1,1
CUST_01578,51,One year,1046.59,4,8,0,0,0
CUST_01579,45,Month-to-month,371.48,4,6,0,1,0
CUST_01580,24,One year,1630.3,0,7,0,1,0
CUST_01581,25,Month-to-month,1530.06,2,23,0,0,1
CUST_01582,13,One year,683.99,2,7,0,1,1
CUST_01583,10,Month-to-month,1801.96,1,22,0,1,1
CUST_01584,50,Month-to-month,1539.64,2,24,1,0,1
CUST_01585,8,Month-to-month,308.03,0,20,0,0,0
CUST_01586,34,One year,2689.35,2,23,1,1,1
CUST_01587,55,Month-to-month,2076.74,2,3,0,0,1
CUST_01588,43,One year,599.91,2,26,0,1,0
CUST_01589,14,Month-to-month,2901.81,2,16,0,0,0
CUST_01590,25,Month-to-month,2060.16,2,10,0,1,0
CUST_01591,11,One year,498.3,1,14,0,1,0
CUST_01592,21,One year,559.47,1,22,0,1,1
CUST_01593,1,Month-to-month,1725.47,2,1,0,0,1
CUST_01594,24,Month-to-month,2613.6,1,17,0,1,0
CUST_01595,18,Month-to-month,826.72,3,7,0,1,0
CUST_01596,38,Month-to-month,2615.66,0,1,1,1,0
CUST_01597,47,Month-to-month,817.56,2,2,0,0,1
CUST_01598,46,Two year,547.7,0,8,1,0,0
CUST_01599,1,One year,1282.98,4,29,0,1,1
CUST_01600,2,Month-to-month,1126.72,1,16,0,1,0
CUST_01601,3,Month-to-month,2907.52,2,25,0,1,1
CUST_01602,4,Month-to-month,838.37,0,10,0,1,1
CUST_01603,11,One year,1626.65,1,11,0,0,0
CUST_01604,33,Month-to-month,2382.78,0,28,0,0,0
CUST_01605,15,Month-to-month,,4,4,0,0,1
CUST_01606,57,Month-to-month,1349.11,1,6,0,1,0
CUST_01607,27,One year,1955.11,2,0,0,1,0
CUST_01608,34,Two year,1945.2,2,26,0,1,1
CUST_01609,25,Month-to-month,2816.91,1,9,1,1,1
CUST_01610,69,One year,757.85,1,15,1,1,0
CUST_01611,63,Month-to-month,1729.39,3,5,0,1,0
CUST_01612,15,Month-to-month,811.49,4,3,0,1,0
CUST_01613,63,Month-to-month,2151.88,2,27,0,0,0
CUST_01614,35,Two year,1755.74,0,25,0,1,0
CUST_01615,50,Month-to-month,2011.52,0,28,1,0,0
CUST_01616,69,Two year,2646.48,4,16,0,1,0
CUST_01617,48,Month-to-month,2004.59,2,25,0,1,0
CUST_01618,62,One year,488.99,2,27,1,0,0
CUST_01619,52,One year,2406.13,4,19,0,0,0
CUST_01620,8,Two year,2201.54,0,26,0,1,1
CUST_01621,15,Month-to-month,2245.57,2,27,1,1,1
CUST_01622,33,Two year,1145.03,0,3,0,1,0
CUST_01623,14,Month-to-month,1737.97,3,12,0,0,1
CUST_01624,19,Month-to-month,503.56,1,10,0,0,0
CUST_01625,43,Month-to-month,905.35,1,24,0,1,0
CUST_01626,23,Month-to-month,2832.16,3,4,0,0,1
CUST_01627,19,Two year,1115.29,1,23,0,1,0
CUST_01628,67,Two year,2099.37,0,20,0,1,0
CUST_01629,63,Month-to-month,1058.54,0,25,1,1,1
CUST_01630,40,Month-to-month,2201.25,2,18,1,1,0
CUST_01631,69,Month-to-month,1107.48,1,11,0,0,0
CUST_01632,33,Month-to-month,2331.02,0,19,0,0,0
CUST_01633,44,One year,2722.91,3,25,0,0,1
CUST_01634,23,Month-to-month,1050.23,0,15,0,1,1
CUST_01635,22,Month-to-month,1479.97,0,19,0,1,0
CUST_01636,61,Month-to-month,1588.0,2,28,0,1,0
CUST_01637,7,Month-to-month,1999.3,5,22,0,1,1
CUST_01638,37,Month-to-month,2473.15,1,29,1,0,1
CUST_01639,28,Month-to-month,2797.5,2,3,0,1,1
CUST_01640,67,Month-to-month,,1,16,0,0,0
CUST_01641,52,Month-to-month,,2,11,0,0,1
CUST_01642,58,One year,1168.89,0,5,0,0,0
CUST_01643,47,Month-to-month,1376.05,1,19,0,0,0
CUST_01644,66,Two year,957.13,3,28,1,0,0
CUST_01645,47,Month-to-month,2593.89,2,26,1,1,1
CUST_01646,6,Two year,2870.45,0,19,0,0,1
CUST_01647,45,Month-to-month,2050.15,3,20,0,1,0
CUST_01648,32,Two year,1562.14,2,13,0,0,0
CUST_01649,62,Month-to-month,1190.64,2,7,0,1,0
CUST_01650,58,Month-to-month,1594.55,0,27,1,0,1
CUST_01651,42,One year,2007.73,0,7,0,1,0
CUST_01652,32,One year,865.21,2,16,1,1,0
CUST_01653,45,One year,2961.15,3,8,0,1,1
CUST_01654,66,Two year,589.63,1,21,0,1,0
CUST_01655,13,Month-to-month,2303.52,4,1,0,0,1
CUST_01656,32,Month-to-month,1908.16,2,18,0,0,1
CUST_01657,69,Month-to-month,1819.17,0,9,0,1,1
CUST_01658,55,Month-to-month,1223.63,3,22,0,0,0
CUST_01659,40,Month-to-month,1156.42,2,18,0,1,1
CUST_01660,5,Two year,1817.75,3,22,0,0,0
CUST_01661,45,Month-to-month,2432.22,2,20,0,1,1
CUST_01662,53,Month-to-month,2025.16,0,0,0,0,0
CUST_01663,17,Month-to-month,2461.72,1,15,0,0,1
CUST_01664,31,One year,2076.81,1,13,0,0,1
CUST_01665,66,One year,2221.33,3,12,0,1,0
CUST_01666,68,One year,1048.26,1,9,0,0,0
CUST_01667,23,One year,703.87,2,6,0,0,0
CUST_01668,53,Two year,2614.67,0,1,0,1,0
CUST_01669,45,Month-to-month,1081.32,1,11,0,0,0
CUST_01670,55,One year,2151.29,3,12,0,0,1
CUST_01671,25,Month-to-month,1880.57,1,1,0,1,0
CUST_01672,48,Month-to-month,2576.17,1,22,0,0,1
CUST_01673,29,Month-to-month,453.83,1,13,0,1,1
CUST_01674,71,Month-to-month,588.45,0,5,0,0,0
CUST_01675,51,One year,1222.78,2,10,1,0,0
CUST_01676,6,One year,2883.55,2,28,1,0,1
CUST_01677,25,Month-to-month,1367.51,0,10,0,1,0
CUST_01678,52,One year,2874.0,1,12,1,0,1
CUST_01679,48,Month-to-month,532.95,2,11,0,0,0
CUST_01680,63,Month-to-month,1581.65,2,18,0,0,1
CUST_01681,13,Month-to-month,1719.66,2,15,1,1,0
CUST_01682,8,Month-to-month,1881.29,0,9,0,1,0
CUST_01683,60,Month-to-month,329.06,1,7,0,1,0
CUST_01684,38,Month-to-month,2521.67,3,4,0,1,0
CUST_01685,12,Month-to-month,2433.28,1,26,0,0,1
CUST_01686,23,Two year,1189.95,1,22,0,1,0
CUST_01687,28,Two year,2514.47,1,4,0,1,0
CUST_01688,45,Month-to-month,1507.2,1,7,1,0,0
CUST_01689,62,Month-to-month,1524.73,2,27,0,1,0
CUST_01690,15,Month-to-month,1474.96,5,29,0,1,1
CUST_01691,42,Month-to-month,2252.71,0,13,0,1,0
CUST_01692,29,Month-to-month,1034.76,4,14,0,0,1
CUST_01693,52,One year,2761.41,2,5,0,0,0
CUST_01694,43,Two year,1377.95,1,0,0,1,1
CUST_01695,22,Month-to-month,538.53,7,16,1,0,1
CUST_01696,10,One year,665.24,2,18,1,0,1
CUST_01697,37,Two year,1299.72,1,15,0,1,0
CUST_01698,53,Two year,866.85,0,23,0,0,1
CUST_01699,2,Month-to-month,2186.23,0,28,0,0,1
CUST_01700,11,Month-to-month,629.45,1,13,0,1,1
CUST_01701,48,Month-to-month,2241.72,2,29,0,0,1
CUST_01702,1,Two year,2593.07,1,0,0,1,1
CUST_01703,55,One year,1475.61,1,12,0,0,0
CUST_01704,40,Two year,2723.39,3,5,0,0,0
CUST_01705,28,Two year,2038.41,0,26,0,1,0
CUST_01706,36,Month-to-month,1409.96,3,1,0,0,1
CUST_01707,32,Two year,890.67,1,21,1,1,0
CUST_01708,37,Two year,2290.4,3,28,0,1,1
CUST_01709,60,Month-to-month,1105.36,5,16,0,0,0
CUST_01710,20,Month-to-month,2588.51,2,17,1,1,1
CUST_01711,6,Two year,1471.95,1,20,0,0,1
CUST_01712,50,Two year,2203.72,2,29,0,1,0
CUST_01713,61,Two year,2089.04,0,21,0,1,0
CUST_01714,64,Month-to-month,2968.99,3,3,1,1,0
CUST_01715,54,One year,2586.1,0,25,0,0,1
CUST_01716,58,Two year,613.97,0,9,0,0,0
CUST_01717,3,Month-to-month,2493.27,0,29,0,1,1
CUST_01718,52,Month-to-month,1840.63,3,22,1,0,1
CUST_01719,20,One year,1198.83,1,15,0,0,0
CUST_01720,1,Month-to-month,1037.64,1,9,0,0,1
CUST_01721,42,Two year,1349.99,0,14,0,0,1
CUST_01722,61,Two year,1486.74,2,24,0,1,0
CUST_01723,65,Month-to-month,2468.01,1,0,0,1,0
CUST_01724,8,One year,1747.94,0,15,0,1,1
CUST_01725,40,Month-to-month,2403.21,1,29,0,0,0
CUST_01726,64,Month-to-month,760.43,2,14,0,0,1
CUST_01727,44,One year,2810.68,1,13,0,1,0
CUST_01728,29,Month-to-month,2919.06,1,20,0,1,1
CUST_01729,69,One year,837.12,4,5,0,0,0
CUST_01730,46,One year,1365.15,0,22,0,0,0
CUST_01731,63,Month-to-month,2245.67,0,3,0,0,0
CUST_01732,10,One year,1073.18,1,7,0,1,0
CUST_01733,17,Month-to-month,1758.42,0,28,0,1,1
CUST_01734,4,One year,1130.79,2,14,1,1,1
CUST_01735,49,Two year,2235.16,1,5,0,1,0
CUST_01736,42,Month-to-month,2510.46,0,7,0,1,1
CUST_01737,53,Two year,2320.21,3,29,1,0,0
CUST_01738,32,Month-to-month,1708.35,0,14,0,0,1
CUST_01739,63,One year,1560.57,2,24,1,1,1
CUST_01740,23,Month-to-month,1612.74,1,3,1,1,1
CUST_01741,43,Month-to-month,623.93,3,27,0,0,1
CUST_01742,44,Two year,1618.92,1,9,0,0,1
CUST_01743,37,Month-to-month,2632.52,1,1,0,0,0
CUST_01744,52,Two year,1875.44,2,25,0,1,0
CUST_01745,43,Month-to-month,2216.6,0,29,0,1,1
CUST_01746,19,One year,2453.52,2,27,0,0,0
CUST_01747,22,One year,1542.06,1,22,0,1,0
CUST_01748,59,One year,2644.11,2,28,0,1,0
CUST_01749,12,One year,1849.84,0,10,1,0,1
CUST_01750,34,Two year,2820.17,1,20,0,1,1
CUST_01751,20,One year,2307.8,2,19,0,1,0
CUST_01752,70,One year,1515.45,0,12,0,0,0
CUST_01753,3,Two year,1177.03,1,28,1,0,1
CUST_01754,46,Two year,449.89,1,4,0,1,0
CUST_01755,16,Month-to-month,658.15,1,2,0,1,0
CUST_01756,64,Month-to-month,2979.95,3,6,0,1,1
CUST_01757,4,Two year,2202.19,3,26,0,0,0
CUST_01758,14,One year,2134.56,1,8,1,0,0
CUST_01759,1,One year,381.97,0,15,0,0,0
CUST_01760,33,One year,800.4,1,29,1,0,1
CUST_01761,57,Month-to-month,2956.1,3,14,0,0,1
CUST_01762,2,Two year,1443.06,1,5,0,1,1
CUST_01763,35,One year,1628.61,1,17,1,1,0
CUST_01764,38,Month-to-month,803.79,1,18,1,0,1
CUST_01765,37,Month-to-month,2211.63,3,10,0,1,1
CUST_01766,58,Month-to-month,1576.57,3,22,0,0,0
CUST_01767,38,One year,811.37,1,15,0,1,1
CUST_01768,61,One year,2849.72,1,6,0,0,1
CUST_01769,53,One year,709.09,1,7,0,0,0
CUST_01770,58,Two year,2267.38,2,5,0,0,0
CUST_01771,31,Month-to-month,,0,4,0,0,1
CUST_01772,43,Month-to-month,1322.56,1,4,1,0,0
CUST_01773,61,Month-to-month,2450.7,1,4,0,1,1
CUST_01774,66,One year,678.41,2,8,0,1,0
CUST_01775,22,Two year,655.52,2,22,0,0,0
CUST_01776,48,Month-to-month,1280.06,1,13,0,1,0
CUST_01777,4,Month-to-month,1586.78,2,26,0,0,1
CUST_01778,38,Two year,1463.22,2,8,1,1,0
CUST_01779,52,Month-to-month,2313.46,3,21,0,0,1
CUST_01780,14,Two year,2987.26,2,7,1,0,1
CUST_01781,68,Two year,2720.53,1,6,1,0,0
CUST_01782,50,Month-to-month,1033.24,1,15,0,0,0
CUST_01783,70,Month-to-month,1241.73,3,12,0,0,0
CUST_01784,68,One year,2932.28,2,8,0,1,0
CUST_01785,67,Month-to-month,766.61,4,18,0,0,1
CUST_01786,8,Month-to-month,1310.42,0,11,1,1,1
CUST_01787,11,Month-to-month,1384.13,0,0,1,1,0
CUST_01788,27,Month-to-month,2471.05,1,2,0,1,0
CUST_01789,18,Month-to-month,2532.5,1,23,0,1,1
CUST_01790,61,One year,2780.64,0,0,0,1,1
CUST_01791,64,Month-to-month,1526.4,1,14,0,0,1
CUST_01792,43,Month-to-month,1967.48,2,15,0,0,1
CUST_01793,62,Month-to-month,2874.93,1,4,0,0,0
CUST_01794,41,Month-to-month,2187.25,1,29,0,0,1
CUST_01795,61,One year,927.47,3,3,0,1,0
CUST_01796,35,Month-to-month,1329.14,2,11,0,0,1
CUST_01797,65,Two year,2509.77,2,20,0,1,1
CUST_01798,1,One year,2564.7,1,3,1,0,0
CUST_01799,59,One year,2462.49,0,20,0,0,0
CUST_01800,45,Month-to-month,1302.75,0,3,0,0,1
CUST_01801,39,One year,2799.04,2,17,0,1,0
CUST_01802,41,Two year,659.42,1,4,0,1,0
CUST_01803,7,Two year,1303.04,0,6,0,1,0
CUST_01804,59,Two year,501.37,0,26,0,1,0
CUST_01805,42,One year,682.69,1,1,0,0,0
CUST_01806,42,Two year,1969.13,1,27,0,1,0
CUST_01807,57,Month-to-month,316.9,0,23,1,0,1
CUST_01808,44,Month-to-month,2348.88,1,7,0,0,1
CUST_01809,63,Month-to-month,1678.1,1,11,1,1,1
CUST_01810,44,One year,1584.21,1,1,0,1,0
CUST_01811,6,Month-to-month,387.95,3,18,0,1,1
CUST_01812,13,Two year,2841.03,1,23,0,1,1
CUST_01813,5,Month-to-month,2887.08,2,19,0,1,1
CUST_01814,32,One year,773.99,4,13,0,1,0
CUST_01815,18,Two year,1774.93,1,26,0,1,0
CUST_01816,55,Month-to-month,2700.73,0,23,0,1,0
CUST_01817,55,Month-to-month,1943.61,2,23,0,0,0
CUST_01818,11,One year,2205.58,0,11,0,1,0
CUST_01819,34,Month-to-month,1712.24,3,15,0,1,1
CUST_01820,61,Two year,410.32,0,6,0,0,1
CUST_01821,44,One year,2408.74,1,17,0,1,0
CUST_01822,63,Two year,860.53,2,5,0,1,0
CUST_01823,49,Month-to-month,681.35,2,16,0,1,0
CUST_01824,23,Two year,2953.79,0,4,0,1,0
CUST_01825,29,One year,1504.85,1,0,0,1,0
CUST_01826,23,One year,2878.1,2,0,0,0,0
CUST_01827,14,Month-to-month,368.03,2,8,0,0,1
CUST_01828,67,Month-to-month,2220.82,1,5,0,0,1
CUST_01829,53,Month-to-month,830.71,0,14,0,0,1
CUST_01830,19,One year,729.44,2,14,0,1,0
CUST_01831,65,Two year,2099.53,1,28,0,1,0
CUST_01832,50,Month-to-month,1483.42,3,7,0,1,0
CUST_01833,52,Two year,2614.53,2,8,0,1,0
CUST_01834,50,Month-to-month,1440.58,4,2,0,0,1
CUST_01835,45,One year,1369.41,2,4,1,0,0
CUST_01836,70,Month-to-month,2570.53,0,13,0,1,1
CUST_01837,49,Two year,1599.33,0,5,0,0,0
CUST_01838,20,Month-to-month,1853.55,1,22,0,1,1
CUST_01839,69,Month-to-month,1787.24,1,26,0,1,1
CUST_01840,51,Month-to-month,2118.24,3,20,0,0,0
CUST_01841,38,Month-to-month,1112.15,3,18,0,0,1
CUST_01842,68,Month-to-month,2205.49,2,24,0,1,0
CUST_01843,21,One year,2622.23,0,21,0,0,0
CUST_01844,68,One year,2507.35,1,28,1,1,1
CUST_01845,7,One year,1920.42,0,22,0,1,1
CUST_01846,32,One year,2796.84,4,9,0,1,0
CUST_01847,44,Month-to-month,305.93,1,8,0,1,1
CUST_01848,34,Two year,2061.36,2,26,0,0,0
CUST_01849,44,One year,2453.16,0,11,0,0,1
CUST_01850,54,Month-to-month,621.65,4,7,0,1,1
CUST_01851,64,Month-to-month,1426.47,3,29,0,0,1
CUST_01852,48,Month-to-month,924.26,2,21,0,1,0
CUST_01853,71,Two year,1942.9,0,22,0,0,0
CUST_01854,34,Month-to-month,1394.24,4,4,0,0,1
CUST_01855,42,One year,2692.35,4,6,0,0,0
CUST_01856,54,Month-to-month,1817.94,4,13,0,0,1
CUST_01857,69,Month-to-month,1694.95,2,15,1,0,1
CUST_01858,20,Month-to-month,2162.7,0,21,0,1,0
CUST_01859,8,One year,301.55,2,17,1,1,0
CUST_01860,40,Month-to-month,2873.23,0,0,0,0,0
CUST_01861,57,Month-to-month,1146.11,0,8,0,0,0
CUST_01862,43,Month-to-month,2907.31,0,24,0,0,1
CUST_01863,57,Two year,1384.53,2,9,0,0,1
CUST_01864,60,Month-to-month,2523.36,3,12,0,0,0
CUST_01865,60,Two year,1266.58,2,12,0,1,1
CUST_01866,66,Two year,343.51,1,1,0,0,0
CUST_01867,48,Month-to-month,1049.11,1,27,0,1,1
CUST_01868,6,Two year,2815.83,3,22,1,1,0
CUST_01869,5,Two year,935.95,3,18,0,1,0
CUST_01870,7,Two year,2952.73,1,10,0,0,1
CUST_01871,44,Month-to-month,2578.09,3,6,0,0,1
CUST_01872,36,Month-to-month,2003.47,0,27,0,1,1
CUST_01873,62,One year,381.92,1,11,0,1,0
CUST_01874,27,Month-to-month,1804.94,1,18,0,0,0
CUST_01875,4,One year,651.73,4,17,0,0,1
CUST_01876,6,One year,758.03,3,24,0,0,1
CUST_01877,13,Two year,434.98,2,5,0,1,0
CUST_01878,15,One year,2425.9,0,27,0,0,1
CUST_01879,20,Month-to-month,812.56,1,29,0,0,1
CUST_01880,53,Month-to-month,2252.12,3,0,0,0,0
CUST_01881,34,Month-to-month,484.65,4,13,0,0,1
CUST_01882,12,Month-to-month,1269.39,1,6,0,0,1
CUST_01883,32,Month-to-month,1835.42,2,26,0,1,0
CUST_01884,54,Two year,1984.93,0,23,0,1,1
CUST_01885,25,Month-to-month,1661.15,2,9,0,0,1
CUST_01886,50,One year,2728.23,1,23,0,0,1
CUST_01887,58,One year,1739.06,0,1,1,0,1
CUST_01888,1,Month-to-month,320.69,1,15,0,1,1
CUST_01889,49,Month-to-month,1510.42,2,6,1,1,0
CUST_01890,41,Month-to-month,1154.28,1,15,0,0,1
CUST_01891,37,One year,2902.86,3,7,1,1,1
CUST_01892,18,Month-to-month,781.64,0,7,0,1,0
CUST_01893,52,Month-to-month,1330.97,3,5,1,1,0
CUST_01894,1,Month-to-month,1168.98,1,0,0,1,0
CUST_01895,34,Month-to-month,2477.07,0,5,0,0,0
CUST_01896,19,Month-to-month,2578.05,1,0,0,0,1
CUST_01897,46,Month-to-month,564.67,0,17,0,1,0
CUST_01898,67,Month-to-month,1991.12,3,25,0,1,1
CUST_01899,53,Month-to-month,1239.19,2,11,1,1,0
CUST_01900,66,Month-to-month,1188.83,2,19,0,0,0
CUST_01901,56,Month-to-month,1655.92,0,12,0,1,0
CUST_01902,53,Month-to-month,2118.43,4,24,1,1,1
CUST_01903,68,One year,1242.82,0,4,0,0,0
CUST_01904,12,One year,951.83,2,2,0,1,0
CUST_01905,53,Month-to-month,1225.66,4,22,0,1,1
CUST_01906,19,Month-to-month,636.01,1,12,0,0,0
CUST_01907,40,One year,1687.46,0,3,0,0,0
CUST_01908,8,Two year,2672.3,2,9,0,1,0
CUST_01909,46,One year,1427.32,1,19,0,0,1
CUST_01910,64,Month-to-month,1030.14,0,0,0,0,0
CUST_01911,66,Month-to-month,2781.42,4,23,1,0,1
CUST_01912,7,Month-to-month,672.99,0,29,0,0,1
CUST_01913,18,Two year,1974.04,1,16,0,1,0
CUST_01914,41,Month-to-month,673.42,4,28,0,1,0
CUST_01915,43,Month-to-month,1580.86,1,2,0,0,0
CUST_01916,40,Month-to-month,1066.03,1,0,0,1,1
CUST_01917,18,Month-to-month,2334.93,3,17,0,1,1
CUST_01918,71,One year,2037.14,3,27,0,1,1
CUST_01919,34,Month-to-month,2863.25,2,20,0,1,1
CUST_01920,63,Month-to-month,2527.41,1,14,0,1,1
CUST_01921,59,Month-to-month,524.91,0,11,0,0,1
CUST_01922,5,Month-to-month,2545.96,0,19,0,1,1
CUST_01923,60,Month-to-month,548.85,0,4,0,1,1
CUST_01924,68,Month-to-month,,2,28,0,0,1
CUST_01925,48,Month-to-month,2376.32,1,9,1,1,0
CUST_01926,32,One year,2967.19,2,8,0,0,0
CUST_01927,12,Month-to-month,2491.37,2,28,0,0,0
CUST_01928,52,Two year,827.98,1,20,0,0,0
CUST_01929,27,Month-to-month,1281.04,1,6,0,0,1
CUST_01930,58,Month-to-month,1957.7,2,26,0,0,1
CUST_01931,59,Month-to-month,484.22,1,9,0,1,0
CUST_01932,3,One year,779.09,0,16,0,1,0
CUST_01933,42,Two year,2955.24,2,0,0,0,0
CUST_01934,11,Month-to-month,1597.56,0,16,1,1,1
CUST_01935,28,Two year,2406.02,1,9,0,1,0
CUST_01936,19,Two year,506.95,4,18,0,0,0
CUST_01937,24,One year,2482.42,0,9,0,0,0
CUST_01938,44,One year,881.85,0,20,0,1,0
CUST_01939,55,Month-to-month,2890.83,2,7,0,0,1
CUST_01940,44,Two year,2258.94,1,9,0,1,1
CUST_01941,1,Month-to-month,1348.64,0,4,0,1,0
CUST_01942,52,Two year,1597.36,2,12,1,1,0
CUST_01943,58,Month-to-month,1981.22,2,9,0,1,0
CUST_01944,22,Two year,2953.24,1,9,0,1,0
CUST_01945,18,Month-to-month,2224.49,0,24,0,1,1
CUST_01946,46,Month-to-month,2188.28,1,1,0,1,0
CUST_01947,58,Two year,1771.23,1,8,1,0,0
CUST_01948,26,Month-to-month,2476.06,0,7,0,0,0
CUST_01949,45,Month-to-month,2520.81,2,10,1,0,0
CUST_01950,45,Two year,2337.75,0,1,0,0,0
CUST_01951,50,Two year,330.19,1,10,0,1,0
CUST_01952,48,Month-to-month,2030.16,4,25,0,0,1
CUST_01953,4,Two year,1782.21,1,8,1,1,1
CUST_01954,35,Month-to-month,2918.47,0,21,0,1,0
CUST_01955,68,Month-to-month,857.2,0,8,0,0,1
CUST_01956,37,One year,416.34,4,13,0,0,0
CUST_01957,8,Two year,2135.85,1,5,0,0,0
CUST_01958,10,Month-to-month,2995.64,2,13,1,0,1
CUST_01959,8,One year,1509.64,1,20,0,1,1
CUST_01960,4,Month-to-month,535.02,2,8,1,1,1
CUST_01961,14,One year,2403.0,1,24,0,1,0
CUST_01962,47,Month-to-month,1321.8,1,8,0,1,0
CUST_01963,57,Two year,503.35,2,20,1,0,0
CUST_01964,59,Month-to-month,2394.68,0,14,1,1,1
CUST_01965,42,Month-to-month,1467.43,3,13,0,1,1
CUST_01966,55,Month-to-month,822.93,3,1,0,1,1
CUST_01967,57,One year,1895.24,1,25,0,0,0
CUST_01968,26,Month-to-month,890.12,4,18,0,0,0
CUST_01969,12,Month-to-month,401.13,4,13,0,0,1
CUST_01970,54,Two year,1473.62,3,7,1,0,0
CUST_01971,34,Month-to-month,2170.45,4,27,0,0,1
CUST_01972,50,Month-to-month,488.26,0,12,0,1,1
CUST_01973,67,Month-to-month,2138.17,2,16,0,0,1
CUST_01974,18,One year,2380.01,1,27,0,1,1
CUST_01975,33,Month-to-month,2176.18,1,29,0,1,1
CUST_01976,49,Month-to-month,1047.69,2,15,0,1,0
CUST_01977,42,Month-to-month,304.48,1,12,0,1,1
CUST_01978,29,One year,1781.05,2,12,0,0,1
CUST_01979,20,One year,1699.47,1,23,0,1,0
CUST_01980,43,Month-to-month,2035.41,2,18,0,1,0
CUST_01981,57,One year,2860.13,1,6,0,1,0
CUST_01982,70,Two year,798.19,1,8,0,0,0
CUST_01983,48,Two year,1473.74,1,13,0,1,0
CUST_01984,55,Month-to-month,2143.08,1,22,0,1,1
CUST_01985,40,Month-to-month,2469.9,1,0,1,1,0
CUST_01986,69,Month-to-month,1121.22,1,24,1,1,1
CUST_01987,50,Month-to-month,702.47,3,5,1,0,1
CUST_01988,41,One year,1293.0,1,7,0,1,0
CUST_01989,5,One year,587.84,0,10,0,0,0
CUST_01990,27,Month-to-month,2650.98,2,25,0,0,1
CUST_01991,23,Two year,2470.2,0,12,0,0,0
CUST_01992,62,Two year,787.14,2,18,0,1,0
CUST_01993,51,Month-to-month,2535.48,1,5,0,1,0
CUST_01994,15,Month-to-month,2420.06,0,3,0,0,0
CUST_01995,36,Month-to-month,2681.93,0,25,0,0,0
CUST_01996,2,Two year,1818.92,0,29,0,1,1
CUST_01997,47,Month-to-month,2029.32,1,23,1,0,1
CUST_01998,63,Month-to-month,2923.32,3,11,1,1,1
CUST_01999,52,Month-to-month,2532.15,3,27,1,0,0
CUST_02000,16,One year,959.02,1,12,0,0,0
CUST_02001,40,Month-to-month,2113.96,1,15,1,0,1
CUST_02002,64,Two year,1234.8,0,3,1,0,0
CUST_02003,22,One year,2170.73,2,23,0,1,0
CUST_02004,41,Month-to-month,421.4,2,6,1,1,0
CUST_02005,61,Month-to-month,1768.49,3,7,0,1,0
CUST_02006,22,Two year,1350.29,1,11,0,0,0
CUST_02007,8,One year,890.65,4,4,0,0,1
CUST_02008,51,Month-to-month,2091.08,2,24,0,0,1
CUST_02009,19,Month-to-month,2880.1,1,12,0,1,1
CUST_02010,32,One year,1418.8,5,8,0,1,1
CUST_02011,20,Two year,982.36,1,6,0,0,0
CUST_02012,22,Month-to-month,1386.92,2,18,0,1,1
CUST_02013,10,One year,376.65,0,22,0,0,0
CUST_02014,50,Month-to-month,2908.77,4,21,0,0,1
CUST_02015,42,Month-to-month,2262.01,4,9,0,1,0
CUST_02016,16,One year,776.52,2,10,0,1,1
CUST_02017,17,Two year,451.03,3,28,0,1,1
CUST_02018,24,Month-to-month,1713.74,1,1,0,0,0
CUST_02019,52,One year,2223.88,4,10,0,1,1
CUST_02020,1,Two year,679.9,3,8,0,0,0
CUST_02021,13,Two year,,1,3,0,0,0
CUST_02022,29,Month-to-month,1091.17,1,0,0,0,0
CUST_02023,15,Month-to-month,1766.76,1,12,1,1,0
CUST_02024,42,Month-to-month,1659.75,4,24,0,1,1
CUST_02025,11,Month-to-month,2480.6,0,28,0,0,0
CUST_02026,39,Two year,1837.22,3,7,0,0,0
CUST_02027,50,Two year,961.85,2,12,1,1,0
CUST_02028,39,Month-to-month,1009.6,2,3,0,0,0
CUST_02029,1,Month-to-month,2606.67,3,15,0,1,1
CUST_02030,16,One year,1626.37,2,4,0,1,0
CUST_02031,69,One year,2991.31,2,27,0,1,1
CUST_02032,68,Month-to-month,2718.2,4,19,0,1,1
CUST_02033,59,One year,1728.22,0,1,0,0,0
CUST_02034,2,Month-to-month,979.89,3,13,0,0,1
CUST_02035,33,Two year,2161.16,1,12,0,0,0
CUST_02036,51,Month-to-month,1907.06,2,26,0,1,1
CUST_02037,67,Month-to-month,1358.25,4,2,0,0,0
CUST_02038,13,Month-to-month,1086.98,2,8,0,0,1
CUST_02039,45,Month-to-month,2189.96,2,3,0,1,0
CUST_02040,4,Two year,865.27,3,15,0,0,0
CUST_02041,17,One year,988.29,1,0,1,1,0
CUST_02042,59,Month-to-month,450.15,2,10,0,0,1
CUST_02043,69,One year,2805.88,1,27,0,1,0
CUST_02044,25,Two year,1572.28,0,29,0,0,1
CUST_02045,1,Month-to-month,1390.53,1,20,1,1,0
CUST_02046,17,Month-to-month,2662.99,0,28,0,1,0
CUST_02047,43,Month-to-month,1004.35,0,7,0,0,1
CUST_02048,66,Two year,1951.72,2,4,0,1,0
CUST_02049,65,Two year,2760.23,1,7,0,0,0
CUST_02050,24,One year,2028.47,1,5,0,0,1
CUST_02051,31,Month-to-month,354.63,3,22,0,1,1
CUST_02052,25,Month-to-month,2698.16,0,18,0,0,1
CUST_02053,5,Month-to-month,743.01,2,28,0,1,1
CUST_02054,58,One year,2361.38,1,6,0,1,0
CUST_02055,36,One year,761.19,2,28,0,1,0
CUST_02056,58,One year,676.77,0,7,0,1,0
CUST_02057,34,Month-to-month,369.18,0,16,0,0,0
CUST_02058,67,Two year,1684.65,1,20,0,0,1
CUST_02059,12,One year,1706.13,3,6,0,0,0
CUST_02060,13,Two year,962.85,2,5,0,1,1
CUST_02061,54,Month-to-month,1918.07,0,3,0,0,1
CUST_02062,44,Month-to-month,2898.25,1,9,0,0,0
CUST_02063,60,Month-to-month,2841.44,1,8,1,0,1
CUST_02064,69,Month-to-month,867.14,7,20,0,1,1
CUST_02065,11,Month-to-month,2323.35,4,2,0,0,1
CUST_02066,3,One year,2355.57,2,19,1,0,1
CUST_02067,22,Month-to-month,702.11,1,5,0,0,0
CUST_02068,28,Month-to-month,1847.34,1,9,0,0,0
CUST_02069,65,Two year,1950.59,0,20,0,1,0
CUST_02070,30,One year,1979.42,1,1,1,1,0
CUST_02071,43,Two year,1956.51,1,26,0,0,0
CUST_02072,64,Month-to-month,1131.84,0,28,0,0,1
CUST_02073,67,Two year,1166.64,2,3,0,1,0
CUST_02074,3,Month-to-month,2614.68,1,29,0,0,1
CUST_02075,14,Month-to-month,2073.27,0,2,0,0,1
CUST_02076,23,Month-to-month,,1,0,0,0,0
CUST_02077,68,Month-to-month,,4,18,0,0,1
CUST_02078,12,One year,2470.89,0,6,0,1,0
CUST_02079,13,Month-to-month,371.57,2,16,0,0,0
CUST_02080,43,Two year,1798.03,4,7,0,0,0
CUST_02081,3,One year,2414.21,1,16,0,1,0
CUST_02082,57,Month-to-month,1937.96,1,23,1,1,0
CUST_02083,70,One year,2928.06,1,21,0,1,1
CUST_02084,17,Month-to-month,407.29,1,14,0,0,1
CUST_02085,2,Month-to-month,2351.76,3,22,0,1,1
CUST_02086,58,Month-to-month,407.97,0,11,0,1,0
CUST_02087,38,Month-to-month,2533.48,0,20,0,1,0
CUST_02088,63,One year,2448.28,0,29,0,1,0
CUST_02089,66,Month-to-month,1646.1,3,21,0,1,1
CUST_02090,14,Month-to-month,2040.52,2,11,0,0,0
CUST_02091,62,Month-to-month,2209.35,2,2,0,1,0
CUST_02092,49,One year,1448.75,1,26,0,1,0
CUST_02093,2,Two year,2084.36,2,10,0,1,1
CUST_02094,68,Month-to-month,1397.71,0,1,0,1,0
CUST_02095,36,Month-to-month,2007.8,1,9,0,0,1
CUST_02096,53,Two year,1222.47,0,11,0,1,0
CUST_02097,9,One year,1836.59,2,11,0,1,1
CUST_02098,3,Month-to-month,2508.24,1,25,0,0,1
CUST_02099,29,Month-to-month,2755.5,1,20,0,1,1
CUST_02100,6,Month-to-month,2175.49,0,5,1,0,0
CUST_02101,62,Month-to-month,1440.52,4,25,0,0,1
CUST_02102,7,One year,,1,22,0,0,1
CUST_02103,13,Month-to-month,2158.87,1,16,1,0,1
CUST_02104,15,One year,864.02,1,22,1,1,0
CUST_02105,24,Month-to-month,1877.86,1,19,0,1,1
CUST_02106,38,One year,2967.75,1,13,1,0,1
CUST_02107,40,One year,1101.5,2,7,1,0,0
CUST_02108,66,One year,2442.17,2,8,0,1,0
CUST_02109,58,Month-to-month,1525.01,1,28,0,1,0
CUST_02110,63,One year,,2,19,0,1,0
CUST_02111,11,Month-to-month,1052.01,1,23,0,0,1
CUST_02112,69,Month-to-month,406.62,2,25,0,0,1
CUST_02113,18,Month-to-month,2238.05,1,0,0,1,1
CUST_02114,55,Month-to-month,1856.9,0,9,0,1,0
CUST_02115,46,Two year,2517.58,1,26,0,1,0
CUST_02116,55,Month-to-month,1979.34,1,5,0,1,0
CUST_02117,11,Month-to-month,2785.16,2,12,0,0,0
CUST_02118,5,Two year,1519.22,1,14,0,1,0
CUST_02119,10,Month-to-month,1576.65,0,1,0,0,0
CUST_02120,28,Month-to-month,1187.35,0,9,1,0,1
CUST_02121,25,Month-to-month,356.72,3,28,0,0,1
CUST_02122,66,Month-to-month,1959.97,2,4,0,1,0
CUST_02123,46,One year,1024.36,0,21,0,1,0
CUST_02124,17,One year,2374.66,4,29,0,1,1
CUST_02125,54,One year,328.6,2,20,0,1,0
CUST_02126,60,Month-to-month,926.35,3,21,1,0,0
CUST_02127,7,Month-to-month,461.04,2,17,0,0,1
CUST_02128,57,One year,647.24,2,0,0,1,0
CUST_02129,53,Month-to-month,1325.94,3,21,0,0,1
CUST_02130,50,One year,643.12,2,19,0,0,0
CUST_02131,7,Month-to-month,1270.69,2,2,0,1,1
CUST_02132,61,Month-to-month,2166.78,0,5,0,0,0
CUST_02133,23,One year,2197.4,1,23,1,0,1
CUST_02134,47,One year,1087.25,2,10,0,1,0
CUST_02135,13,Two year,2797.96,2,1,0,1,0
CUST_02136,45,Two year,804.12,2,12,0,0,0
CUST_02137,28,Month-to-month,1096.46,2,20,0,1,1
CUST_02138,46,Month-to-month,1408.75,2,21,0,1,0
CUST_02139,1,Month-to-month,2518.79,1,10,0,1,1
CUST_02140,47,Month-to-month,2730.77,0,20,1,0,1
CUST_02141,71,Month-to-month,563.06,5,15,1,0,1
CUST_02142,25,Two year,1216.39,0,9,0,0,1
CUST_02143,59,Two year,2447.91,2,20,1,1,1
CUST_02144,37,One year,2098.98,1,6,0,1,0
CUST_02145,19,Two year,1170.87,0,4,0,1,0
CUST_02146,23,Month-to-month,,1,15,0,0,1
CUST_02147,19,Month-to-month,1043.37,1,0,1,1,1
CUST_02148,2,Month-to-month,304.18,2,1,0,1,0
CUST_02149,38,Month-to-month,1076.34,1,15,1,0,1
CUST_02150,42,One year,602.36,2,16,0,0,0
CUST_02151,46,Month-to-month,583.99,4,7,1,1,1
CUST_02152,44,Two year,412.41,1,5,0,0,0
CUST_02153,70,Month-to-month,1491.18,2,28,0,1,1
CUST_02154,71,One year,669.63,1,15,0,1,0
CUST_02155,63,Month-to-month,2876.09,3,21,0,0,1
CUST_02156,54,Two year,1559.57,1,10,0,1,0
CUST_02157,37,One year,1796.34,1,24,0,1,0
CUST_02158,55,Month-to-month,813.62,1,24,0,0,1
CUST_02159,55,Month-to-month,2235.33,1,13,0,0,0
CUST_02160,29,Month-to-month,380.69,4,16,0,1,1
CUST_02161,65,Month-to-month,2953.9,2,24,0,1,1
CUST_02162,4,Month-to-month,2431.44,0,23,0,1,1
CUST_02163,56,Month-to-month,309.34,1,29,0,1,0
CUST_02164,69,Month-to-month,2344.28,2,19,0,1,1
CUST_02165,41,Month-to-month,1558.38,0,26,0,0,1
CUST_02166,23,Two year,1332.75,1,14,0,1,0
CUST_02167,48,Two year,2329.84,3,7,0,0,0
CUST_02168,64,Two year,777.74,2,19,0,1,0
CUST_02169,54,Two year,1141.68,4,19,0,0,1
CUST_02170,20,Two year,2195.31,1,12,0,0,1
CUST_02171,41,Month-to-month,2952.71,1,15,1,0,1
CUST_02172,59,Month-to-month,2422.39,1,23,0,0,0
CUST_02173,7,Month-to-month,2927.81,0,11,1,0,0
CUST_02174,24,Month-to-month,952.75,3,2,1,1,0
CUST_02175,3,Two year,2890.32,2,6,0,0,1
CUST_02176,20,Two year,2985.18,1,17,0,1,0
CUST_02177,54,Two year,2033.61,1,28,0,1,0
CUST_02178,10,Two year,384.2,3,22,0,1,0
CUST_02179,40,One year,2491.01,0,1,0,0,0
CUST_02180,62,Month-to-month,1808.38,2,3,0,1,1
CUST_02181,5,Month-to-month,2533.79,2,19,0,0,1
CUST_02182,53,Month-to-month,722.41,1,18,0,1,1
CUST_02183,41,Month-to-month,1009.27,0,17,0,0,0
CUST_02184,55,One year,750.17,3,10,0,1,0
CUST_02185,40,Month-to-month,2957.04,2,5,0,1,1
CUST_02186,24,One year,679.25,2,3,0,0,0
CUST_02187,3,Two year,2631.09,2,13,0,0,1
CUST_02188,42,Month-to-month,323.79,2,6,0,0,1
CUST_02189,34,Month-to-month,1251.28,1,6,0,0,0
CUST_02190,5,Month-to-month,2649.28,0,29,0,1,0
CUST_02191,34,Two year,1095.84,0,17,0,1,0
CUST_02192,24,One year,2549.73,1,19,0,1,1
CUST_02193,27,Month-to-month,2453.52,4,20,1,0,1
CUST_02194,59,Month-to-month,1497.54,2,19,0,1,0
CUST_02195,12,Month-to-month,2617.6,1,23,0,1,0
CUST_02196,24,Month-to-month,2145.97,0,29,0,1,0
CUST_02197,55,Month-to-month,601.68,0,11,1,0,1
CUST_02198,37,One year,2778.94,1,1,0,0,1
CUST_02199,33,Month-to-month,1348.72,2,19,1,1,0
CUST_02200,30,One year,776.01,0,9,0,1,0
CUST_02201,42,Month-to-month,1255.09,0,9,0,0,1
CUST_02202,61,Month-to-month,2546.33,1,3,0,0,0
CUST_02203,21,Month-to-month,1251.79,1,3,0,0,1
CUST_02204,15,Month-to-month,2289.34,1,3,0,1,1
CUST_02205,40,Two year,1248.75,0,22,0,0,1
CUST_02206,30,One year,2271.19,5,8,1,1,1
CUST_02207,23,Month-to-month,2450.53,2,22,0,0,1
CUST_02208,43,One year,1166.02,0,29,0,1,0
CUST_02209,18,Month-to-month,2553.3,1,23,0,1,0
CUST_02210,67,Month-to-month,1048.28,3,25,0,0,0
CUST_02211,48,Month-to-month,908.34,3,12,0,1,0
CUST_02212,65,Month-to-month,2783.11,0,21,0,0,1
CUST_02213,65,One year,1455.3,1,29,0,1,0
CUST_02214,2,Month-to-month,2337.53,1,23,0,1,1
CUST_02215,53,One year,2859.59,1,25,0,1,0
CUST_02216,13,One year,1972.43,1,19,0,0,1
CUST_02217,29,One year,1062.01,1,0,0,1,0
CUST_02218,39,One year,1144.32,1,0,1,1,0
CUST_02219,31,Month-to-month,2477.75,0,23,1,0,1
CUST_02220,3,Month-to-month,1081.32,1,8,0,1,1
CUST_02221,27,Month-to-month,1160.4,1,1,0,0,0
CUST_02222,9,Month-to-month,1219.03,1,25,1,1,1
CUST_02223,39,One year,2385.76,3,29,0,1,1
CUST_02224,65,Month-to-month,751.17,4,25,0,0,1
CUST_02225,3,Month-to-month,789.73,2,11,0,1,1
CUST_02226,34,Month-to-month,2502.44,2,18,0,1,0
CUST_02227,65,One year,911.87,2,29,1,1,0
CUST_02228,61,Two year,369.38,2,9,0,1,0
CUST_02229,51,Month-to-month,506.44,2,16,1,1,0
CUST_02230,59,Month-to-month,1981.19,1,8,0,0,1
CUST_02231,33,Month-to-month,956.06,0,20,0,0,1
CUST_02232,29,Month-to-month,,3,23,0,0,1
CUST_02233,43,Month-to-month,857.3,0,12,1,0,0
CUST_02234,37,Month-to-month,617.44,2,2,1,1,0
CUST_02235,9,Month-to-month,2580.0,3,11,1,1,1
CUST_02236,70,One year,2306.35,0,16,0,0,1
CUST_02237,27,One year,2611.86,3,0,0,1,1
CUST_02238,12,Month-to-month,2140.0,2,18,0,1,0
CUST_02239,50,Month-to-month,1852.83,1,10,0,1,0
CUST_02240,14,One year,2533.52,3,23,0,0,1
CUST_02241,25,Month-to-month,2547.65,1,11,1,1,1
CUST_02242,4,Month-to-month,925.02,3,10,0,0,0
CUST_02243,22,One year,591.42,1,12,0,0,1
CUST_02244,7,Two year,967.33,1,3,0,1,1
CUST_02245,29,Month-to-month,921.86,3,10,1,0,1
CUST_02246,39,One year,1951.25,2,27,1,0,1
CUST_02247,59,Month-to-month,2276.6,2,7,0,1,0
CUST_02248,1,Month-to-month,696.24,3,3,1,1,1
CUST_02249,52,Month-to-month,1963.78,0,0,0,0,0
CUST_02250,48,One year,2628.16,0,0,0,1,0
CUST_02251,2,Two year,1801.77,1,4,1,1,0
CUST_02252,57,Month-to-month,1415.8,2,4,0,1,1
CUST_02253,56,Month-to-month,,0,3,0,0,0
CUST_02254,35,Month-to-month,559.25,1,8,0,0,0
CUST_02255,48,One year,318.33,1,17,0,0,0
CUST_02256,14,Month-to-month,1154.03,1,26,1,1,1
CUST_02257,68,Month-to-month,1627.42,0,19,0,1,0
CUST_02258,17,Month-to-month,2260.78,2,28,0,1,1
CUST_02259,8,Month-to-month,1268.83,2,25,0,0,1
CUST_02260,27,Two year,2500.46,4,10,0,0,1
CUST_02261,63,One year,1957.02,3,29,0,1,1
CUST_02262,45,Month-to-month,1466.91,0,6,0,1,0
CUST_02263,51,Month-to-month,1372.41,2,0,1,1,0
CUST_02264,22,Month-to-month,1226.66,1,4,0,1,1
CUST_02265,35,Month-to-month,1703.5,1,15,0,0,1
CUST_02266,70,Month-to-month,1888.63,2,27,0,0,0
CUST_02267,2,Month-to-month,2325.39,1,7,0,0,1
CUST_02268,31,Month-to-month,2794.51,1,23,0,1,1
CUST_02269,38,Month-to-month,333.73,2,1,0,0,0
CUST_02270,10,Two year,1108.72,0,26,0,1,0
CUST_02271,54,Two year,1086.22,1,2,0,1,0
CUST_02272,6,One year,2123.17,1,4,0,0,1
CUST_02273,28,Month-to-month,569.52,2,11,0,0,0
CUST_02274,66,One year,2211.18,1,15,0,1,0
CUST_02275,64,Month-to-month,1065.87,0,29,0,0,0
CUST_02276,36,Month-to-month,1787.42,1,26,0,0,1
CUST_02277,23,Month-to-month,2676.86,2,22,0,0,1
CUST_02278,16,One year,1992.29,3,11,0,0,0
CUST_02279,17,Month-to-month,600.23,2,0,0,1,0
CUST_02280,58,Two year,790.63,2,24,0,1,0
CUST_02281,7,Two year,2428.87,0,24,0,0,1
CUST_02282,3,One year,2899.55,1,5,1,0,1
CUST_02283,70,Month-to-month,1329.35,2,11,0,0,1
CUST_02284,65,One year,2528.44,2,11,1,1,0
CUST_02285,41,Month-to-month,2083.56,2,3,1,1,0
CUST_02286,70,Month-to-month,2604.9,1,14,0,1,0
CUST_02287,71,Two year,1287.85,0,26,0,1,0
CUST_02288,67,Month-to-month,1226.22,1,0,0,1,0
CUST_02289,55,One year,1308.18,2,4,1,1,0
CUST_02290,23,Month-to-month,1773.35,3,17,0,0,0
CUST_02291,29,Month-to-month,320.66,2,25,0,0,0
CUST_02292,67,Month-to-month,2933.1,2,14,0,0,0
CUST_02293,70,One year,1546.74,3,24,0,1,0
CUST_02294,63,Month-to-month,424.12,1,17,0,0,1
CUST_02295,12,Two year,1802.08,1,16,0,1,1
CUST_02296,11,One year,1401.18,2,9,0,0,1
CUST_02297,36,Month-to-month,1022.96,0,20,0,0,1
CUST_02298,49,One year,1091.22,4,10,0,1,1
CUST_02299,23,Two year,1995.73,0,29,1,0,1
CUST_02300,7,One year,492.16,2,29,0,0,1
CUST_02301,48,Month-to-month,461.82,2,0,0,1,0
CUST_02302,15,Month-to-month,871.92,1,25,0,0,1
CUST_02303,68,Month-to-month,2795.69,1,29,0,0,0
CUST_02304,71,Month-to-month,1430.7,2,13,1,0,1
CUST_02305,64,Month-to-month,1203.64,2,1,1,1,0
CUST_02306,12,Month-to-month,417.74,3,4,0,1,1
CUST_02307,42,Two year,1118.13,4,19,0,1,0
CUST_02308,63,Month-to-month,1653.59,1,5,0,1,1
CUST_02309,48,Month-to-month,1009.06,0,18,1,0,0
CUST_02310,66,One year,2560.3,4,16,0,0,1
CUST_02311,48,Month-to-month,1461.26,1,6,0,1,0
CUST_02312,60,One year,2164.87,3,21,0,1,0
CUST_02313,29,Two year,1596.03,2,23,1,1,1
CUST_02314,9,Month-to-month,2039.1,0,12,0,0,0
CUST_02315,71,Month-to-month,1529.46,2,22,0,1,0
CUST_02316,30,Two year,390.4,2,14,0,0,0
CUST_02317,16,Two year,435.94,3,0,0,0,1
CUST_02318,43,Month-to-month,,0,17,0,1,0
CUST_02319,9,Month-to-month,1950.11,1,5,0,1,0
CUST_02320,55,Month-to-month,2280.21,1,12,0,1,0
CUST_02321,49,Month-to-month,1578.64,1,11,0,1,0
CUST_02322,33,Two year,1663.87,3,7,1,0,0
CUST_02323,18,Two year,776.85,1,13,0,0,0
CUST_02324,49,Month-to-month,1647.81,1,3,0,1,0
CUST_02325,1,Month-to-month,1017.94,4,5,0,1,0
CUST_02326,7,Two year,329.43,5,11,0,1,0
CUST_02327,2,Month-to-month,2498.72,1,23,0,0,0
CUST_02328,51,Month-to-month,2780.81,1,12,0,0,1
CUST_02329,49,Month-to-month,1599.65,1,18,0,0,0
CUST_02330,22,Month-to-month,2450.76,3,20,0,0,1
CUST_02331,57,One year,1189.28,1,21,0,1,0
CUST_02332,38,Month-to-month,314.76,3,3,0,1,0
CUST_02333,49,Two year,1756.17,1,11,1,1,0
CUST_02334,58,Month-to-month,2078.47,1,21,1,1,0
CUST_02335,22,One year,1630.95,2,27,0,0,1
CUST_02336,67,Month-to-month,2936.02,2,8,1,0,1
CUST_02337,14,Month-to-month,1230.54,1,9,0,1,0
CUST_02338,54,One year,385.82,0,3,0,1,0
CUST_02339,27,Month-to-month,1534.93,2,24,0,1,0
CUST_02340,63,One year,2066.71,1,18,0,0,1
CUST_02341,26,One year,2811.35,2,2,0,0,1
CUST_02342,22,One year,1573.7,2,15,0,1,1
CUST_02343,71,Month-to-month,2840.02,1,25,0,0,0
CUST_02344,9,Two year,1304.11,2,26,0,1,0
CUST_02345,32,One year,693.3,1,11,0,1,0
CUST_02346,70,Month-to-month,2369.27,3,25,0,0,1
CUST_02347,21,Month-to-month,435.06,4,12,0,1,0
CUST_02348,46,One year,2793.39,3,1,1,0,1
CUST_02349,18,One year,1609.74,2,12,0,0,1
CUST_02350,59,Two year,1052.58,2,8,0,1,0
CUST_02351,30,One year,393.24,0,4,1,1,0
CUST_02352,66,Month-to-month,2490.31,3,10,0,0,0
CUST_02353,61,Month-to-month,938.39,1,13,0,1,0
CUST_02354,56,Two year,1106.09,2,3,0,1,0
CUST_02355,14,Month-to-month,330.61,4,25,0,0,1
CUST_02356,53,Two year,2288.99,4,27,0,0,1
CUST_02357,5,Month-to-month,638.58,1,0,0,0,1
CUST_02358,25,One year,2032.07,5,3,0,1,1
CUST_02359,51,One year,1206.09,0,28,1,1,1
CUST_02360,13,Two year,2618.68,0,7,1,1,1
CUST_02361,56,One year,1108.02,2,18,1,1,0
CUST_02362,10,Month-to-month,,2,3,0,0,1
CUST_02363,2,Month-to-month,1341.86,0,21,0,1,1
CUST_02364,58,Month-to-month,499.02,1,26,0,1,0
CUST_02365,12,One year,,4,13,0,0,0
CUST_02366,70,Month-to-month,926.39,1,23,1,1,0
CUST_02367,30,Month-to-month,1676.04,1,11,0,0,1
CUST_02368,57,Month-to-month,477.95,1,18,0,1,0
CUST_02369,6,Month-to-month,503.7,1,12,1,1,1
CUST_02370,36,One year,2024.18,2,20,0,1,0
CUST_02371,24,Two year,2901.32,1,20,1,0,1
CUST_02372,26,Month-to-month,1948.19,2,10,0,0,1
CUST_02373,20,One year,433.13,0,28,0,1,0
CUST_02374,13,One year,729.4,1,24,1,0,0
CUST_02375,52,One year,1869.79,1,16,1,1,0
CUST_02376,29,Two year,735.01,0,24,0,1,0
CUST_02377,12,Month-to-month,1166.12,0,5,0,1,0
CUST_02378,10,Month-to-month,949.92,2,17,0,0,1
CUST_02379,19,Two year,2033.71,1,10,0,1,0
CUST_02380,50,Month-to-month,2237.67,1,8,0,1,0
CUST_02381,57,Month-to-month,1113.48,0,2,0,0,0
CUST_02382,43,Two year,514.92,0,6,0,1,0
CUST_02383,11,Month-to-month,2324.65,1,10,0,0,0
CUST_02384,31,Month-to-month,1448.04,3,10,0,1,0
CUST_02385,11,Month-to-month,917.53,0,10,0,0,0
CUST_02386,34,Month-to-month,759.22,3,27,0,0,1
CUST_02387,38,Month-to-month,915.29,0,8,0,0,0
CUST_02388,50,One year,921.32,1,25,0,0,0
CUST_02389,32,Month-to-month,1768.53,1,27,1,0,1
CUST_02390,41,One year,2608.04,3,21,0,1,0
CUST_02391,17,One year,1782.92,1,16,0,0,1
CUST_02392,32,One year,685.12,0,18,1,1,0
CUST_02393,36,Month-to-month,350.62,2,7,0,1,0
CUST_02394,12,One year,2138.06,0,0,0,0,0
CUST_02395,62,One year,339.9,2,14,0,1,0
CUST_02396,67,Two year,2160.85,2,23,0,0,1
CUST_02397,28,One year,1921.68,2,29,0,0,0
CUST_02398,13,One year,797.72,2,27,1,1,1
CUST_02399,18,Month-to-month,2184.2,3,15,1,1,0
CUST_02400,34,One year,2147.18,1,7,0,1,0
CUST_02401,57,Month-to-month,2581.87,2,17,1,0,1
CUST_02402,64,Month-to-month,1992.74,3,18,0,1,1
CUST_02403,60,Month-to-month,2798.74,1,23,0,1,0
CUST_02404,3,Month-to-month,1124.33,0,21,0,0,1
CUST_02405,36,Month-to-month,2004.45,2,29,0,0,1
CUST_02406,37,One year,564.57,0,1,0,1,0
CUST_02407,33,Month-to-month,2387.85,3,15,0,1,1
CUST_02408,39,One year,799.03,3,27,0,0,0
CUST_02409,47,Month-to-month,543.14,2,18,0,0,0
CUST_02410,34,Month-to-month,1308.77,0,24,0,1,0
CUST_02411,10,Month-to-month,2190.52,2,3,0,1,1
CUST_02412,4,Two year,1163.5,2,25,0,1,1
CUST_02413,1,Month-to-month,1950.87,3,27,0,0,1
CUST_02414,68,Month-to-month,1225.05,2,1,0,0,0
CUST_02415,37,Month-to-month,1633.8,0,0,1,1,1
CUST_02416,68,Month-to-month,2829.65,2,23,0,1,1
CUST_02417,48,Month-to-month,1179.5,0,4,0,0,0
CUST_02418,13,Month-to-month,1301.93,0,9,0,0,0
CUST_02419,62,One year,1817.32,4,13,0,1,1
CUST_02420,40,Month-to-month,975.28,3,20,0,0,0
CUST_02421,46,One year,383.91,0,0,1,1,0
CUST_02422,27,Month-to-month,570.62,1,28,0,1,1
CUST_02423,4,Two year,,0,27,1,1,1
CUST_02424,8,One year,808.78,2,26,1,1,1
CUST_02425,4,Month-to-month,633.52,2,21,1,1,0
CUST_02426,26,Month-to-month,2058.39,0,8,0,1,1
CUST_02427,60,Two year,2925.02,3,6,0,0,1
CUST_02428,54,Month-to-month,2735.49,1,14,1,1,0
CUST_02429,54,Two year,459.92,1,24,0,1,0
CUST_02430,22,Month-to-month,470.87,2,23,1,1,0
CUST_02431,41,Month-to-month,483.54,1,3,1,1,0
CUST_02432,67,Month-to-month,2623.55,0,5,0,1,0
CUST_02433,42,Month-to-month,1895.58,2,10,0,1,0
CUST_02434,52,Month-to-month,1344.39,4,16,0,1,0
CUST_02435,64,Two year,941.86,3,26,1,1,0
CUST_02436,66,Month-to-month,2359.13,0,12,1,1,0
CUST_02437,54,One year,1506.1,1,25,0,1,1
CUST_02438,61,Month-to-month,1833.56,1,11,0,1,0
CUST_02439,57,Month-to-month,776.36,0,13,0,1,0
CUST_02440,53,Month-to-month,1536.36,1,12,0,0,0
CUST_02441,43,Month-to-month,1823.9,0,8,0,1,0
CUST_02442,70,One year,2226.38,1,24,0,1,0
CUST_02443,62,Month-to-month,1367.02,1,18,0,0,1
CUST_02444,41,Month-to-month,459.6,3,4,0,0,1
CUST_02445,41,One year,1022.52,1,13,0,0,0
CUST_02446,8,Month-to-month,1389.95,0,6,0,1,1
CUST_02447,53,One year,2830.17,1,14,0,1,0
CUST_02448,24,Month-to-month,2258.83,3,2,0,1,1
CUST_02449,55,Month-to-month,2666.0,2,21,0,1,1
CUST_02450,27,One year,762.96,2,19,0,1,0
CUST_02451,13,One year,2541.47,2,2,0,1,0
CUST_02452,63,Two year,2616.71,1,15,0,1,0
CUST_02453,3,Month-to-month,929.02,0,29,0,1,1
CUST_02454,49,Month-to-month,2248.82,1,13,1,0,0
CUST_02455,51,Month-to-month,2960.3,2,13,0,0,1
CUST_02456,33,Month-to-month,1880.52,3,18,0,1,0
CUST_02457,32,One year,1460.27,3,17,0,0,0
CUST_02458,23,Month-to-month,359.39,0,26,0,1,0
CUST_02459,68,Two year,2524.4,1,17,1,0,0
CUST_02460,59,Two year,2615.65,3,7,0,0,1
CUST_02461,56,Two year,2812.71,2,2,0,1,0
CUST_02462,29,Month-to-month,2054.8,2,22,0,1,1
CUST_02463,61,Month-to-month,1941.04,3,24,0,1,1
CUST_02464,57,One year,2172.06,1,29,1,0,1
CUST_02465,27,One year,2445.88,2,11,0,0,0
CUST_02466,32,Month-to-month,1986.55,0,22,0,0,0
CUST_02467,56,One year,673.92,0,24,0,0,1
CUST_02468,47,One year,2950.71,2,18,0,0,1
CUST_02469,53,Two year,2064.32,2,14,0,1,0
CUST_02470,65,One year,904.95,2,18,0,0,1
CUST_02471,34,One year,1815.18,0,2,0,0,1
CUST_02472,46,One year,1412.6,1,5,0,1,0
CUST_02473,62,Month-to-month,1645.42,0,5,0,1,1
CUST_02474,63,Month-to-month,547.49,1,17,1,0,0
CUST_02475,61,Month-to-month,1239.92,0,24,1,0,0
CUST_02476,36,Two year,2007.23,3,26,0,0,1
CUST_02477,42,One year,2405.43,4,17,1,1,0
CUST_02478,14,Month-to-month,2625.4,0,23,0,0,0
CUST_02479,40,One year,2082.79,0,12,0,1,0
CUST_02480,12,One year,1287.51,3,12,1,1,1
CUST_02481,32,One year,727.23,2,10,0,0,0
CUST_02482,9,Month-to-month,1668.9,2,9,0,1,1
CUST_02483,10,Month-to-month,1328.69,1,8,1,0,1
CUST_02484,23,Month-to-month,575.52,1,15,0,0,0
CUST_02485,45,Two year,1295.69,3,26,1,0,0
CUST_02486,4,Month-to-month,2304.0,1,27,0,0,1
CUST_02487,15,Month-to-month,577.38,1,18,0,0,0
CUST_02488,12,Two year,2105.18,3,1,0,1,0
CUST_02489,28,Month-to-month,954.92,2,28,0,0,0
CUST_02490,28,Two year,2768.97,1,20,0,0,0
CUST_02491,69,One year,1090.19,2,26,0,0,0
CUST_02492,59,Month-to-month,1859.6,2,10,0,0,0
CUST_02493,23,One year,1061.79,0,18,0,1,1
CUST_02494,33,Month-to-month,2882.13,1,15,0,0,1
CUST_02495,13,One year,2275.04,0,21,0,1,1
CUST_02496,67,Month-to-month,990.23,1,15,1,0,1
CUST_02497,19,Month-to-month,2644.98,1,1,1,0,1
CUST_02498,26,Two year,1587.43,5,17,0,1,0
CUST_02499,10,Month-to-month,1816.86,2,2,0,0,0
CUST_02500,68,Month-to-month,925.99,1,19,0,1,1
CUST_02501,44,One year,2173.98,1,4,0,1,0
CUST_02502,68,Month-to-month,2124.97,4,13,0,0,1
CUST_02503,62,Month-to-month,967.39,0,17,1,1,0
CUST_02504,62,One year,333.2,2,29,0,1,0
CUST_02505,10,One year,537.42,1,2,0,0,0
CUST_02506,44,One year,1511.26,1,11,1,0,0
CUST_02507,8,Month-to-month,603.97,2,8,0,0,1
CUST_02508,17,One year,2972.08,3,27,0,1,1
CUST_02509,34,Month-to-month,2681.84,2,15,0,1,0
CUST_02510,37,Two year,1952.37,4,1,0,1,1
CUST_02511,50,Two year,1980.93,3,20,0,0,0
CUST_02512,42,Month-to-month,2612.46,1,6,0,1,0
CUST_02513,63,One year,513.0,3,4,1,0,0
CUST_02514,34,Month-to-month,2358.45,1,27,1,1,1
CUST_02515,25,Month-to-month,2325.68,1,2,0,1,1
CUST_02516,63,Two year,948.86,0,5,0,1,0
CUST_02517,64,Month-to-month,405.87,0,5,1,1,0
CUST_02518,30,Month-to-month,1983.88,7,9,0,1,1
CUST_02519,20,Month-to-month,1070.57,0,5,1,1,0
CUST_02520,3,Two year,1682.86,0,24,1,0,0
CUST_02521,20,Month-to-month,2258.41,0,23,0,1,1
CUST_02522,3,Month-to-month,1438.73,0,27,1,0,0
CUST_02523,47,Month-to-month,643.63,5,25,0,1,1
CUST_02524,34,Month-to-month,2701.16,3,27,0,1,1
CUST_02525,68,Month-to-month,1103.01,2,1,0,1,1
CUST_02526,70,One year,2081.84,2,12,0,0,1
CUST_02527,63,Month-to-month,2571.69,3,5,1,1,0
CUST_02528,40,Two year,1386.63,0,26,0,0,0
CUST_02529,39,One year,1890.44,2,6,1,1,1
CUST_02530,30,Month-to-month,2095.76,0,9,0,1,1
CUST_02531,22,Month-to-month,2080.62,2,1,0,1,1
CUST_02532,44,Month-to-month,2360.36,0,27,0,0,0
CUST_02533,34,Month-to-month,1104.3,1,5,1,1,1
CUST_02534,61,One year,2823.3,2,14,0,0,1
CUST_02535,32,One year,2603.2,3,28,0,1,1
CUST_02536,25,One year,593.4,1,9,0,0,0
CUST_02537,33,Month-to-month,1727.55,3,10,0,1,1
CUST_02538,57,Month-to-month,1896.66,3,26,0,1,1
CUST_02539,21,Month-to-month,646.75,4,17,0,0,1
CUST_02540,5,One year,2627.53,0,6,0,1,0
CUST_02541,51,One year,2689.09,1,17,0,1,0
CUST_02542,28,Month-to-month,678.26,3,13,0,1,1
CUST_02543,25,Month-to-month,2056.56,0,18,1,1,1
CUST_02544,28,Month-to-month,1001.9,2,20,0,1,0
CUST_02545,41,Month-to-month,1096.22,1,2,0,1,1
CUST_02546,35,Two year,395.18,2,6,1,0,0
CUST_02547,1,Month-to-month,1355.9,0,12,1,1,1
CUST_02548,38,Two year,1059.04,0,19,0,1,0
CUST_02549,61,Two year,2608.42,0,4,0,0,0
CUST_02550,22,Month-to-month,766.81,1,12,0,1,0
CUST_02551,66,Month-to-month,722.09,1,0,0,1,1
CUST_02552,11,Month-to-month,500.69,0,20,0,1,0
CUST_02553,52,Month-to-month,1455.17,3,0,0,0,1
CUST_02554,65,Month-to-month,1853.29,1,2,0,1,0
CUST_02555,60,Month-to-month,1097.81,2,6,0,1,0
CUST_02556,45,Month-to-month,1241.91,2,4,0,0,0
CUST_02557,22,Month-to-month,397.77,2,7,0,1,0
CUST_02558,6,Month-to-month,2719.11,2,27,0,1,1
CUST_02559,47,Two year,2781.24,1,19,0,1,1
CUST_02560,47,Two year,2601.18,1,21,0,0,0
CUST_02561,17,Month-to-month,966.36,0,23,0,0,1
CUST_02562,7,Month-to-month,1694.11,1,14,0,1,1
CUST_02563,59,Month-to-month,2189.35,2,2,0,1,0
CUST_02564,31,Month-to-month,2412.41,1,20,0,0,1
CUST_02565,34,One year,431.8,3,29,0,0,1
CUST_02566,6,Month-to-month,1743.1,1,17,0,0,1
CUST_02567,71,Month-to-month,1991.13,0,12,0,0,0
CUST_02568,70,Month-to-month,1290.12,1,29,0,0,0
CUST_02569,65,Month-to-month,1117.24,6,8,0,1,0
CUST_02570,30,One year,2013.25,0,21,0,0,1
CUST_02571,14,Two year,2019.31,2,7,0,0,0
CUST_02572,46,Month-to-month,926.23,2,18,0,0,0
CUST_02573,63,One year,1986.57,3,2,0,1,0
CUST_02574,49,One year,2797.29,2,19,0,1,1
CUST_02575,30,Month-to-month,1867.1,2,13,0,0,1
CUST_02576,2,Month-to-month,1800.76,1,11,1,1,1
CUST_02577,21,One year,1991.55,3,7,0,0,0
CUST_02578,69,Month-to-month,1064.58,1,2,0,0,0
CUST_02579,23,Month-to-month,2661.64,0,29,0,1,1
CUST_02580,12,One year,1586.9,2,16,1,1,1
CUST_02581,41,Two year,2593.93,2,1,0,1,0
CUST_02582,3,Month-to-month,1026.22,0,8,0,1,0
CUST_02583,47,One year,2824.88,0,28,0,1,0
CUST_02584,33,One year,2476.52,0,29,0,0,1
CUST_02585,61,Two year,2359.84,1,22,0,1,0
CUST_02586,36,Month-to-month,300.46,1,18,1,0,0
CUST_02587,2,One year,1799.55,6,9,0,1,1
CUST_02588,66,Two year,604.43,0,2,0,1,0
CUST_02589,1,Two year,2212.21,1,2,0,1,0
CUST_02590,43,Month-to-month,2823.25,3,9,0,1,1
CUST_02591,18,Month-to-month,2520.36,1,3,0,0,1
CUST_02592,60,Month-to-month,2409.21,2,0,1,1,0
CUST_02593,54,One year,1549.94,1,10,0,1,0
CUST_02594,26,Two year,1695.13,1,6,1,0,0
CUST_02595,8,Month-to-month,1576.97,0,10,0,1,0
CUST_02596,37,One year,2228.18,0,27,0,1,0
CUST_02597,33,Month-to-month,1617.23,0,26,0,0,0
CUST_02598,37,Month-to-month,1438.41,3,1,0,1,1
CUST_02599,33,Month-to-month,1728.98,4,29,0,0,0
CUST_02600,21,Month-to-month,1562.47,2,6,0,1,0
CUST_02601,21,One year,594.57,2,2,0,0,0
CUST_02602,38,Month-to-month,730.38,0,7,0,1,0
CUST_02603,28,Month-to-month,479.54,0,24,0,0,1
CUST_02604,5,Month-to-month,2033.11,2,13,0,1,1
CUST_02605,45,Month-to-month,1746.85,0,24,0,0,1
CUST_02606,42,One year,2414.05,2,2,0,1,0
CUST_02607,11,Month-to-month,1914.82,1,0,0,1,1
CUST_02608,3,One year,2197.46,2,21,1,1,0
CUST_02609,58,One year,1809.31,2,5,1,1,0
CUST_02610,13,Two year,2898.18,1,29,0,0,1
CUST_02611,2,Two year,1667.39,2,23,0,0,0
CUST_02612,65,Two year,2858.48,2,17,0,1,0
CUST_02613,63,Month-to-month,1927.41,2,17,0,1,1
CUST_02614,56,One year,693.86,4,6,0,1,1
CUST_02615,63,Month-to-month,1700.53,0,1,0,0,0
CUST_02616,22,Two year,1195.65,2,14,0,0,0
CUST_02617,66,Month-to-month,1324.49,0,5,0,0,0
CUST_02618,47,One year,516.22,4,28,0,1,0
CUST_02619,30,Month-to-month,2134.88,2,27,0,0,1
CUST_02620,22,Month-to-month,485.84,2,27,0,1,1
CUST_02621,6,Month-to-month,2278.08,0,11,0,1,0
CUST_02622,13,Two year,2717.75,1,13,1,0,0
CUST_02623,55,Month-to-month,2808.91,2,7,0,1,0
CUST_02624,27,Month-to-month,803.06,1,27,0,1,0
CUST_02625,16,Month-to-month,1339.02,1,12,1,0,0
CUST_02626,3,Month-to-month,1839.09,1,22,0,1,0
CUST_02627,3,Month-to-month,1415.22,1,25,0,0,0
CUST_02628,32,One year,585.25,0,6,1,1,0
CUST_02629,17,Two year,1217.89,1,7,0,0,1
CUST_02630,10,Two year,1606.55,1,6,0,0,1
CUST_02631,2,One year,1579.21,1,20,0,0,0
CUST_02632,38,Two year,475.74,1,20,0,1,0
CUST_02633,33,Month-to-month,2056.71,3,18,0,1,0
CUST_02634,42,Month-to-month,1212.13,1,13,1,1,0
CUST_02635,10,One year,2333.01,2,24,0,1,1
CUST_02636,56,Month-to-month,,5,27,0,0,1
CUST_02637,44,Two year,2104.36,2,9,0,0,0
CUST_02638,69,Month-to-month,2928.5,2,6,1,0,1
CUST_02639,45,One year,2034.15,1,23,1,1,1
CUST_02640,49,Month-to-month,2004.55,2,17,0,0,1
CUST_02641,13,Month-to-month,1902.17,1,5,0,1,0
CUST_02642,56,Month-to-month,2958.85,2,3,1,0,0
CUST_02643,21,Month-to-month,843.5,0,9,0,0,0
CUST_02644,56,Two year,1331.94,3,22,1,0,0
CUST_02645,19,One year,1408.18,1,7,0,0,0
CUST_02646,59,One year,415.94,1,2,0,0,0
CUST_02647,4,Two year,1405.66,2,15,0,1,1
CUST_02648,48,Month-to-month,2079.06,1,19,0,0,1
CUST_02649,48,Month-to-month,2903.4,1,27,0,1,0
CUST_02650,45,Month-to-month,1635.94,2,27,1,0,1
CUST_02651,28,One year,2276.33,2,14,0,1,0
CUST_02652,64,Month-to-month,1853.12,3,8,0,0,1
CUST_02653,66,Month-to-month,966.93,1,14,0,1,0
CUST_02654,50,Month-to-month,,3,24,0,1,0
CUST_02655,22,One year,954.78,2,11,0,1,0
CUST_02656,63,Month-to-month,2221.44,1,20,0,0,1
CUST_02657,11,Month-to-month,2082.84,2,20,0,0,1
CUST_02658,54,Month-to-month,1123.83,0,29,0,1,1
CUST_02659,59,Two year,1160.35,0,18,0,1,0
CUST_02660,9,Month-to-month,1827.3,2,14,0,1,1
CUST_02661,16,Month-to-month,1891.56,2,2,0,0,1
CUST_02662,58,Month-to-month,2162.94,1,24,0,0,1
CUST_02663,46,Two year,867.36,1,7,0,0,0
CUST_02664,57,One year,1307.77,1,8,0,1,0
CUST_02665,45,Two year,776.01,5,14,0,0,0
CUST_02666,29,Month-to-month,882.69,2,4,0,0,1
CUST_02667,52,One year,2193.56,3,14,0,0,0
CUST_02668,43,One year,2240.52,2,23,0,1,0
CUST_02669,65,Two year,2638.89,2,24,0,0,1
CUST_02670,28,One year,672.12,1,7,1,0,1
CUST_02671,67,One year,2817.43,2,18,0,0,1
CUST_02672,71,Two year,2710.19,2,23,0,0,0
CUST_02673,44,Month-to-month,722.45,0,3,0,1,0
CUST_02674,29,Month-to-month,2542.29,0,17,1,0,0
CUST_02675,48,Two year,1953.75,1,7,0,0,0
CUST_02676,49,Month-to-month,2197.34,1,3,1,0,1
CUST_02677,35,Month-to-month,347.35,2,14,0,0,0
CUST_02678,34,Month-to-month,396.72,3,15,0,1,1
CUST_02679,14,One year,1441.17,1,29,0,0,0
CUST_02680,44,Month-to-month,973.93,1,8,1,0,0
CUST_02681,35,Month-to-month,937.57,1,12,0,1,1
CUST_02682,10,One year,1572.47,0,8,0,0,0
CUST_02683,66,Month-to-month,2792.02,2,12,1,1,0
CUST_02684,10,One year,1961.93,0,29,0,0,1
CUST_02685,69,Two year,2842.58,2,25,0,0,1
CUST_02686,21,Month-to-month,531.96,0,18,0,1,0
CUST_02687,10,One year,2834.92,0,21,0,1,0
CUST_02688,21,Two year,994.33,2,18,0,1,1
CUST_02689,63,Two year,2054.26,0,24,1,0,0
CUST_02690,48,Month-to-month,2721.88,0,6,0,0,1
CUST_02691,40,Month-to-month,2958.36,2,13,0,1,1
CUST_02692,27,Two year,2604.84,0,21,0,0,0
CUST_02693,53,Month-to-month,2100.15,4,15,0,1,1
CUST_02694,56,One year,962.9,1,27,0,1,1
CUST_02695,20,One year,1391.43,1,7,0,0,0
CUST_02696,27,One year,2179.87,3,9,0,0,0
CUST_02697,68,One year,1885.09,1,14,0,1,0
CUST_02698,53,Month-to-month,1511.04,0,19,1,1,0
CUST_02699,20,Month-to-month,1330.43,0,21,0,1,0
CUST_02700,35,Month-to-month,405.78,0,5,0,0,1
CUST_02701,22,Month-to-month,2737.63,2,12,0,1,1
CUST_02702,25,Month-to-month,597.61,0,22,0,0,0
CUST_02703,33,Month-to-month,801.67,3,3,0,1,1
CUST_02704,11,Month-to-month,333.34,2,7,0,0,1
CUST_02705,71,One year,673.54,0,10,1,0,0
CUST_02706,29,Month-to-month,1304.61,2,11,0,0,1
CUST_02707,16,Month-to-month,2954.97,2,7,0,1,1
CUST_02708,27,Two year,2727.15,1,28,1,0,1
CUST_02709,24,One year,1536.67,3,10,0,0,1
CUST_02710,4,Month-to-month,994.65,2,7,0,1,1
CUST_02711,38,Month-to-month,1718.07,2,21,0,1,1
CUST_02712,45,Month-to-month,803.83,1,1,1,1,0
CUST_02713,54,Two year,1505.14,0,10,1,1,1
CUST_02714,7,One year,2604.93,1,0,0,1,0
CUST_02715,66,One year,1920.24,4,27,0,0,1
CUST_02716,20,Month-to-month,2399.8,0,20,1,1,1
CUST_02717,27,Month-to-month,1699.85,0,4,0,0,0
CUST_02718,23,Month-to-month,1966.88,0,18,0,0,0
CUST_02719,14,Month-to-month,908.4,2,9,0,1,1
CUST_02720,60,Month-to-month,1032.79,0,24,0,1,0
CUST_02721,70,One year,670.23,2,10,0,0,0
CUST_02722,26,One year,1215.77,1,29,0,0,1
CUST_02723,51,Month-to-month,2688.65,1,1,0,0,0
CUST_02724,1,One year,2731.92,0,11,0,0,1
CUST_02725,50,Month-to-month,2181.88,2,26,0,1,0
CUST_02726,36,Month-to-month,1159.95,1,10,0,0,0
CUST_02727,37,One year,400.16,1,29,0,1,0
CUST_02728,16,Month-to-month,1529.65,1,2,1,0,1
CUST_02729,5,One year,2936.81,1,3,0,1,0
CUST_02730,11,One year,2761.47,3,19,0,1,0
CUST_02731,51,Month-to-month,2711.66,3,0,0,0,1
CUST_02732,65,Month-to-month,877.13,4,5,0,1,0
CUST_02733,47,Month-to-month,674.89,3,27,0,1,0
CUST_02734,7,Month-to-month,682.63,2,27,0,0,1
CUST_02735,27,Month-to-month,1910.77,1,28,0,0,1
CUST_02736,15,Month-to-month,1347.58,2,22,0,0,0
CUST_02737,58,Month-to-month,824.76,1,24,0,1,0
CUST_02738,8,Month-to-month,2011.99,1,17,1,1,0
CUST_02739,24,Month-to-month,2665.19,1,5,0,0,1
CUST_02740,17,Two year,2368.5,0,0,0,0,0
CUST_02741,12,Two year,333.54,2,16,0,0,0
CUST_02742,3,Month-to-month,2927.88,3,7,0,1,1
CUST_02743,51,Month-to-month,1917.14,1,6,0,1,1
CUST_02744,36,One year,1764.38,2,14,1,0,0
CUST_02745,41,Month-to-month,1145.38,1,3,0,1,0
CUST_02746,55,Two year,383.93,3,16,1,1,0
CUST_02747,8,Two year,2544.47,2,5,1,0,0
CUST_02748,32,Month-to-month,575.26,4,18,0,1,0
CUST_02749,61,Two year,2302.7,1,20,0,1,0
CUST_02750,46,Month-to-month,2205.35,3,27,0,0,1
CUST_02751,36,Month-to-month,2392.68,5,1,1,0,0
CUST_02752,59,Month-to-month,2630.0,1,6,0,1,0
CUST_02753,10,One year,1435.26,3,14,0,1,1
CUST_02754,44,Month-to-month,1679.65,1,27,0,1,0
CUST_02755,62,Month-to-month,541.78,3,12,0,1,1
CUST_02756,11,Month-to-month,2932.49,2,18,0,0,1
CUST_02757,45,Month-to-month,2393.06,0,8,0,1,0
CUST_02758,58,Month-to-month,841.2,3,11,0,1,1
CUST_02759,50,Two year,1982.46,1,28,0,0,0
CUST_02760,70,One year,2223.53,4,12,0,1,1
CUST_02761,59,Month-to-month,2595.34,1,6,0,1,0
CUST_02762,71,Month-to-month,555.44,2,15,0,1,0
CUST_02763,49,Month-to-month,1360.05,1,21,0,1,0
CUST_02764,16,One year,664.8,2,24,1,0,0
CUST_02765,62,Month-to-month,2401.25,0,20,0,1,0
CUST_02766,61,Month-to-month,2275.73,1,22,1,0,1
CUST_02767,40,Month-to-month,1380.65,1,17,0,1,0
CUST_02768,18,Month-to-month,908.44,4,4,0,1,1
CUST_02769,33,Month-to-month,2790.57,5,4,0,1,0
CUST_02770,21,One year,856.35,2,27,0,1,1
CUST_02771,14,Month-to-month,420.74,2,24,0,1,1
CUST_02772,29,One year,2209.76,2,4,0,1,0
CUST_02773,20,One year,2191.85,2,2,0,1,0
CUST_02774,48,One year,2694.5,3,26,0,0,0
CUST_02775,55,Month-to-month,1860.84,2,28,0,0,0
CUST_02776,26,Month-to-month,1869.72,2,21,1,0,1
CUST_02777,57,Two year,1391.84,2,22,0,1,0
CUST_02778,20,Two year,2371.78,2,21,0,0,1
CUST_02779,46,Two year,,0,29,0,0,0
CUST_02780,24,Month-to-month,2795.44,0,4,0,1,0
CUST_02781,41,Two year,2521.05,2,24,0,1,1
CUST_02782,3,One year,493.52,1,12,0,1,0
CUST_02783,49,Month-to-month,2439.7,1,11,0,1,1
CUST_02784,42,Month-to-month,2717.08,1,18,0,1,1
CUST_02785,18,Month-to-month,1883.7,2,29,0,0,1
CUST_02786,46,Two year,2448.24,1,29,0,0,0
CUST_02787,48,Month-to-month,1984.38,0,27,1,0,1
CUST_02788,32,Month-to-month,1364.64,2,5,0,1,0
CUST_02789,68,Two year,1298.95,3,29,0,1,1
CUST_02790,69,Two year,1776.28,2,5,0,1,0
CUST_02791,50,Two year,1828.23,2,3,0,0,0
CUST_02792,55,One year,489.86,1,19,0,1,0
CUST_02793,34,Month-to-month,483.24,2,2,0,1,0
CUST_02794,25,Month-to-month,1341.29,1,9,0,0,0
CUST_02795,51,Month-to-month,669.99,2,0,0,0,1
CUST_02796,42,Month-to-month,333.08,0,19,0,1,0
CUST_02797,40,Month-to-month,1426.25,0,19,1,1,0
CUST_02798,37,Month-to-month,531.2,2,24,0,0,1
CUST_02799,6,One year,2661.77,2,4,1,1,0
CUST_02800,14,Two year,1496.56,2,23,0,1,1
CUST_02801,52,Month-to-month,2842.96,1,4,0,0,1
CUST_02802,27,Month-to-month,1873.59,1,10,0,0,0
CUST_02803,65,One year,2404.24,1,19,0,0,0
CUST_02804,48,Month-to-month,550.34,2,6,0,1,1
CUST_02805,63,Two year,870.76,4,21,1,0,0
CUST_02806,26,Month-to-month,2672.72,3,16,0,0,1
CUST_02807,59,Month-to-month,2250.8,2,20,0,1,0
CUST_02808,12,One year,2500.42,2,4,0,0,1
CUST_02809,49,Month-to-month,2018.44,3,22,0,0,0
CUST_02810,27,Month-to-month,1546.49,0,11,0,0,0
CUST_02811,23,One year,752.58,0,2,1,0,0
CUST_02812,15,Two year,2234.73,1,21,0,0,1
CUST_02813,55,Month-to-month,,0,27,0,0,1
CUST_02814,23,One year,1280.51,0,9,0,0,0
CUST_02815,3,Month-to-month,783.36,0,7,0,1,1
CUST_02816,5,Two year,2068.45,0,6,0,1,0
CUST_02817,16,Two year,1905.23,1,14,0,0,0
CUST_02818,38,Month-to-month,2196.6,1,24,0,0,1
CUST_02819,23,Month-to-month,2344.23,1,28,1,1,1
CUST_02820,30,Month-to-month,558.55,1,8,0,1,0
CUST_02821,10,Month-to-month,2042.87,1,21,1,1,0
CUST_02822,20,One year,1443.13,0,24,1,0,1
CUST_02823,43,One year,1003.36,2,1,0,1,0
CUST_02824,48,Two year,868.95,1,13,0,0,1
CUST_02825,13,Month-to-month,1790.71,0,21,0,1,0
CUST_02826,64,One year,1340.29,1,16,1,0,0
CUST_02827,45,Month-to-month,1971.24,3,24,0,1,0
CUST_02828,28,Month-to-month,1022.74,3,15,0,1,0
CUST_02829,25,Month-to-month,1671.16,0,8,0,1,0
CUST_02830,23,Month-to-month,2795.44,4,19,0,1,1
CUST_02831,48,Two year,1159.64,3,1,0,1,1
CUST_02832,53,Two year,1958.99,1,6,0,1,0
CUST_02833,59,One year,1332.24,2,23,0,1,0
CUST_02834,55,One year,1656.01,1,4,1,1,0
CUST_02835,14,One year,747.17,2,29,0,0,0
CUST_02836,20,One year,2357.15,2,15,0,0,1
CUST_02837,36,Month-to-month,1812.71,0,4,0,1,0
CUST_02838,29,Month-to-month,1594.83,3,26,0,0,1
CUST_02839,21,Month-to-month,753.48,0,1,0,0,1
CUST_02840,9,One year,2036.86,1,11,1,0,1
CUST_02841,28,Month-to-month,898.3,2,17,0,1,1
CUST_02842,56,Month-to-month,2014.52,2,22,0,0,0
CUST_02843,69,Two year,1701.2,2,7,1,0,0
CUST_02844,38,One year,955.29,2,22,0,0,0
CUST_02845,34,Month-to-month,2849.02,3,13,0,0,1
CUST_02846,63,Two year,2376.41,1,13,0,1,0
CUST_02847,66,Month-to-month,2708.74,0,16,1,0,0
CUST_02848,32,Month-to-month,2279.7,0,10,0,1,0
CUST_02849,60,Month-to-month,762.07,1,5,0,0,0
CUST_02850,23,Two year,621.06,3,25,1,1,1
CUST_02851,3,Two year,523.3,3,24,0,1,1
CUST_02852,64,Two year,329.7,2,12,0,1,1
CUST_02853,40,One year,2634.47,1,22,0,1,0
CUST_02854,1,One year,,2,0,0,0,0
CUST_02855,5,Month-to-month,1612.98,1,4,1,0,1
CUST_02856,31,Month-to-month,869.52,0,16,0,0,1
CUST_02857,21,Two year,1539.79,2,10,0,0,0
CUST_02858,39,Month-to-month,1922.65,0,9,0,1,0
CUST_02859,11,Month-to-month,441.84,1,22,0,0,1
CUST_02860,29,Month-to-month,2735.03,0,18,0,1,1
CUST_02861,19,One year,2461.8,0,16,1,0,1
CUST_02862,53,Two year,2647.54,2,12,0,0,0
CUST_02863,6,One year,2117.5,2,15,0,1,1
CUST_02864,56,Two year,988.83,2,10,0,0,0
CUST_02865,43,Month-to-month,1348.07,1,11,0,1,1
CUST_02866,52,One year,887.8,4,21,0,0,0
CUST_02867,16,One year,2354.43,1,18,0,0,0
CUST_02868,24,Month-to-month,2523.12,4,7,1,0,1
CUST_02869,69,One year,1119.3,1,13,0,0,1
CUST_02870,37,Month-to-month,1752.13,1,11,0,1,1
CUST_02871,50,Month-to-month,1621.55,2,23,1,0,1
CUST_02872,13,Month-to-month,1879.45,0,26,0,0,1
CUST_02873,36,Two year,300.85,2,19,0,1,0
CUST_02874,5,One year,1827.84,3,8,0,1,0
CUST_02875,47,Month-to-month,1775.02,0,7,0,0,0
CUST_02876,4,Two year,1718.21,2,12,0,1,1
CUST_02877,39,Month-to-month,2142.66,7,15,0,1,1
CUST_02878,56,Month-to-month,745.61,2,14,1,1,0
CUST_02879,4,One year,2332.72,2,18,0,1,1
CUST_02880,39,Two year,1677.38,1,24,0,1,0
CUST_02881,40,Two year,2740.34,3,23,1,0,1
CUST_02882,38,Month-to-month,403.11,0,15,0,1,0
CUST_02883,54,Month-to-month,362.99,0,13,0,0,0
CUST_02884,49,Month-to-month,2850.49,1,8,1,1,0
CUST_02885,32,Month-to-month,,2,22,0,1,1
CUST_02886,49,Month-to-month,,3,29,0,1,1
CUST_02887,59,Month-to-month,1022.18,3,8,0,0,0
CUST_02888,46,One year,377.84,1,0,0,1,1
CUST_02889,68,Two year,382.43,2,23,1,0,0
CUST_02890,35,Month-to-month,2769.93,0,21,0,0,0
CUST_02891,71,Two year,572.87,1,0,0,0,0
CUST_02892,55,One year,1426.42,1,18,0,1,1
CUST_02893,45,Two year,1143.95,1,25,0,1,0
CUST_02894,12,One year,2299.37,3,8,1,1,1
CUST_02895,48,Month-to-month,1516.02,2,21,0,1,1
CUST_02896,46,One year,1927.4,2,7,1,0,0
CUST_02897,12,Two year,320.53,1,14,0,1,0
CUST_02898,24,One year,415.83,0,21,1,0,0
CUST_02899,27,Month-to-month,2193.77,0,17,0,1,1
CUST_02900,9,One year,2120.3,2,15,1,1,0
CUST_02901,38,Month-to-month,2795.9,1,8,0,0,0
CUST_02902,50,Month-to-month,2163.23,2,6,0,0,1
CUST_02903,13,Month-to-month,1359.26,1,16,1,1,0
CUST_02904,63,Month-to-month,1899.47,1,10,0,1,1
CUST_02905,43,One year,1626.1,1,16,1,0,1
CUST_02906,10,One year,820.38,1,19,0,0,1
CUST_02907,33,Month-to-month,440.59,0,8,0,1,0
CUST_02908,7,Two year,1926.38,1,23,0,1,0
CUST_02909,63,One year,1838.23,0,3,0,1,0
CUST_02910,38,Month-to-month,1985.86,1,28,0,0,1
CUST_02911,13,One year,,0,7,0,0,1
CUST_02912,33,Month-to-month,321.76,3,0,0,0,1
CUST_02913,58,Two year,1967.25,0,7,0,0,0
CUST_02914,6,Two year,725.45,2,23,1,0,1
CUST_02915,70,Two year,2633.59,2,16,1,0,0
CUST_02916,18,Two year,674.83,2,24,0,0,0
CUST_02917,35,Month-to-month,2761.44,0,17,0,0,0
CUST_02918,38,Two year,873.36,1,25,0,0,0
CUST_02919,69,Month-to-month,995.24,3,2,1,1,0
CUST_02920,11,Month-to-month,2651.42,1,10,0,1,1
CUST_02921,55,Month-to-month,530.14,1,18,0,0,0
CUST_02922,41,One year,510.87,4,4,0,0,0
CUST_02923,52,Two year,2668.25,0,14,0,0,0
CUST_02924,6,Month-to-month,1372.8,1,8,0,1,0
CUST_02925,51,One year,854.93,1,17,0,0,0
CUST_02926,47,Two year,,1,17,1,1,0
CUST_02927,23,Month-to-month,441.18,1,29,0,1,1
CUST_02928,45,Month-to-month,1087.78,5,8,0,1,0
CUST_02929,6,One year,2352.01,2,28,1,1,1
CUST_02930,54,One year,1115.3,5,9,1,0,0
CUST_02931,18,Month-to-month,981.3,4,6,0,1,1
CUST_02932,65,Month-to-month,600.08,1,2,0,0,1
CUST_02933,56,One year,1538.94,3,14,0,0,0
CUST_02934,67,One year,1938.31,3,23,0,0,1
CUST_02935,9,Two year,2267.64,0,7,0,0,0
CUST_02936,56,Month-to-month,654.02,0,26,0,1,0
CUST_02937,14,Month-to-month,1953.75,2,25,0,1,0
CUST_02938,42,One year,1981.09,2,10,0,0,0
CUST_02939,57,Two year,2861.87,4,16,1,1,0
CUST_02940,50,Month-to-month,970.82,0,10,0,1,0
CUST_02941,70,Two year,2992.31,4,8,1,1,0
CUST_02942,39,Month-to-month,1516.43,1,27,0,1,0
CUST_02943,49,Two year,1678.65,3,6,0,1,0
CUST_02944,51,Month-to-month,1125.44,1,12,1,1,1
CUST_02945,43,Month-to-month,1675.62,0,21,1,1,0
CUST_02946,45,Month-to-month,2278.24,0,15,0,0,0
CUST_02947,55,Month-to-month,1857.04,1,25,0,1,1
CUST_02948,43,Month-to-month,2586.62,1,3,0,0,0
CUST_02949,69,Month-to-month,1134.93,2,25,0,0,0
CUST_02950,9,Month-to-month,2625.07,1,15,0,1,1
CUST_02951,1,Month-to-month,2885.66,3,21,0,0,1
CUST_02952,55,One year,329.17,1,29,0,0,1
CUST_02953,9,Month-to-month,2037.98,1,26,0,0,1
CUST_02954,15,Month-to-month,662.71,1,21,0,0,0
CUST_02955,46,Month-to-month,920.8,0,11,0,1,1
CUST_02956,55,Two year,2541.5,0,17,0,0,0
CUST_02957,11,Month-to-month,1188.44,4,0,0,1,0
CUST_02958,67,One year,2029.1,2,28,0,1,1
CUST_02959,69,Month-to-month,846.13,0,18,0,1,0
CUST_02960,35,Month-to-month,669.16,1,15,0,0,0
CUST_02961,56,One year,1149.91,0,4,0,0,0
CUST_02962,51,One year,2763.13,1,1,0,0,0
CUST_02963,49,Month-to-month,1500.41,1,2,0,0,0
CUST_02964,2,Month-to-month,826.42,1,7,1,0,1
CUST_02965,13,Month-to-month,2114.85,1,18,0,0,1
CUST_02966,63,Two year,908.76,0,15,1,0,0
CUST_02967,49,One year,1992.1,1,20,0,0,0
CUST_02968,21,One year,2821.18,1,28,0,1,0
CUST_02969,54,One year,2722.22,3,10,0,0,0
CUST_02970,9,Two year,324.79,1,24,0,1,0
CUST_02971,35,One year,1520.24,1,4,0,1,0
CUST_02972,30,Month-to-month,2773.5,2,26,0,0,0
CUST_02973,26,Month-to-month,536.59,0,5,0,1,1
CUST_02974,13,One year,1498.9,2,28,0,0,1
CUST_02975,6,Month-to-month,2977.77,0,5,1,0,1
CUST_02976,23,Month-to-month,2512.0,0,12,1,0,1
CUST_02977,66,Month-to-month,724.77,0,24,0,1,0
CUST_02978,16,Two year,718.52,0,13,0,0,0
CUST_02979,18,Two year,920.94,2,11,0,1,0
CUST_02980,66,Month-to-month,1470.99,1,18,0,1,0
CUST_02981,50,One year,2249.34,1,6,0,0,0
CUST_02982,63,Month-to-month,2174.01,2,18,0,1,0
CUST_02983,29,Month-to-month,2709.25,1,17,0,0,0
CUST_02984,34,Month-to-month,488.25,1,7,0,0,1
CUST_02985,4,One year,1298.23,3,10,0,0,0
CUST_02986,45,Month-to-month,1194.29,2,8,1,1,0
CUST_02987,12,Month-to-month,2037.99,3,18,0,1,1
CUST_02988,17,Month-to-month,565.64,1,10,0,0,1
CUST_02989,62,Month-to-month,2018.66,1,19,1,1,1
CUST_02990,40,One year,1993.11,2,0,0,1,0
CUST_02991,25,One year,1190.47,3,25,0,0,1
CUST_02992,60,Month-to-month,1284.03,1,15,1,1,1
CUST_02993,62,Month-to-month,1447.65,2,2,0,1,1
CUST_02994,13,Month-to-month,1070.96,0,5,1,1,0
CUST_02995,70,Two year,,3,4,0,1,0
CUST_02996,32,Month-to-month,1890.48,0,13,0,0,1
CUST_02997,60,Month-to-month,2636.84,0,21,0,1,1
CUST_02998,7,One year,691.59,1,29,1,0,0
CUST_02999,36,One year,1370.1,1,8,0,0,1
CUST_03000,6,Month-to-month,2477.11,0,1,0,0,1
CUST_03001,69,Month-to-month,2573.69,0,2,0,1,0
CUST_03002,19,Month-to-month,2774.33,1,4,0,0,1
CUST_03003,67,Two year,1472.0,5,20,0,0,1
CUST_03004,8,One year,658.25,2,19,0,1,0
CUST_03005,51,Month-to-month,2283.38,2,28,0,1,1
CUST_03006,66,Month-to-month,2154.55,0,11,0,0,0
CUST_03007,23,One year,2005.61,1,2,0,0,0
CUST_03008,53,Month-to-month,1570.58,1,19,0,1,0
CUST_03009,2,One year,1468.03,2,9,0,1,0
CUST_03010,9,One year,2236.93,3,7,0,1,1
CUST_03011,29,One year,2060.23,3,23,1,1,1
CUST_03012,47,Month-to-month,1813.17,1,3,0,1,0
CUST_03013,34,One year,2331.74,2,26,1,1,0
CUST_03014,69,Month-to-month,1821.82,1,17,0,1,0
CUST_03015,42,One year,1202.21,1,12,0,0,0
CUST_03016,28,Two year,1900.27,1,18,0,0,0
CUST_03017,61,Month-to-month,1145.3,0,29,0,1,0
CUST_03018,23,Month-to-month,1324.42,4,10,0,1,1
CUST_03019,15,Month-to-month,2128.14,2,17,0,1,1
CUST_03020,50,Two year,2219.52,1,6,0,0,0
CUST_03021,19,Month-to-month,1150.94,0,16,0,1,1
CUST_03022,68,Month-to-month,2794.52,1,23,0,0,1
CUST_03023,65,Month-to-month,,1,19,0,0,0
CUST_03024,43,Month-to-month,2423.56,3,26,0,1,1
CUST_03025,44,One year,797.24,0,5,1,1,0
CUST_03026,29,Month-to-month,678.1,1,11,0,1,0
CUST_03027,29,Month-to-month,745.14,0,12,0,0,0
CUST_03028,10,One year,1450.16,2,2,0,1,0
CUST_03029,48,Month-to-month,903.02,1,17,0,1,0
CUST_03030,18,One year,962.72,2,12,0,1,1
CUST_03031,16,One year,,3,10,0,1,1
CUST_03032,15,One year,2514.39,2,26,0,0,0
CUST_03033,38,Month-to-month,799.39,2,19,1,0,1
CUST_03034,68,Month-to-month,1815.04,3,3,0,0,0
CUST_03035,69,One year,1942.58,1,26,0,1,0
CUST_03036,57,Two year,612.72,1,23,0,0,0
CUST_03037,45,Month-to-month,615.03,2,23,0,0,1
CUST_03038,1,Month-to-month,1074.01,3,8,0,0,0
CUST_03039,13,Two year,2400.26,4,11,0,0,1
CUST_03040,2,Month-to-month,2466.87,1,29,0,1,1
CUST_03041,50,Month-to-month,2935.54,2,9,0,1,1
CUST_03042,6,Month-to-month,1691.88,5,13,0,1,1
CUST_03043,61,One year,1356.06,1,24,1,0,0
CUST_03044,25,Month-to-month,1588.07,2,13,0,0,1
CUST_03045,32,One year,407.81,0,27,0,0,0
CUST_03046,44,One year,1248.82,1,21,0,1,0
CUST_03047,22,Two year,2645.77,1,13,0,1,0
CUST_03048,63,Month-to-month,2025.19,2,0,0,0,0
CUST_03049,14,Month-to-month,674.97,2,5,0,0,1
CUST_03050,29,Two year,2979.24,3,29,0,0,1
CUST_03051,32,Month-to-month,736.61,0,5,1,1,0
CUST_03052,12,Two year,2363.45,0,17,0,0,0
CUST_03053,13,Two year,2855.07,2,1,0,0,1
CUST_03054,66,Month-to-month,638.76,3,16,0,1,0
CUST_03055,26,Month-to-month,681.98,1,13,0,0,1
CUST_03056,41,Two year,,1,0,0,0,0
CUST_03057,67,One year,2786.91,0,12,0,0,0
CUST_03058,4,Month-to-month,,3,29,1,0,1
CUST_03059,61,Month-to-month,2980.15,2,3,0,1,0
CUST_03060,12,Month-to-month,2795.61,2,15,0,1,1
CUST_03061,23,One year,2379.93,2,8,0,0,0
CUST_03062,69,One year,1671.53,3,1,0,0,0
CUST_03063,48,Two year,2477.2,2,3,0,0,1
CUST_03064,64,Month-to-month,1402.02,1,23,0,0,0
CUST_03065,58,Two year,1517.68,2,1,0,0,0
CUST_03066,51,Two year,2652.82,2,5,0,0,0
CUST_03067,45,Month-to-month,341.72,2,17,0,1,0
CUST_03068,4,Two year,2265.59,2,24,0,0,1
CUST_03069,38,Month-to-month,897.69,2,20,1,1,1
CUST_03070,57,Month-to-month,2104.27,1,5,0,1,1
CUST_03071,31,Month-to-month,2352.89,2,4,0,1,0
CUST_03072,21,Two year,2316.43,4,28,0,1,1
CUST_03073,60,Two year,1430.99,3,12,0,1,0
CUST_03074,61,One year,2627.17,1,4,0,1,0
CUST_03075,63,Month-to-month,680.42,3,23,0,0,1
CUST_03076,3,Two year,2487.22,2,27,0,1,0
CUST_03077,6,Month-to-month,1831.47,3,24,1,0,1
CUST_03078,24,One year,2356.42,1,26,1,1,1
CUST_03079,65,Month-to-month,2218.32,2,21,1,0,1
CUST_03080,36,Month-to-month,1695.53,1,13,0,0,1
CUST_03081,32,Month-to-month,689.52,1,22,0,0,1
CUST_03082,54,Month-to-month,1215.02,0,2,1,1,0
CUST_03083,66,Month-to-month,2432.0,1,6,0,0,1
CUST_03084,33,Month-to-month,493.17,2,1,1,1,0
CUST_03085,28,Month-to-month,2612.21,3,23,0,0,1
CUST_03086,33,Month-to-month,2385.72,0,8,0,0,0
CUST_03087,17,One year,1951.43,1,22,1,1,0
CUST_03088,63,Month-to-month,2147.83,3,11,1,0,1
CUST_03089,68,One year,2009.18,3,18,1,1,0
CUST_03090,19,One year,1869.58,5,27,1,1,0
CUST_03091,66,Month-to-month,2355.26,1,27,0,1,0
CUST_03092,24,Two year,2007.6,2,25,0,0,1
CUST_03093,10,One year,,2,29,0,1,0
CUST_03094,45,Month-to-month,587.22,2,4,0,1,0
CUST_03095,16,Two year,2610.82,0,5,0,0,1
CUST_03096,33,Month-to-month,2600.68,1,28,1,0,1
CUST_03097,55,Month-to-month,2399.65,2,11,0,0,0
CUST_03098,32,One year,2548.32,1,29,0,1,0
CUST_03099,48,Month-to-month,1157.02,0,8,0,0,0
CUST_03100,17,Month-to-month,1326.89,1,12,0,0,1
CUST_03101,21,Month-to-month,2211.57,1,8,0,1,0
CUST_03102,30,Two year,2144.34,4,13,0,0,0
CUST_03103,32,One year,1257.14,4,8,0,1,1
CUST_03104,8,One year,412.64,1,14,0,0,0
CUST_03105,3,Month-to-month,439.66,1,10,0,0,0
CUST_03106,38,Month-to-month,1829.37,2,3,0,0,0
CUST_03107,56,Month-to-month,1758.05,1,15,0,1,0
CUST_03108,50,Month-to-month,1966.89,3,3,0,1,1
CUST_03109,47,Month-to-month,1757.19,3,24,0,0,1
CUST_03110,15,One year,631.93,4,18,0,0,1
CUST_03111,21,Two year,1532.56,3,5,0,0,1
CUST_03112,13,Month-to-month,1645.96,0,21,0,1,1
CUST_03113,60,Month-to-month,,2,16,0,1,1
CUST_03114,48,One year,1739.74,1,29,0,1,0
CUST_03115,33,Month-to-month,2304.7,1,17,0,0,0
CUST_03116,64,Month-to-month,2872.63,1,0,0,1,0
CUST_03117,43,Two year,1849.01,3,5,0,0,0
CUST_03118,11,Month-to-month,907.02,4,1,0,1,1
CUST_03119,19,Two year,2075.81,2,18,0,0,0
CUST_03120,63,Two year,2370.33,0,18,1,1,0
CUST_03121,39,One year,1763.7,2,1,0,0,0
CUST_03122,64,Month-to-month,546.28,1,5,0,0,1
CUST_03123,23,Two year,1195.86,3,16,0,0,0
CUST_03124,55,One year,2662.41,0,16,1,1,1
CUST_03125,11,Month-to-month,2498.84,1,0,0,0,1
CUST_03126,58,One year,2101.01,3,26,0,0,0
CUST_03127,52,One year,530.63,2,0,0,1,0
CUST_03128,22,Two year,2635.23,2,7,0,0,1
CUST_03129,35,Month-to-month,1611.58,2,8,0,0,0
CUST_03130,49,Month-to-month,2315.5,1,4,0,0,0
CUST_03131,60,Two year,770.56,4,14,0,1,0
CUST_03132,20,Two year,2626.57,0,1,1,1,0
CUST_03133,11,Two year,1888.58,1,19,1,0,0
CUST_03134,1,Two year,815.85,1,10,0,0,1
CUST_03135,68,Month-to-month,1484.93,3,0,1,0,1
CUST_03136,63,Month-to-month,1860.88,2,12,0,1,0
CUST_03137,14,One year,1654.0,0,5,0,1,0
CUST_03138,27,Month-to-month,1552.26,0,8,0,1,0
CUST_03139,50,Two year,1248.51,1,1,0,1,0
CUST_03140,64,Month-to-month,578.73,0,21,0,0,0
CUST_03141,16,Month-to-month,918.46,1,19,0,0,1
CUST_03142,32,Month-to-month,1111.58,3,27,0,1,1
CUST_03143,33,One year,1796.6,1,7,0,1,0
CUST_03144,6,Month-to-month,1298.02,1,27,0,0,1
CUST_03145,4,Month-to-month,1002.75,1,14,0,0,1
CUST_03146,57,Month-to-month,2241.68,2,12,0,0,1
CUST_03147,19,Two year,691.59,2,14,1,0,1
CUST_03148,53,One year,2314.22,3,21,1,0,1
CUST_03149,35,Month-to-month,1690.03,1,13,0,1,0
CUST_03150,69,One year,1017.52,5,16,0,0,0
CUST_03151,12,One year,786.31,1,9,0,1,0
CUST_03152,50,Month-to-month,865.0,1,14,1,1,1
CUST_03153,23,Month-to-month,2478.23,1,24,0,1,1
CUST_03154,66,Month-to-month,1562.21,1,26,1,1,1
CUST_03155,8,Month-to-month,538.55,2,18,1,1,1
CUST_03156,40,Month-to-month,2338.81,0,16,0,0,1
CUST_03157,46,Month-to-month,1583.61,1,21,0,1,1
CUST_03158,12,Month-to-month,1357.14,0,1,1,0,0
CUST_03159,22,One year,1376.62,1,24,0,0,0
CUST_03160,71,Month-to-month,1850.47,0,4,0,1,0
CUST_03161,45,One year,1523.21,0,9,1,1,0
CUST_03162,10,Month-to-month,744.27,0,12,0,0,0
CUST_03163,54,One year,1340.45,4,9,0,0,1
CUST_03164,40,Two year,2073.49,1,28,0,1,0
CUST_03165,23,Month-to-month,1192.71,2,19,0,1,1
CUST_03166,5,Month-to-month,,0,19,0,1,0
CUST_03167,70,Month-to-month,2056.5,2,21,0,1,0
CUST_03168,25,Month-to-month,1631.59,0,22,0,0,0
CUST_03169,42,Month-to-month,472.79,1,23,1,0,1
CUST_03170,8,Month-to-month,1733.95,0,12,1,1,0
CUST_03171,37,One year,592.86,0,20,0,1,1
CUST_03172,3,One year,1972.62,0,22,0,1,1
CUST_03173,6,One year,1989.95,1,16,0,0,1
CUST_03174,68,Month-to-month,1221.89,0,11,0,0,0
CUST_03175,59,Two year,959.05,4,28,0,0,1
CUST_03176,43,Month-to-month,2640.29,2,10,0,0,1
CUST_03177,39,Month-to-month,2271.73,2,17,0,1,1
CUST_03178,15,Month-to-month,2467.96,0,27,0,1,1
CUST_03179,35,One year,1487.7,1,26,0,0,1
CUST_03180,19,Month-to-month,923.86,1,6,0,1,1
CUST_03181,19,Month-to-month,2441.45,0,17,0,1,0
CUST_03182,50,Month-to-month,2727.92,2,9,0,0,0
CUST_03183,64,Two year,800.35,2,1,0,1,0
CUST_03184,15,Two year,975.75,0,17,0,0,1
CUST_03185,25,Month-to-month,658.71,1,24,0,1,1
CUST_03186,2,One year,747.36,1,3,0,0,1
CUST_03187,35,Two year,2802.89,0,6,0,0,0
CUST_03188,59,Month-to-month,1640.75,1,11,0,1,0
CUST_03189,39,Month-to-month,2859.3,0,14,0,0,1
CUST_03190,43,Month-to-month,2126.25,0,24,0,1,0
CUST_03191,38,Month-to-month,2383.22,3,8,1,1,0
CUST_03192,26,One year,1730.0,0,29,1,1,0
CUST_03193,46,Two year,1643.68,2,5,0,1,0
CUST_03194,53,Month-to-month,1063.81,2,23,0,1,0
CUST_03195,16,Month-to-month,2627.7,1,8,1,0,1
CUST_03196,11,Month-to-month,1191.25,3,19,0,0,1
CUST_03197,19,One year,2238.57,2,7,1,0,1
CUST_03198,49,One year,1844.25,3,12,0,1,0
CUST_03199,69,One year,2284.27,0,6,0,0,0
CUST_03200,27,Month-to-month,2445.63,3,25,0,0,1
CUST_03201,55,Month-to-month,779.31,4,6,0,0,1
CUST_03202,39,Two year,,1,19,0,1,0
CUST_03203,34,Month-to-month,1115.64,1,28,1,0,1
CUST_03204,48,Month-to-month,2966.86,2,23,0,0,1
CUST_03205,22,One year,2483.23,0,28,1,0,1
CUST_03206,65,One year,2643.82,0,4,0,0,0
CUST_03207,39,Two year,2321.56,1,1,0,0,1
CUST_03208,34,Month-to-month,2848.24,1,3,1,1,0
CUST_03209,12,Month-to-month,2026.13,1,0,1,1,1
CUST_03210,6,Month-to-month,2948.79,1,24,0,0,1
CUST_03211,50,Month-to-month,1211.16,2,15,0,0,0
CUST_03212,9,Month-to-month,2764.68,0,26,0,0,0
CUST_03213,20,Month-to-month,633.24,1,23,0,1,0
CUST_03214,45,Month-to-month,2315.65,3,3,1,1,1
CUST_03215,9,Month-to-month,1884.43,3,18,0,1,0
CUST_03216,42,One year,1636.93,1,4,0,0,0
CUST_03217,44,Month-to-month,979.46,0,13,0,1,0
CUST_03218,67,Month-to-month,2154.85,1,28,1,1,0
CUST_03219,35,Month-to-month,2265.78,3,6,0,1,1
CUST_03220,20,Month-to-month,2013.12,1,12,0,0,1
CUST_03221,69,Month-to-month,666.82,1,2,0,0,0
CUST_03222,62,Month-to-month,,2,28,0,1,0
CUST_03223,15,One year,722.78,1,15,0,0,0
CUST_03224,37,One year,2424.8,1,13,0,1,1
CUST_03225,5,One year,1166.25,2,27,0,1,0
CUST_03226,71,One year,1759.92,1,18,0,1,0
CUST_03227,28,One year,446.2,1,21,0,1,1
CUST_03228,20,One year,2000.46,1,17,0,1,0
CUST_03229,1,One year,788.04,1,28,0,0,1
CUST_03230,12,Month-to-month,2533.38,1,23,0,1,1
CUST_03231,60,Month-to-month,2956.15,0,7,0,0,1
CUST_03232,51,Two year,1813.7,1,27,0,1,0
CUST_03233,25,One year,1410.43,2,26,0,0,1
CUST_03234,19,Month-to-month,1690.3,2,17,0,0,1
CUST_03235,6,Two year,2502.7,0,21,0,1,1
CUST_03236,41,Month-to-month,616.85,1,29,0,0,0
CUST_03237,10,Month-to-month,1964.95,4,2,0,0,0
CUST_03238,42,Month-to-month,738.66,1,18,1,1,0
CUST_03239,16,Two year,2402.19,2,3,1,1,1
CUST_03240,66,One year,2678.79,1,22,0,0,0
CUST_03241,70,Month-to-month,1138.32,3,1,0,0,0
CUST_03242,53,Month-to-month,830.41,2,5,0,0,0
CUST_03243,71,Month-to-month,1001.65,2,13,0,0,0
CUST_03244,49,Month-to-month,1174.69,1,2,0,1,1
CUST_03245,47,Month-to-month,2314.02,0,10,0,0,1
CUST_03246,1,One year,1548.44,2,16,0,0,1
CUST_03247,71,One year,2153.18,1,26,0,0,1
CUST_03248,60,One year,2533.77,2,0,0,0,0
CUST_03249,60,Month-to-month,2790.67,2,5,0,1,1
CUST_03250,11,Two year,2124.12,1,21,0,0,0
CUST_03251,10,Two year,959.06,1,11,1,1,0
CUST_03252,1,Two year,,3,8,0,0,1
CUST_03253,23,Two year,2183.57,2,26,0,0,0
CUST_03254,63,Month-to-month,2590.22,2,29,0,1,1
CUST_03255,30,Month-to-month,1849.73,1,26,0,0,0
CUST_03256,41,Two year,1675.66,0,8,1,0,0
CUST_03257,68,Month-to-month,810.35,0,13,1,1,0
CUST_03258,28,Month-to-month,1014.87,1,26,0,1,0
CUST_03259,65,Month-to-month,802.23,2,29,0,1,0
CUST_03260,15,Month-to-month,1409.01,1,7,0,0,0
CUST_03261,18,Two year,1594.94,0,4,0,0,0
CUST_03262,60,Two year,2862.65,0,18,0,0,0
CUST_03263,10,Two year,1006.19,1,23,0,1,0
CUST_03264,46,Month-to-month,1333.76,2,4,0,1,0
CUST_03265,37,One year,1633.78,1,28,0,0,0
CUST_03266,64,Month-to-month,2189.72,7,23,0,1,1
CUST_03267,71,Month-to-month,1814.79,1,24,0,0,0
CUST_03268,67,Two year,2913.12,0,21,0,1,0
CUST_03269,61,Month-to-month,459.78,1,10,0,0,0
CUST_03270,27,Month-to-month,1994.77,0,7,0,0,1
CUST_03271,27,Month-to-month,675.65,4,8,0,1,1
CUST_03272,59,Two year,2010.04,0,26,0,1,0
CUST_03273,17,Month-to-month,1116.46,2,14,0,1,1
CUST_03274,18,One year,716.8,0,22,0,0,1
CUST_03275,16,Month-to-month,2782.8,1,0,0,0,1
CUST_03276,70,One year,2662.89,0,8,1,1,0
CUST_03277,45,Two year,865.82,0,12,0,0,0
CUST_03278,58,Two year,1254.31,1,16,0,0,0
CUST_03279,22,Two year,1726.06,3,16,0,0,0
CUST_03280,36,One year,2303.13,4,13,0,0,0
CUST_03281,23,Two year,833.26,2,16,0,1,0
CUST_03282,14,One year,2243.91,1,2,0,0,0
CUST_03283,55,Two year,2413.96,4,26,0,0,0
CUST_03284,1,One year,505.94,0,15,0,0,0
CUST_03285,39,Month-to-month,1410.36,1,18,0,1,1
CUST_03286,35,Two year,405.39,3,5,0,0,0
CUST_03287,45,Month-to-month,1617.41,2,5,0,1,0
CUST_03288,57,Two year,2209.35,1,19,0,0,0
CUST_03289,65,One year,2136.2,1,22,0,0,0
CUST_03290,41,One year,2104.68,0,28,1,0,1
CUST_03291,47,Month-to-month,327.67,2,10,0,1,0
CUST_03292,68,Month-to-month,944.18,2,16,0,0,1
CUST_03293,65,Two year,609.75,1,19,0,0,0
CUST_03294,19,Month-to-month,1265.64,2,28,0,1,1
CUST_03295,17,Month-to-month,362.61,1,20,0,0,0
CUST_03296,71,Two year,2539.93,2,9,0,0,0
CUST_03297,56,Month-to-month,1512.88,1,3,0,0,0
CUST_03298,26,One year,1477.18,2,10,0,1,0
CUST_03299,34,Month-to-month,1849.1,0,27,1,0,1
CUST_03300,20,Month-to-month,2546.54,1,5,0,1,1
CUST_03301,71,Month-to-month,1985.56,2,1,0,0,1
CUST_03302,36,Month-to-month,2517.67,1,0,0,0,1
CUST_03303,64,Two year,1525.17,0,6,0,1,0
CUST_03304,10,One year,946.77,3,26,0,0,0
CUST_03305,10,Month-to-month,2428.32,0,15,0,0,0
CUST_03306,17,Month-to-month,1616.05,1,18,0,1,1
CUST_03307,53,One year,466.77,0,3,0,1,0
CUST_03308,20,One year,672.24,3,27,0,0,1
CUST_03309,15,One year,2401.8,2,23,1,1,1
CUST_03310,1,Two year,311.32,0,25,0,1,1
CUST_03311,27,Month-to-month,2690.73,4,18,0,0,0
CUST_03312,10,Month-to-month,2112.41,3,19,0,1,1
CUST_03313,71,One year,2141.01,2,28,1,0,0
CUST_03314,36,One year,704.73,2,24,0,1,0
CUST_03315,64,Month-to-month,1839.31,1,20,0,0,1
CUST_03316,39,Month-to-month,1998.43,2,26,0,0,1
CUST_03317,68,Month-to-month,877.07,1,4,0,1,0
CUST_03318,12,One year,1676.35,0,21,0,1,0
CUST_03319,15,One year,1560.88,0,5,0,1,0
CUST_03320,57,Month-to-month,2827.16,2,22,0,0,0
CUST_03321,1,Two year,392.27,2,7,0,0,0
CUST_03322,26,One year,972.51,3,12,0,0,0
CUST_03323,51,Month-to-month,2811.3,0,6,0,1,0
CUST_03324,20,One year,1976.41,2,5,0,1,1
CUST_03325,9,Two year,1986.66,2,18,0,1,0
CUST_03326,65,Month-to-month,1160.74,0,8,0,1,0
CUST_03327,34,Month-to-month,1288.78,1,14,0,1,1
CUST_03328,20,Month-to-month,1500.53,1,24,0,1,0
CUST_03329,57,One year,2790.75,0,5,0,0,1
CUST_03330,30,One year,1050.73,3,15,0,1,1
CUST_03331,9,Month-to-month,385.0,0,28,0,1,0
CUST_03332,44,Two year,1614.1,0,26,0,1,0
CUST_03333,54,Month-to-month,1049.7,1,13,1,0,0
CUST_03334,3,Month-to-month,1632.23,1,21,0,0,1
CUST_03335,45,Month-to-month,725.93,0,12,0,0,0
CUST_03336,38,One year,1050.14,0,24,1,0,1
CUST_03337,45,One year,1261.84,2,29,0,1,1
CUST_03338,69,Two year,2530.23,0,19,0,1,0
CUST_03339,47,One year,1193.73,0,15,0,0,0
CUST_03340,68,Month-to-month,2157.4,3,18,0,1,1
CUST_03341,45,Month-to-month,1370.98,0,2,0,1,0
CUST_03342,4,Month-to-month,699.08,2,13,0,1,1
CUST_03343,53,Two year,1280.78,1,29,0,0,0
CUST_03344,4,Month-to-month,920.24,3,3,0,1,1
CUST_03345,9,Month-to-month,309.44,2,16,0,0,0
CUST_03346,61,Two year,945.23,2,11,0,1,0
CUST_03347,3,Month-to-month,2271.02,3,15,0,1,1
CUST_03348,30,Month-to-month,1078.95,2,14,0,0,1
CUST_03349,61,One year,1424.91,1,6,0,0,0
CUST_03350,43,One year,771.04,1,19,0,0,0
CUST_03351,58,Two year,2561.6,1,2,0,0,0
CUST_03352,28,Month-to-month,810.51,4,0,0,0,1
CUST_03353,57,Two year,2988.24,0,7,0,0,1
CUST_03354,3,Month-to-month,2317.18,0,21,0,1,1
CUST_03355,49,Month-to-month,1058.72,2,6,0,1,0
CUST_03356,56,Month-to-month,2335.85,2,23,1,0,1
CUST_03357,17,One year,698.82,2,18,0,0,1
CUST_03358,51,Month-to-month,1448.39,4,9,0,0,1
CUST_03359,64,One year,1752.6,1,22,0,0,1
CUST_03360,15,One year,1200.61,1,18,0,1,1
CUST_03361,64,One year,2470.03,3,27,0,1,1
CUST_03362,46,Month-to-month,1194.92,2,25,0,1,0
CUST_03363,30,Month-to-month,1932.95,4,2,0,1,1
CUST_03364,20,Two year,2808.79,0,10,0,0,0
CUST_03365,46,One year,2868.1,0,9,1,1,0
CUST_03366,50,Month-to-month,870.75,1,28,0,1,0
CUST_03367,59,Month-to-month,2262.3,3,10,0,1,0
CUST_03368,55,Two year,1445.29,1,16,0,0,0
CUST_03369,9,Month-to-month,2924.48,2,26,0,1,0
CUST_03370,41,One year,724.23,2,16,0,0,0
CUST_03371,13,Two year,1186.67,1,3,1,0,1
CUST_03372,17,Month-to-month,2230.58,1,2,0,0,0
CUST_03373,22,One year,2999.36,4,19,0,0,1
CUST_03374,40,One year,2851.03,2,3,0,0,0
CUST_03375,9,Month-to-month,2221.87,0,19,0,0,1
CUST_03376,12,One year,637.21,1,15,0,1,1
CUST_03377,46,One year,2859.0,0,18,0,0,1
CUST_03378,57,Month-to-month,2690.32,1,18,0,0,0
CUST_03379,49,Month-to-month,987.65,2,29,0,0,0
CUST_03380,61,Month-to-month,2403.93,1,25,0,1,0
CUST_03381,18,Month-to-month,2936.45,0,13,0,0,0
CUST_03382,47,Month-to-month,1596.6,3,16,0,1,0
CUST_03383,65,Month-to-month,1790.06,0,28,0,0,1
CUST_03384,4,Month-to-month,347.24,1,13,0,1,1
CUST_03385,53,Two year,1788.24,0,23,0,1,0
CUST_03386,34,Month-to-month,2662.09,5,17,0,1,1
CUST_03387,8,Month-to-month,1710.64,2,22,0,0,1
CUST_03388,45,One year,1480.77,0,17,0,0,1
CUST_03389,26,Month-to-month,,1,23,0,0,0
CUST_03390,17,Month-to-month,1565.25,1,1,1,1,1
CUST_03391,63,One year,1808.16,2,17,0,1,0
CUST_03392,3,Two year,2445.25,1,13,0,0,0
CUST_03393,9,Month-to-month,2370.84,2,29,0,0,1
CUST_03394,49,Two year,2671.17,0,17,0,1,0
CUST_03395,48,Month-to-month,2416.61,1,17,0,1,0
CUST_03396,4,One year,891.1,3,6,1,1,0
CUST_03397,70,Month-to-month,2474.95,1,20,0,0,0
CUST_03398,20,Month-to-month,1116.6,4,0,0,1,1
CUST_03399,8,Two year,2582.06,3,6,0,0,1
CUST_03400,33,Month-to-month,1438.6,3,18,0,1,1
CUST_03401,28,Month-to-month,1819.28,0,21,0,1,1
CUST_03402,9,Month-to-month,2161.11,1,21,0,0,0
CUST_03403,51,Two year,798.54,4,3,0,1,0
CUST_03404,12,One year,680.82,3,8,0,0,0
CUST_03405,52,One year,2503.05,1,24,0,1,0
CUST_03406,2,Month-to-month,2531.95,1,6,0,0,1
CUST_03407,67,Month-to-month,1072.54,1,11,1,0,0
CUST_03408,41,Month-to-month,1309.91,2,4,0,0,1
CUST_03409,35,Month-to-month,2512.91,0,8,0,1,0
CUST_03410,70,Month-to-month,2082.13,2,24,0,1,1
CUST_03411,40,Two year,623.08,1,20,0,0,0
CUST_03412,33,Month-to-month,1962.87,1,5,1,0,0
CUST_03413,54,Month-to-month,1094.48,1,26,1,0,0
CUST_03414,31,Two year,454.47,1,7,0,1,0
CUST_03415,1,Two year,357.72,3,21,0,0,1
CUST_03416,53,Month-to-month,2816.88,2,25,0,0,0
CUST_03417,40,Month-to-month,2905.89,2,2,1,1,1
CUST_03418,46,One year,1749.65,4,6,0,0,0
CUST_03419,35,One year,2161.61,1,18,0,0,1
CUST_03420,50,Two year,1200.94,2,1,0,1,0
CUST_03421,5,Month-to-month,2277.65,1,3,0,1,0
CUST_03422,8,One year,958.33,0,13,1,0,0
CUST_03423,17,Month-to-month,1105.85,0,9,0,0,1
CUST_03424,25,Month-to-month,2800.93,1,5,0,1,1
CUST_03425,9,One year,2796.35,3,3,0,0,1
CUST_03426,19,Two year,2982.47,2,16,0,1,1
CUST_03427,50,One year,2218.25,2,1,0,0,0
CUST_03428,26,Month-to-month,305.61,0,11,1,0,0
CUST_03429,65,Two year,1803.54,0,6,0,0,0
CUST_03430,60,Month-to-month,1316.46,1,8,0,0,0
CUST_03431,16,Month-to-month,,1,1,0,1,1
CUST_03432,58,Month-to-month,2672.07,4,26,0,1,0
CUST_03433,9,Month-to-month,1619.82,4,15,0,0,0
CUST_03434,69,One year,1546.02,1,24,1,1,0
CUST_03435,26,Month-to-month,302.25,2,14,0,0,0
CUST_03436,62,Two year,690.52,0,16,1,1,0
CUST_03437,29,Month-to-month,1540.89,0,19,1,1,1
CUST_03438,30,Month-to-month,343.65,2,12,0,0,0
CUST_03439,62,Two year,2325.68,2,28,0,0,0
CUST_03440,38,One year,1595.58,1,8,0,1,0
CUST_03441,46,Two year,2411.89,1,12,1,1,0
CUST_03442,31,Two year,393.4,2,12,0,0,0
CUST_03443,11,Two year,1376.2,1,21,1,0,1
CUST_03444,1,Month-to-month,1422.91,1,2,0,0,1
CUST_03445,42,One year,491.47,4,27,0,1,1
CUST_03446,63,Two year,1254.27,0,4,0,0,0
CUST_03447,51,Month-to-month,322.84,4,11,1,0,0
CUST_03448,52,Month-to-month,2444.92,1,17,0,0,0
CUST_03449,27,Month-to-month,808.41,2,21,1,1,1
CUST_03450,10,Two year,2121.57,0,17,0,1,0
CUST_03451,3,Month-to-month,723.08,2,15,0,1,1
CUST_03452,47,Month-to-month,1455.63,2,0,0,0,1
CUST_03453,59,Month-to-month,2973.47,1,29,0,1,1
CUST_03454,15,One year,748.33,1,26,0,0,0
CUST_03455,56,Month-to-month,448.06,1,6,1,1,0
CUST_03456,21,Month-to-month,2687.99,2,2,1,1,1
CUST_03457,17,One year,2248.55,2,12,0,1,0
CUST_03458,56,One year,822.41,0,12,0,0,0
CUST_03459,60,Month-to-month,2998.48,5,14,1,0,1
CUST_03460,63,Month-to-month,1255.22,1,0,0,1,0
CUST_03461,40,Month-to-month,1807.73,1,6,0,0,1
CUST_03462,45,Month-to-month,404.29,3,19,0,1,0
CUST_03463,37,Two year,1328.74,1,20,0,0,0
CUST_03464,5,Month-to-month,2853.33,3,18,0,0,1
CUST_03465,67,Month-to-month,1449.38,1,15,1,0,0
CUST_03466,23,Month-to-month,1868.19,3,13,0,0,0
CUST_03467,5,One year,2543.67,0,5,0,0,1
CUST_03468,55,Month-to-month,1571.31,5,25,0,0,1
CUST_03469,36,Month-to-month,1406.65,2,11,0,1,0
CUST_03470,20,Month-to-month,2436.2,2,2,0,1,1
CUST_03471,40,One year,652.08,2,27,0,0,1
CUST_03472,33,Two year,361.81,0,7,0,0,0
CUST_03473,26,Two year,1029.37,1,8,0,1,0
CUST_03474,30,Month-to-month,,2,12,0,0,1
CUST_03475,23,Two year,1576.32,3,18,0,1,0
CUST_03476,23,Month-to-month,422.64,2,3,0,0,0
CUST_03477,38,Two year,2335.74,0,9,0,0,1
CUST_03478,36,Month-to-month,2640.19,2,8,1,0,0
CUST_03479,39,Month-to-month,2809.74,0,17,0,1,0
CUST_03480,6,Month-to-month,451.41,1,1,0,0,0
CUST_03481,29,One year,1532.79,2,19,1,0,0
CUST_03482,23,Month-to-month,1201.43,3,15,0,1,0
CUST_03483,1,Month-to-month,1633.76,4,26,0,0,1
CUST_03484,24,Month-to-month,353.27,0,1,1,1,1
CUST_03485,35,One year,393.98,3,25,1,0,0
CUST_03486,45,One year,2474.85,0,25,0,1,0
CUST_03487,10,Month-to-month,547.74,0,6,0,1,1
CUST_03488,26,Month-to-month,375.23,0,18,0,0,0
CUST_03489,47,One year,2086.88,0,16,1,0,0
CUST_03490,37,Month-to-month,308.86,1,9,0,1,0
CUST_03491,7,Two year,2705.44,2,5,0,1,1
CUST_03492,4,One year,754.03,0,8,0,1,1
CUST_03493,27,Two year,1775.56,0,7,0,1,0
CUST_03494,43,Month-to-month,2477.17,3,1,0,1,1
CUST_03495,45,One year,2475.04,3,6,1,1,1
CUST_03496,2,Month-to-month,1097.07,1,2,0,0,1
CUST_03497,37,One year,919.8,1,8,0,0,0
CUST_03498,26,Month-to-month,769.28,3,26,0,1,1
CUST_03499,49,Month-to-month,2812.06,0,26,0,1,1
CUST_03500,40,Two year,1722.57,1,6,0,1,0
CUST_03501,67,Month-to-month,2726.46,6,4,0,0,1
CUST_03502,50,Month-to-month,2516.95,1,17,0,0,1
CUST_03503,13,Month-to-month,2593.74,1,4,0,1,1
CUST_03504,69,Two year,642.9,3,22,0,0,0
CUST_03505,68,Month-to-month,2567.3,1,17,0,1,0
CUST_03506,30,Two year,2661.71,1,15,0,1,0
CUST_03507,2,One year,1172.4,1,25,0,1,0
CUST_03508,3,One year,1436.73,0,5,0,1,0
CUST_03509,68,Month-to-month,2415.76,1,10,0,0,1
CUST_03510,23,Two year,604.56,1,25,0,0,0
CUST_03511,62,Month-to-month,561.34,1,14,0,1,0
CUST_03512,17,Month-to-month,348.99,1,29,1,1,0
CUST_03513,51,Two year,1573.86,0,7,0,1,0
CUST_03514,65,Month-to-month,2977.42,3,16,0,1,0
CUST_03515,28,One year,2519.37,0,12,0,1,0
CUST_03516,2,One year,2213.16,1,4,0,1,1
CUST_03517,17,Month-to-month,1210.2,1,24,0,0,1
CUST_03518,23,Month-to-month,1565.78,3,6,0,0,1
CUST_03519,30,Two year,2760.69,1,27,1,1,0
CUST_03520,66,Month-to-month,2522.56,0,25,0,1,0
CUST_03521,71,Two year,2695.55,1,3,0,1,0
CUST_03522,42,One year,1118.62,2,8,0,0,0
CUST_03523,32,Month-to-month,2339.73,0,9,0,1,0
CUST_03524,10,Month-to-month,2722.9,1,5,0,1,1
CUST_03525,68,Month-to-month,1800.58,0,17,0,1,1
CUST_03526,16,Two year,1090.02,0,5,1,0,0
CUST_03527,43,Month-to-month,2326.76,2,1,0,0,1
CUST_03528,40,One year,2173.92,0,10,0,0,0
CUST_03529,36,Month-to-month,1759.74,2,6,0,0,0
CUST_03530,35,Month-to-month,2993.24,2,18,0,0,0
CUST_03531,26,Two year,1310.32,1,25,0,1,1
CUST_03532,41,Month-to-month,2558.5,1,27,0,1,0
CUST_03533,67,Month-to-month,2910.86,0,21,0,1,0
CUST_03534,56,Two year,1026.22,2,15,0,1,0
CUST_03535,29,Two year,334.89,1,16,0,0,0
CUST_03536,20,Month-to-month,1414.22,1,21,0,1,1
CUST_03537,21,Two year,2216.79,1,13,1,0,1
CUST_03538,31,One year,2740.36,1,12,1,1,1
CUST_03539,37,Month-to-month,1960.22,2,27,1,0,1
CUST_03540,1,Month-to-month,1816.03,4,22,0,1,1
CUST_03541,44,Month-to-month,1289.09,0,23,0,0,1
CUST_03542,43,One year,1491.23,2,22,0,0,1
CUST_03543,25,Month-to-month,1809.6,3,0,0,0,1
CUST_03544,66,Month-to-month,2509.23,1,0,0,1,0
CUST_03545,15,One year,429.94,1,9,0,0,0
CUST_03546,70,Month-to-month,1631.68,2,19,0,0,1
CUST_03547,18,One year,864.14,1,12,0,1,0
CUST_03548,48,Month-to-month,321.79,4,22,0,0,1
CUST_03549,49,One year,344.38,0,25,0,0,0
CUST_03550,37,Month-to-month,2373.2,5,17,1,0,1
CUST_03551,8,Two year,1383.73,1,17,0,0,1
CUST_03552,4,Month-to-month,2618.93,3,9,0,1,1
CUST_03553,24,Two year,2125.94,0,1,1,1,0
CUST_03554,22,Month-to-month,385.12,2,12,0,0,0
CUST_03555,48,Month-to-month,2030.07,3,5,0,1,0
CUST_03556,47,Month-to-month,1913.48,0,3,1,1,0
CUST_03557,21,One year,2597.92,0,9,1,1,0
CUST_03558,32,Month-to-month,2383.89,1,15,1,1,0
CUST_03559,54,Month-to-month,942.52,3,4,0,1,1
CUST_03560,38,Month-to-month,2511.26,0,29,0,1,1
CUST_03561,55,Month-to-month,1842.19,0,13,0,0,1
CUST_03562,9,Month-to-month,1145.53,3,11,0,0,1
CUST_03563,48,Two year,787.3,3,3,0,1,0
CUST_03564,21,Two year,1559.03,2,26,0,1,0
CUST_03565,31,Month-to-month,1568.72,2,6,1,1,1
CUST_03566,19,Two year,,3,8,0,0,1
CUST_03567,2,Month-to-month,997.08,3,8,0,0,1
CUST_03568,3,Month-to-month,1525.38,2,10,0,1,0
CUST_03569,21,Month-to-month,1120.71,1,10,1,0,1
CUST_03570,60,Month-to-month,1618.43,1,10,0,0,0
CUST_03571,8,One year,2293.93,1,19,0,1,0
CUST_03572,10,One year,1961.18,1,21,0,1,1
CUST_03573,9,Month-to-month,880.75,1,12,0,0,0
CUST_03574,33,One year,1042.41,0,24,1,0,0
CUST_03575,46,Month-to-month,2462.66,0,5,0,1,1
CUST_03576,32,Two year,2543.9,1,15,0,0,1
CUST_03577,19,Month-to-month,1739.23,0,23,0,0,1
CUST_03578,66,Month-to-month,1305.01,2,5,0,1,0
CUST_03579,18,Two year,2518.92,0,10,0,1,0
CUST_03580,57,Two year,,3,24,0,0,0
CUST_03581,2,Two year,1045.4,4,28,0,0,0
CUST_03582,12,Two year,590.22,2,29,0,1,0
CUST_03583,28,Month-to-month,1723.89,2,12,0,0,1
CUST_03584,66,One year,872.63,1,5,0,1,0
CUST_03585,15,Month-to-month,1937.09,1,25,0,0,1
CUST_03586,58,Month-to-month,1681.14,4,25,0,0,1
CUST_03587,65,One year,981.9,2,27,1,1,1
CUST_03588,56,Two year,1372.68,3,9,1,1,0
CUST_03589,46,Month-to-month,1907.1,2,21,1,0,1
CUST_03590,55,One year,2839.5,3,18,1,1,0
CUST_03591,70,Month-to-month,1711.37,3,10,0,1,0
CUST_03592,67,Month-to-month,2096.73,1,26,0,1,0
CUST_03593,24,Month-to-month,2038.44,1,2,0,1,0
CUST_03594,63,Month-to-month,2743.51,2,18,0,1,0
CUST_03595,50,One year,1132.46,3,1,0,0,0
CUST_03596,52,Month-to-month,1498.6,3,16,0,1,1
CUST_03597,40,Two year,1743.9,0,24,0,0,0
CUST_03598,38,Month-to-month,1249.24,0,3,0,0,1
CUST_03599,61,Two year,,1,7,0,0,0
CUST_03600,44,Two year,308.71,0,13,0,1,0
CUST_03601,68,Two year,1972.13,5,19,1,0,0
CUST_03602,63,Two year,376.5,0,1,1,0,0
CUST_03603,14,Month-to-month,633.64,3,8,1,1,1
CUST_03604,19,Two year,983.64,1,17,1,0,1
CUST_03605,14,Month-to-month,393.98,2,21,0,1,1
CUST_03606,61,Two year,2060.77,2,7,0,0,0
CUST_03607,17,Two year,2202.68,3,29,0,0,1
CUST_03608,48,Two year,965.92,4,14,1,1,0
CUST_03609,37,Month-to-month,755.02,1,11,0,0,0
CUST_03610,35,Month-to-month,2410.26,3,12,0,0,1
CUST_03611,15,Month-to-month,2926.08,1,27,0,0,1
CUST_03612,40,Month-to-month,2484.23,2,20,0,1,1
CUST_03613,30,Two year,1965.72,4,16,0,1,0
CUST_03614,54,Month-to-month,717.13,1,25,0,1,0
CUST_03615,29,Month-to-month,1594.64,0,4,0,1,0
CUST_03616,10,One year,2264.85,0,1,0,0,0
CUST_03617,3,Month-to-month,2976.03,3,28,0,1,1
CUST_03618,26,One year,2826.19,1,19,0,0,1
CUST_03619,35,Month-to-month,2004.21,1,7,0,1,1
CUST_03620,11,Month-to-month,2854.54,4,16,0,1,1
CUST_03621,49,Two year,2306.78,2,18,0,0,0
CUST_03622,31,One year,2389.41,2,17,0,1,1
CUST_03623,38,Month-to-month,2023.12,1,20,1,1,1
CUST_03624,46,Two year,1987.13,1,26,0,1,0
CUST_03625,25,Month-to-month,1219.62,0,25,0,1,0
CUST_03626,32,One year,2934.93,1,20,0,1,0
CUST_03627,28,One year,2062.65,4,3,0,0,0
CUST_03628,46,Two year,2287.01,2,4,0,0,0
CUST_03629,57,Month-to-month,503.07,1,6,0,1,0
CUST_03630,33,Month-to-month,309.1,4,21,0,0,1
CUST_03631,5,Month-to-month,931.71,3,18,0,0,0
CUST_03632,62,Two year,621.09,1,16,1,0,0
CUST_03633,47,Month-to-month,2870.93,3,3,0,0,1
CUST_03634,57,Month-to-month,1751.61,0,4,0,0,0
CUST_03635,19,Two year,1274.16,4,14,0,1,1
CUST_03636,20,Two year,2597.09,3,3,0,1,1
CUST_03637,5,Month-to-month,2560.05,1,1,0,1,1
CUST_03638,35,Month-to-month,1875.28,2,1,0,1,0
CUST_03639,45,Month-to-month,2032.99,2,12,1,1,0
CUST_03640,69,Month-to-month,466.91,2,25,0,1,1
CUST_03641,41,Month-to-month,2715.81,3,10,0,1,1
CUST_03642,31,One year,1379.1,0,29,0,1,1
CUST_03643,54,Month-to-month,1084.68,1,18,0,0,1
CUST_03644,15,Two year,2518.4,0,16,0,1,0
CUST_03645,18,Two year,2101.41,1,10,0,0,0
CUST_03646,3,Month-to-month,2288.65,2,10,1,1,1
CUST_03647,16,Month-to-month,847.75,4,0,0,0,1
CUST_03648,22,One year,1898.91,5,29,0,1,1
CUST_03649,40,One year,2184.02,1,7,0,0,1
CUST_03650,68,Month-to-month,512.06,2,23,0,0,0
CUST_03651,65,Two year,1195.73,0,13,0,0,0
CUST_03652,39,One year,2840.55,5,8,0,0,1
CUST_03653,45,One year,2789.91,2,0,0,1,1
CUST_03654,21,Month-to-month,2090.45,0,27,0,1,1
CUST_03655,64,One year,305.05,5,5,0,0,1
CUST_03656,3,Month-to-month,1684.29,2,7,0,1,1
CUST_03657,69,Two year,2296.73,1,1,0,1,0
CUST_03658,33,One year,1440.8,2,6,0,0,1
CUST_03659,25,Two year,1477.92,1,28,0,1,1
CUST_03660,9,Month-to-month,1604.09,0,4,0,0,1
CUST_03661,1,Month-to-month,501.38,2,1,1,1,1
CUST_03662,14,One year,1054.06,3,15,0,0,1
CUST_03663,23,Two year,1115.52,1,26,0,1,1
CUST_03664,45,One year,1090.2,0,11,0,1,0
CUST_03665,29,Month-to-month,1033.48,0,4,0,0,0
CUST_03666,56,Month-to-month,788.86,0,22,0,0,1
CUST_03667,67,Month-to-month,1785.45,2,26,0,0,1
CUST_03668,65,One year,2956.31,0,11,1,1,0
CUST_03669,46,Month-to-month,1365.43,2,3,1,1,0
CUST_03670,59,Month-to-month,2432.18,3,5,0,0,0
CUST_03671,8,Two year,2899.61,1,21,0,0,1
CUST_03672,63,Month-to-month,2869.97,1,4,0,0,1
CUST_03673,48,Month-to-month,1559.78,2,24,0,1,0
CUST_03674,37,One year,402.54,0,6,0,0,0
CUST_03675,46,Two year,1794.19,0,25,0,1,0
CUST_03676,33,One year,2125.91,2,15,0,0,1
CUST_03677,69,Month-to-month,2181.87,4,25,0,1,1
CUST_03678,29,One year,1868.17,0,12,0,1,0
CUST_03679,19,Two year,,2,16,0,1,1
CUST_03680,64,Two year,2843.49,1,25,1,1,0
CUST_03681,47,Month-to-month,2314.07,0,9,1,1,0
CUST_03682,58,Two year,2738.36,1,13,1,1,1
CUST_03683,69,One year,1097.08,2,20,0,0,1
CUST_03684,58,Month-to-month,1577.65,0,9,0,1,0
CUST_03685,70,Month-to-month,2426.95,1,6,0,0,1
CUST_03686,8,Month-to-month,2411.24,1,22,0,0,1
CUST_03687,8,Month-to-month,922.49,3,27,0,1,1
CUST_03688,11,Month-to-month,1181.75,1,22,1,0,1
CUST_03689,47,One year,1535.37,1,17,0,0,0
CUST_03690,56,Two year,1452.93,1,1,0,1,0
CUST_03691,50,One year,1372.51,0,24,0,1,0
CUST_03692,44,Month-to-month,840.25,1,16,0,0,1
CUST_03693,3,Month-to-month,2205.47,5,5,0,0,1
CUST_03694,65,Month-to-month,549.91,2,29,0,1,0
CUST_03695,50,Two year,2853.7,2,18,0,0,1
CUST_03696,12,Month-to-month,645.99,2,15,1,1,0
CUST_03697,54,Month-to-month,2365.17,1,3,0,1,1
CUST_03698,13,Month-to-month,2221.02,1,15,0,0,1
CUST_03699,17,Month-to-month,1962.19,0,25,0,0,1
CUST_03700,10,Month-to-month,2441.16,1,3,0,0,0
CUST_03701,43,Two year,2955.34,1,24,0,0,0
CUST_03702,9,Month-to-month,342.46,1,14,0,0,1
CUST_03703,9,One year,1996.8,1,10,0,1,1
CUST_03704,8,Month-to-month,2092.52,0,25,0,1,0
CUST_03705,15,Month-to-month,2303.66,0,18,0,0,1
CUST_03706,70,One year,2422.35,1,6,0,0,0
CUST_03707,23,Two year,1730.9,0,6,1,1,0
CUST_03708,17,One year,1128.97,0,19,0,0,0
CUST_03709,43,Two year,378.84,0,26,0,0,1
CUST_03710,59,One year,1704.42,1,8,0,1,0
CUST_03711,31,Month-to-month,1998.18,3,26,0,0,1
CUST_03712,42,One year,610.02,2,23,0,1,0
CUST_03713,68,Two year,1731.41,0,8,0,0,0
CUST_03714,10,Month-to-month,400.5,2,0,0,1,0
CUST_03715,48,One year,561.46,0,20,0,0,0
CUST_03716,70,Month-to-month,2034.57,1,14,1,1,1
CUST_03717,26,One year,2169.31,0,0,0,0,1
CUST_03718,58,Month-to-month,859.57,2,23,0,0,1
CUST_03719,63,Month-to-month,1149.51,2,18,0,0,1
CUST_03720,14,Month-to-month,2896.79,1,2,0,0,1
CUST_03721,13,Two year,1996.15,1,10,0,1,0
CUST_03722,42,One year,433.08,4,17,0,1,0
CUST_03723,62,Two year,454.13,0,22,0,1,0
CUST_03724,35,Two year,777.84,2,19,0,0,0
CUST_03725,40,Month-to-month,1556.57,3,7,0,1,1
CUST_03726,30,Month-to-month,1523.27,0,20,0,0,1
CUST_03727,39,Month-to-month,1747.83,3,21,0,1,0
CUST_03728,27,Month-to-month,1749.81,3,26,0,0,1
CUST_03729,33,Month-to-month,2074.29,2,13,0,0,0
CUST_03730,25,Month-to-month,1365.67,0,14,0,0,1
CUST_03731,36,Month-to-month,1241.5,0,8,0,0,0
CUST_03732,29,Month-to-month,1470.06,3,11,0,0,1
CUST_03733,33,Two year,2023.21,1,19,0,1,1
CUST_03734,52,Month-to-month,523.5,0,21,0,1,1
CUST_03735,58,Month-to-month,661.32,0,22,0,0,0
CUST_03736,14,Month-to-month,2229.46,0,28,0,0,1
CUST_03737,29,Month-to-month,1613.77,1,2,0,1,0
CUST_03738,68,Month-to-month,1563.26,3,24,0,0,0
CUST_03739,35,Month-to-month,2855.37,0,16,0,0,1
CUST_03740,62,Month-to-month,1587.11,2,28,0,1,0
CUST_03741,42,Month-to-month,1173.8,0,5,0,1,0
CUST_03742,10,One year,586.61,1,0,0,1,0
CUST_03743,29,Month-to-month,1680.7,0,11,0,0,0
CUST_03744,39,One year,1729.24,0,20,0,0,1
CUST_03745,68,Month-to-month,1006.43,0,13,0,0,0
CUST_03746,33,One year,935.66,1,16,0,0,1
CUST_03747,46,Two year,2280.73,3,5,0,0,0
CUST_03748,32,Month-to-month,2837.1,2,17,0,0,1
CUST_03749,42,Month-to-month,2382.52,2,24,0,0,1
CUST_03750,30,One year,2639.36,0,15,0,0,0
CUST_03751,21,Month-to-month,2347.25,0,27,0,0,0
CUST_03752,6,Month-to-month,368.65,1,0,0,0,0
CUST_03753,27,Month-to-month,1784.3,1,23,0,1,0
CUST_03754,51,Two year,959.88,0,29,0,1,0
CUST_03755,49,Month-to-month,1615.27,2,29,0,1,0
CUST_03756,5,Month-to-month,2901.45,2,14,0,0,1
CUST_03757,31,One year,1941.73,0,28,0,1,0
CUST_03758,59,One year,2656.57,2,9,0,0,0
CUST_03759,15,Two year,2643.38,4,18,0,0,1
CUST_03760,47,One year,562.9,2,28,1,1,0
CUST_03761,50,Month-to-month,2432.75,2,13,0,1,0
CUST_03762,29,Month-to-month,925.24,1,10,1,1,1
CUST_03763,11,Month-to-month,1653.69,1,15,0,0,1
CUST_03764,43,Two year,1615.72,1,11,0,0,0
CUST_03765,23,One year,2330.51,1,17,0,0,1
CUST_03766,38,Month-to-month,1538.56,0,16,0,1,0
CUST_03767,48,Two year,1296.3,2,6,0,1,0
CUST_03768,62,Two year,1838.86,0,29,0,0,0
CUST_03769,8,Month-to-month,463.57,1,25,0,1,0
CUST_03770,6,Month-to-month,1840.47,2,4,1,1,0
CUST_03771,38,Month-to-month,1111.82,1,25,1,1,0
CUST_03772,4,Month-to-month,2728.0,3,20,0,1,0
CUST_03773,69,Month-to-month,1669.26,2,8,0,1,1
CUST_03774,39,Month-to-month,520.31,2,17,1,1,0
CUST_03775,57,Month-to-month,926.04,3,21,0,0,1
CUST_03776,54,Two year,2019.88,5,22,0,0,1
CUST_03777,51,Two year,414.3,1,13,0,0,0
CUST_03778,24,One year,1436.39,2,14,0,0,0
CUST_03779,15,Two year,2128.35,2,20,0,1,0
CUST_03780,65,One year,1088.55,2,0,1,0,0
CUST_03781,26,Month-to-month,355.66,2,2,0,0,0
CUST_03782,6,Month-to-month,1405.67,0,11,0,0,1
CUST_03783,36,Two year,979.44,1,13,0,1,0
CUST_03784,25,One year,621.64,1,24,0,0,0
CUST_03785,44,Two year,2217.1,2,1,1,1,0
CUST_03786,61,Month-to-month,1130.33,3,7,0,0,0
CUST_03787,4,Two year,792.45,0,11,0,1,0
CUST_03788,55,Month-to-month,1198.85,2,9,1,0,0
CUST_03789,49,Month-to-month,787.8,5,8,1,0,1
CUST_03790,4,Two year,1372.3,4,19,0,1,0
CUST_03791,24,Month-to-month,1556.09,2,22,0,0,0
CUST_03792,49,One year,2145.04,2,4,0,1,0
CUST_03793,70,Month-to-month,944.18,0,15,1,1,0
CUST_03794,6,Month-to-month,796.19,2,24,0,0,1
CUST_03795,21,Month-to-month,1759.59,0,2,0,0,1
CUST_03796,8,Month-to-month,1556.23,0,22,0,0,1
CUST_03797,35,Month-to-month,2313.79,1,3,1,0,0
CUST_03798,11,Month-to-month,1028.9,0,5,0,1,0
CUST_03799,43,Two year,2173.11,3,0,0,1,1
CUST_03800,69,One year,2343.24,1,6,0,1,0
CUST_03801,61,Month-to-month,,1,25,1,1,0
CUST_03802,15,One year,900.43,1,22,0,0,1
CUST_03803,14,One year,694.26,3,21,0,1,0
CUST_03804,15,Two year,380.02,1,1,0,0,0
CUST_03805,32,Month-to-month,2997.15,2,10,0,1,1
CUST_03806,32,Month-to-month,2800.51,0,0,0,0,0
CUST_03807,32,Month-to-month,2794.59,1,4,0,1,1
CUST_03808,30,One year,1865.74,1,9,0,1,0
CUST_03809,47,Month-to-month,2715.37,1,7,1,1,1
CUST_03810,29,Two year,1830.75,5,24,0,0,1
CUST_03811,22,Month-to-month,1817.43,1,22,0,1,1
CUST_03812,17,Month-to-month,1542.94,0,23,0,0,1
CUST_03813,51,Month-to-month,1104.82,2,10,1,0,0
CUST_03814,47,Month-to-month,929.87,3,16,0,0,1
CUST_03815,8,Month-to-month,1304.72,2,19,0,1,1
CUST_03816,50,Month-to-month,2602.08,1,0,0,0,1
CUST_03817,43,Month-to-month,2866.76,0,4,1,1,1
CUST_03818,58,Month-to-month,1128.0,2,16,0,0,1
CUST_03819,22,One year,2666.56,0,23,0,0,0
CUST_03820,57,Month-to-month,2606.75,2,19,0,0,0
CUST_03821,24,One year,1822.93,0,27,0,1,0
CUST_03822,67,One year,777.12,0,10,0,1,0
CUST_03823,2,Month-to-month,1960.99,1,25,0,1,1
CUST_03824,8,One year,2791.7,3,6,0,1,1
CUST_03825,9,One year,2231.99,3,23,0,1,1
CUST_03826,36,One year,1822.77,5,14,0,1,0
CUST_03827,45,Month-to-month,1497.05,1,22,0,0,0
CUST_03828,21,Two year,2533.89,2,2,1,1,0
CUST_03829,2,One year,766.93,2,10,0,0,0
CUST_03830,17,One year,802.26,2,26,0,0,0
CUST_03831,68,Month-to-month,707.66,3,9,0,0,0
CUST_03832,26,Month-to-month,1530.41,2,14,0,0,1
CUST_03833,6,Month-to-month,1329.24,2,16,0,1,0
CUST_03834,46,One year,1136.44,3,23,0,0,1
CUST_03835,21,Month-to-month,382.85,2,0,0,0,0
CUST_03836,32,Month-to-month,2906.46,0,3,0,1,1
CUST_03837,61,One year,2331.16,2,17,0,0,0
CUST_03838,3,One year,900.51,0,0,0,0,0
CUST_03839,64,Month-to-month,1143.13,2,11,0,0,1
CUST_03840,38,One year,986.15,1,24,0,0,0
CUST_03841,51,Month-to-month,1911.57,1,2,0,1,0
CUST_03842,65,Month-to-month,974.97,1,23,0,1,1
CUST_03843,21,Month-to-month,2739.48,0,5,0,1,0
CUST_03844,66,Month-to-month,410.18,2,2,0,1,0
CUST_03845,22,Two year,1693.32,1,23,0,0,1
CUST_03846,60,Month-to-month,1525.49,0,23,1,1,0
CUST_03847,11,Month-to-month,1971.53,0,11,0,0,1
CUST_03848,57,Month-to-month,649.87,0,14,0,0,1
CUST_03849,64,Month-to-month,1518.02,2,8,1,0,1
CUST_03850,18,Month-to-month,2122.37,1,29,1,0,1
CUST_03851,64,Month-to-month,704.06,1,6,0,1,0
CUST_03852,66,Month-to-month,1715.68,2,7,0,1,0
CUST_03853,47,Month-to-month,745.85,2,14,0,1,1
CUST_03854,11,Two year,703.82,1,22,0,1,1
CUST_03855,22,Two year,2805.55,0,0,0,0,0
CUST_03856,14,Month-to-month,1004.8,2,16,0,1,0
CUST_03857,3,Two year,1108.3,2,28,0,0,0
CUST_03858,65,Two year,2459.77,2,11,0,1,0
CUST_03859,15,Month-to-month,1514.88,1,24,0,1,1
CUST_03860,50,One year,734.74,1,0,0,0,1
CUST_03861,71,Month-to-month,2291.1,0,0,0,1,0
CUST_03862,64,Two year,1604.67,3,22,0,0,0
CUST_03863,43,Month-to-month,1359.77,2,6,0,0,0
CUST_03864,20,Two year,1204.03,5,9,0,1,1
CUST_03865,50,Two year,2415.54,0,24,0,1,0
CUST_03866,48,Month-to-month,2321.26,2,25,0,0,1
CUST_03867,17,One year,1889.77,2,23,0,1,1
CUST_03868,43,Month-to-month,2441.0,2,28,0,1,1
CUST_03869,22,One year,575.95,0,13,0,0,1
CUST_03870,46,Two year,1214.18,1,2,0,0,0
CUST_03871,59,Month-to-month,2703.14,0,24,1,1,1
CUST_03872,60,One year,2543.27,1,18,0,1,0
CUST_03873,60,Two year,1453.97,1,9,0,0,0
CUST_03874,66,Month-to-month,829.94,0,16,0,0,0
CUST_03875,35,One year,1002.73,0,20,0,1,1
CUST_03876,6,Month-to-month,2372.07,0,12,0,1,1
CUST_03877,30,One year,1782.15,0,9,1,1,0
CUST_03878,68,Two year,2661.84,2,13,0,1,0
CUST_03879,51,One year,605.51,4,25,0,1,1
CUST_03880,19,Month-to-month,1115.47,2,25,0,0,1
CUST_03881,48,Month-to-month,1171.93,1,29,0,1,0
CUST_03882,1,Month-to-month,1696.33,3,13,0,0,1
CUST_03883,17,Month-to-month,1557.3,1,19,0,1,1
CUST_03884,60,Month-to-month,994.87,7,22,0,1,1
CUST_03885,56,Month-to-month,2694.28,1,8,1,1,1
CUST_03886,19,Month-to-month,1378.34,3,14,0,0,1
CUST_03887,15,One year,1614.01,2,17,0,1,1
CUST_03888,56,Two year,2849.74,3,21,0,1,0
CUST_03889,15,Two year,1174.9,1,9,0,0,1
CUST_03890,8,Month-to-month,685.1,3,24,0,1,0
CUST_03891,32,One year,996.12,1,12,0,1,0
CUST_03892,68,Month-to-month,2735.1,1,15,0,0,1
CUST_03893,36,Month-to-month,357.65,2,18,0,0,1
CUST_03894,33,One year,463.24,1,0,0,0,0
CUST_03895,8,Month-to-month,799.89,1,6,0,0,1
CUST_03896,69,Two year,515.37,1,18,0,0,0
CUST_03897,56,Month-to-month,2922.72,0,3,0,0,1
CUST_03898,50,Month-to-month,540.62,2,9,0,0,0
CUST_03899,57,Month-to-month,2446.28,0,11,0,1,0
CUST_03900,63,Month-to-month,1515.62,2,19,0,0,1
CUST_03901,35,Month-to-month,2879.83,0,6,1,1,1
CUST_03902,52,Two year,1171.85,2,23,0,0,0
CUST_03903,45,Month-to-month,375.75,2,9,0,0,0
CUST_03904,69,One year,798.31,2,29,0,0,1
CUST_03905,30,Month-to-month,1512.97,1,16,1,0,1
CUST_03906,3,Month-to-month,870.38,1,7,0,0,0
CUST_03907,47,One year,2403.68,0,11,0,1,1
CUST_03908,2,Month-to-month,1713.38,3,21,0,0,1
CUST_03909,57,Month-to-month,2417.71,2,23,0,1,0
CUST_03910,1,Month-to-month,1456.82,0,6,0,1,1
CUST_03911,28,Month-to-month,598.68,1,7,0,1,1
CUST_03912,65,One year,331.55,1,1,0,0,0
CUST_03913,47,Month-to-month,464.05,1,3,1,0,0
CUST_03914,67,One year,1321.49,1,6,0,1,0
CUST_03915,18,Two year,2770.37,1,19,0,0,1
CUST_03916,20,Month-to-month,700.19,2,0,0,0,0
CUST_03917,38,Month-to-month,470.11,1,17,1,1,1
CUST_03918,8,Month-to-month,1600.46,2,4,0,1,0
CUST_03919,26,Month-to-month,813.57,1,16,0,0,1
CUST_03920,28,Two year,834.58,3,28,0,1,1
CUST_03921,38,Two year,989.12,0,19,0,1,0
CUST_03922,28,One year,311.34,3,10,0,0,0
CUST_03923,38,Two year,2948.78,4,14,0,1,1
CUST_03924,69,Month-to-month,782.66,0,11,0,1,0
CUST_03925,60,One year,638.12,0,16,0,1,0
CUST_03926,34,Two year,2049.39,1,24,0,1,0
CUST_03927,67,Two year,1842.37,0,12,0,0,0
CUST_03928,17,Month-to-month,1741.33,4,22,0,1,1
CUST_03929,41,Month-to-month,2410.52,1,12,0,0,1
CUST_03930,52,Month-to-month,2252.12,2,27,1,1,1
CUST_03931,38,Month-to-month,968.21,3,24,0,0,0
CUST_03932,62,One year,2475.83,2,5,0,0,0
CUST_03933,9,Month-to-month,2000.85,0,19,0,1,0
CUST_03934,22,Month-to-month,2512.3,2,2,0,0,1
CUST_03935,5,Month-to-month,2399.63,1,24,1,0,1
CUST_03936,52,Two year,1912.71,0,26,1,1,0
CUST_03937,10,One year,2484.68,1,21,0,0,1
CUST_03938,58,Month-to-month,1764.84,2,28,1,1,0
CUST_03939,40,One year,637.42,1,18,0,0,0
CUST_03940,18,Two year,773.55,1,13,1,1,0
CUST_03941,19,Month-to-month,2900.09,1,25,0,0,1
CUST_03942,46,One year,1061.1,1,16,0,1,0
CUST_03943,10,Month-to-month,2102.97,3,2,0,0,1
CUST_03944,22,One year,633.6,1,13,1,1,0
CUST_03945,15,Month-to-month,1385.64,2,22,0,0,1
CUST_03946,56,Month-to-month,2156.6,2,28,0,1,0
CUST_03947,1,Two year,413.92,0,1,0,0,1
CUST_03948,57,Month-to-month,2240.28,1,27,0,1,1
CUST_03949,14,Two year,2062.04,0,5,0,0,0
CUST_03950,6,Month-to-month,1620.34,3,4,0,0,1
CUST_03951,58,Month-to-month,543.32,3,29,0,1,0
CUST_03952,4,Two year,1143.63,0,5,0,1,0
CUST_03953,4,One year,2399.45,2,13,0,0,1
CUST_03954,5,One year,2211.46,2,12,1,0,0
CUST_03955,44,Month-to-month,727.44,0,10,1,0,0
CUST_03956,19,Month-to-month,2389.31,2,8,1,0,1
CUST_03957,56,One year,1848.2,2,18,1,0,1
CUST_03958,53,Month-to-month,2995.99,1,8,0,0,1
CUST_03959,12,Month-to-month,2498.38,1,25,0,0,1
CUST_03960,8,Two year,2003.12,1,18,0,0,0
CUST_03961,27,Month-to-month,2257.7,0,19,0,0,1
CUST_03962,6,One year,2246.57,2,3,0,1,0
CUST_03963,62,One year,2849.02,3,14,0,1,1
CUST_03964,57,One year,1932.71,2,2,0,0,0
CUST_03965,26,Two year,,2,12,0,1,0
CUST_03966,29,Month-to-month,2291.42,3,24,0,0,0
CUST_03967,66,Month-to-month,386.98,1,11,0,1,0
CUST_03968,66,One year,2511.7,1,12,0,0,0
CUST_03969,54,Two year,2805.08,1,13,1,0,0
CUST_03970,61,Month-to-month,825.2,0,21,0,0,0
CUST_03971,40,Month-to-month,1015.21,1,6,1,1,1
CUST_03972,41,One year,2658.08,0,0,0,0,0
CUST_03973,68,Month-to-month,2607.28,1,20,0,0,1
CUST_03974,19,Month-to-month,1924.41,3,2,0,0,1
CUST_03975,50,Month-to-month,2560.1,1,24,0,0,1
CUST_03976,34,Month-to-month,496.9,4,0,1,0,1
CUST_03977,18,One year,891.86,1,25,0,0,1
CUST_03978,53,Month-to-month,2961.38,1,24,0,1,1
CUST_03979,47,Month-to-month,1572.26,0,4,0,0,0
CUST_03980,2,Two year,2079.99,0,9,0,0,0
CUST_03981,60,Month-to-month,2715.08,2,16,0,0,1
CUST_03982,56,Month-to-month,2581.93,3,14,0,1,1
CUST_03983,20,Two year,460.95,0,15,0,1,1
CUST_03984,47,One year,2405.49,0,23,0,1,0
CUST_03985,36,Month-to-month,484.11,4,2,0,0,0
CUST_03986,44,Two year,2860.68,1,20,0,0,0
CUST_03987,64,Month-to-month,569.87,2,17,1,1,0
CUST_03988,55,One year,2613.57,0,14,1,1,1
CUST_03989,52,Month-to-month,2019.63,1,25,0,1,1
CUST_03990,43,Month-to-month,2433.9,1,16,0,0,0
CUST_03991,51,Month-to-month,472.76,1,21,1,0,0
CUST_03992,32,One year,389.64,2,23,0,1,0
CUST_03993,32,Two year,1474.92,1,3,0,1,1
CUST_03994,14,Month-to-month,1747.53,1,12,0,1,1
CUST_03995,20,Month-to-month,1310.57,0,23,0,0,0
CUST_03996,45,One year,781.72,0,16,1,1,0
CUST_03997,71,Month-to-month,481.92,0,19,0,0,0
CUST_03998,70,Month-to-month,,1,15,0,0,0
CUST_03999,31,One year,1087.32,1,16,0,1,1
CUST_04000,50,One year,317.31,2,4,0,0,0
CUST_04001,18,Month-to-month,779.64,1,10,0,0,0
CUST_04002,18,Month-to-month,1175.0,0,22,0,1,1
CUST_04003,41,Month-to-month,2099.1,2,12,0,1,0
CUST_04004,34,One year,1902.35,2,3,1,0,0
CUST_04005,43,Two year,996.3,1,23,0,1,1
CUST_04006,64,One year,2932.56,1,10,0,1,0
CUST_04007,48,Month-to-month,2553.72,1,17,0,0,1
CUST_04008,20,Two year,1788.57,1,20,0,0,1
CUST_04009,67,One year,2111.9,3,11,0,0,1
CUST_04010,69,Month-to-month,1069.91,2,10,0,1,1
CUST_04011,7,Month-to-month,2095.14,1,15,0,1,1
CUST_04012,35,Two year,767.34,2,9,0,0,0
CUST_04013,46,Two year,619.18,1,20,0,0,0
CUST_04014,50,One year,1044.69,2,1,1,0,0
CUST_04015,18,Two year,2926.4,3,20,0,1,1
CUST_04016,26,Month-to-month,2654.93,2,6,0,0,0
CUST_04017,23,One year,2068.15,1,9,0,1,0
CUST_04018,8,Month-to-month,2657.46,1,5,0,0,0
CUST_04019,35,One year,2160.17,3,3,0,1,0
CUST_04020,25,Month-to-month,1621.57,1,29,1,0,1
CUST_04021,31,One year,1069.79,2,27,0,0,1
CUST_04022,22,One year,600.98,3,5,1,1,0
CUST_04023,1,Month-to-month,2957.26,1,19,0,1,1
CUST_04024,64,Month-to-month,1044.87,5,11,0,0,1
CUST_04025,65,Two year,2677.22,2,13,0,0,0
CUST_04026,56,Month-to-month,1590.39,1,29,0,0,0
CUST_04027,35,Month-to-month,951.7,2,8,0,1,1
CUST_04028,69,Month-to-month,1109.74,1,18,0,1,0
CUST_04029,35,One year,1153.09,2,16,0,1,0
CUST_04030,27,Month-to-month,1622.82,1,23,0,0,0
CUST_04031,36,Month-to-month,2843.04,1,20,0,0,1
CUST_04032,39,Two year,1041.81,0,2,0,0,1
CUST_04033,30,Two year,1862.06,3,10,0,0,0
CUST_04034,56,One year,570.16,1,0,0,0,0
CUST_04035,18,One year,2515.87,3,22,0,1,0
CUST_04036,31,Month-to-month,1746.62,2,27,0,0,1
CUST_04037,47,Two year,1601.48,1,26,1,1,0
CUST_04038,45,Month-to-month,1042.31,2,14,1,0,0
CUST_04039,65,One year,1470.25,2,3,0,0,0
CUST_04040,27,Month-to-month,2616.14,1,18,1,1,1
CUST_04041,71,One year,315.36,1,2,0,0,0
CUST_04042,49,Month-to-month,2277.18,2,5,1,0,0
CUST_04043,60,One year,526.5,2,11,1,0,0
CUST_04044,21,Two year,2810.61,2,10,0,0,1
CUST_04045,30,Two year,1827.95,2,14,0,1,1
CUST_04046,67,Month-to-month,1263.84,2,14,0,1,0
CUST_04047,56,Month-to-month,1386.17,2,25,0,0,0
CUST_04048,68,Month-to-month,1186.53,0,3,0,0,1
CUST_04049,21,Month-to-month,2658.22,3,9,0,0,0
CUST_04050,30,Two year,351.67,1,10,0,0,0
CUST_04051,39,Month-to-month,1067.25,0,8,0,0,0
CUST_04052,28,Month-to-month,959.32,0,11,0,0,1
CUST_04053,69,One year,2315.07,2,27,0,1,0
CUST_04054,11,Month-to-month,1880.17,1,17,0,0,1
CUST_04055,34,One year,2642.63,5,8,0,1,0
CUST_04056,21,One year,586.63,1,15,0,0,0
CUST_04057,41,Month-to-month,1789.84,4,2,0,1,0
CUST_04058,57,Month-to-month,2063.73,1,7,0,0,0
CUST_04059,10,Month-to-month,1256.34,1,25,0,1,1
CUST_04060,29,Month-to-month,2602.4,1,15,0,0,1
CUST_04061,23,Month-to-month,999.0,1,2,0,1,1
CUST_04062,18,Two year,981.06,2,7,0,0,0
CUST_04063,3,Month-to-month,1293.44,4,7,0,1,0
CUST_04064,8,One year,1587.1,3,9,1,0,1
CUST_04065,1,One year,1531.79,0,6,0,0,0
CUST_04066,12,Two year,748.02,3,14,1,0,0
CUST_04067,55,Month-to-month,1432.6,2,14,0,1,1
CUST_04068,52,Month-to-month,717.44,2,25,0,0,1
CUST_04069,60,One year,2147.39,0,25,0,1,0
CUST_04070,68,One year,371.64,0,25,0,1,0
CUST_04071,71,Month-to-month,2818.53,0,20,1,0,1
CUST_04072,35,Month-to-month,1678.49,0,9,0,1,1
CUST_04073,10,Month-to-month,617.74,3,21,0,0,1
CUST_04074,19,Month-to-month,1319.42,1,10,0,0,1
CUST_04075,21,Month-to-month,1222.73,1,1,0,1,0
CUST_04076,20,One year,2583.21,2,29,0,0,1
CUST_04077,55,Month-to-month,831.52,6,23,0,1,1
CUST_04078,19,Month-to-month,1189.94,4,24,1,0,1
CUST_04079,36,One year,757.55,3,21,1,0,0
CUST_04080,15,Month-to-month,897.31,2,5,1,1,0
CUST_04081,46,Month-to-month,2851.7,2,13,0,0,0
CUST_04082,28,Month-to-month,2570.82,1,29,0,1,0
CUST_04083,1,Month-to-month,1967.28,0,7,0,1,1
CUST_04084,45,Month-to-month,1095.67,0,10,0,0,1
CUST_04085,65,Month-to-month,2898.04,2,24,0,1,1
CUST_04086,53,One year,657.49,0,24,0,0,0
CUST_04087,64,One year,2763.17,1,22,0,1,0
CUST_04088,54,Month-to-month,1676.29,0,12,1,0,0
CUST_04089,37,Month-to-month,728.56,2,1,1,1,1
CUST_04090,32,Month-to-month,2739.87,2,1,0,1,0
CUST_04091,17,One year,1596.82,2,11,0,0,0
CUST_04092,12,Month-to-month,1585.74,2,19,0,1,1
CUST_04093,42,Month-to-month,1503.91,2,19,0,1,1
CUST_04094,41,Two year,792.53,3,0,0,0,0
CUST_04095,38,One year,1777.86,1,9,0,0,0
CUST_04096,50,Month-to-month,792.68,1,21,0,0,1
CUST_04097,40,Month-to-month,2742.27,3,8,1,1,1
CUST_04098,63,Month-to-month,1494.6,1,17,1,0,0
CUST_04099,21,Month-to-month,1255.28,3,2,0,0,1
CUST_04100,14,Two year,1542.86,2,27,0,0,1
CUST_04101,69,Month-to-month,1734.18,1,9,0,0,0
CUST_04102,17,Two year,2484.03,5,9,0,0,0
CUST_04103,52,One year,1680.07,1,18,0,1,0
CUST_04104,12,Month-to-month,2414.07,2,7,0,0,1
CUST_04105,27,Month-to-month,1622.44,1,23,0,1,0
CUST_04106,7,Month-to-month,,1,8,1,1,0
CUST_04107,21,One year,1918.56,4,6,0,1,1
CUST_04108,66,Month-to-month,1407.23,0,24,1,0,1
CUST_04109,51,Month-to-month,811.8,2,9,0,0,0
CUST_04110,18,Two year,2416.75,2,23,0,0,0
CUST_04111,7,Two year,2997.02,1,15,1,1,0
CUST_04112,11,Month-to-month,983.18,1,16,0,0,0
CUST_04113,51,Month-to-month,701.61,3,10,0,1,0
CUST_04114,71,Month-to-month,623.71,3,29,0,0,0
CUST_04115,22,Month-to-month,2423.26,2,7,0,0,1
CUST_04116,24,Month-to-month,2461.13,4,20,0,1,1
CUST_04117,67,Month-to-month,2718.93,1,5,0,0,1
CUST_04118,2,Month-to-month,2804.43,0,23,0,0,1
CUST_04119,59,One year,896.95,2,28,0,0,0
CUST_04120,13,Month-to-month,1449.85,2,12,0,0,1
CUST_04121,27,One year,2685.07,2,7,1,0,1
CUST_04122,26,One year,1865.41,0,18,0,1,0
CUST_04123,33,Month-to-month,2247.2,4,5,0,0,1
CUST_04124,67,Month-to-month,2401.25,0,11,0,1,0
CUST_04125,63,Month-to-month,975.61,1,16,1,1,1
CUST_04126,63,One year,2572.76,2,29,0,1,0
CUST_04127,26,Two year,1099.66,0,2,0,0,0
CUST_04128,56,Month-to-month,1338.29,0,3,0,0,0
CUST_04129,56,Month-to-month,1577.67,2,0,0,0,0
CUST_04130,25,Month-to-month,1331.51,1,0,0,1,0
CUST_04131,38,Month-to-month,2048.84,0,29,0,1,1
CUST_04132,52,Month-to-month,1171.67,1,20,0,1,1
CUST_04133,63,Month-to-month,2240.75,0,27,0,1,1
CUST_04134,28,One year,1761.84,5,20,1,0,1
CUST_04135,37,Month-to-month,382.08,6,2,0,1,1
CUST_04136,36,Month-to-month,2115.84,5,22,0,0,0
CUST_04137,58,Two year,2631.3,0,12,0,0,1
CUST_04138,46,One year,1380.89,0,9,0,0,0
CUST_04139,26,Month-to-month,383.75,2,1,0,0,0
CUST_04140,44,Two year,2405.51,2,6,0,0,0
CUST_04141,23,Month-to-month,1067.18,2,24,0,0,0
CUST_04142,34,One year,2718.83,3,20,0,1,0
CUST_04143,41,Month-to-month,2439.07,2,17,0,1,0
CUST_04144,53,Month-to-month,437.16,1,19,0,1,0
CUST_04145,71,Month-to-month,2927.52,2,10,0,1,0
CUST_04146,51,Month-to-month,1242.46,2,21,0,0,1
CUST_04147,11,Month-to-month,1904.93,2,24,0,0,1
CUST_04148,62,Month-to-month,739.51,1,13,0,0,0
CUST_04149,39,Month-to-month,2883.16,1,27,0,1,1
CUST_04150,8,Month-to-month,1401.38,3,12,0,1,1
CUST_04151,32,Two year,1175.7,1,25,0,0,0
CUST_04152,67,Two year,2849.09,1,26,0,1,1
CUST_04153,14,Two year,2204.61,0,15,0,1,1
CUST_04154,58,Month-to-month,1210.42,1,16,0,0,1
CUST_04155,13,Month-to-month,789.14,2,24,0,0,1
CUST_04156,44,Two year,510.14,1,25,0,1,0
CUST_04157,51,Month-to-month,1480.5,2,7,0,0,0
CUST_04158,44,Month-to-month,,4,10,0,0,1
CUST_04159,30,One year,1279.91,4,21,0,0,0
CUST_04160,59,One year,1677.06,1,18,0,0,0
CUST_04161,60,One year,,2,2,0,0,0
CUST_04162,23,Two year,1180.31,3,18,0,0,1
CUST_04163,8,Two year,796.43,4,4,1,0,0
CUST_04164,50,Month-to-month,2739.97,5,5,0,0,1
CUST_04165,37,Month-to-month,2087.26,4,6,0,0,1
CUST_04166,70,One year,2280.74,0,0,1,1,0
CUST_04167,50,Month-to-month,1589.54,1,20,0,1,0
CUST_04168,39,Month-to-month,1521.82,1,14,0,0,1
CUST_04169,39,Month-to-month,1353.63,0,19,0,1,0
CUST_04170,42,Two year,379.1,2,14,0,0,1
CUST_04171,69,One year,832.1,0,9,0,1,0
CUST_04172,4,Month-to-month,618.06,0,24,0,1,1
CUST_04173,34,Month-to-month,2206.23,2,6,0,0,1
CUST_04174,14,One year,1895.47,2,2,0,1,0
CUST_04175,57,Month-to-month,1264.06,1,15,0,1,0
CUST_04176,20,One year,2635.78,1,18,0,0,1
CUST_04177,1,Two year,1086.34,2,23,0,1,1
CUST_04178,31,One year,2733.53,1,12,0,0,0
CUST_04179,34,One year,1722.6,0,10,1,1,0
CUST_04180,16,One year,1112.57,5,13,0,1,0
CUST_04181,45,One year,958.33,1,21,1,0,1
CUST_04182,40,Month-to-month,,0,13,1,0,0
CUST_04183,67,One year,324.27,2,1,0,1,0
CUST_04184,6,Month-to-month,853.89,3,28,0,1,1
CUST_04185,13,Month-to-month,462.65,4,1,0,0,1
CUST_04186,22,Month-to-month,1803.18,0,27,0,0,1
CUST_04187,7,One year,1079.58,1,12,0,0,0
CUST_04188,14,One year,687.84,2,17,1,0,1
CUST_04189,30,Month-to-month,1233.72,5,21,0,0,1
CUST_04190,59,One year,1566.36,0,7,0,1,1
CUST_04191,4,Month-to-month,649.25,0,5,0,0,0
CUST_04192,59,Month-to-month,2858.61,1,5,1,1,0
CUST_04193,50,Month-to-month,1957.68,1,8,0,1,1
CUST_04194,57,One year,2891.4,1,21,0,0,1
CUST_04195,53,Two year,2218.49,3,20,1,0,1
CUST_04196,7,Month-to-month,407.87,1,12,0,1,0
CUST_04197,1,One year,802.06,2,3,0,1,1
CUST_04198,62,Two year,1766.6,0,9,0,1,0
CUST_04199,50,Month-to-month,1631.88,2,5,0,1,1
CUST_04200,44,Two year,1371.99,0,10,0,1,0
CUST_04201,8,Month-to-month,2579.22,1,13,0,0,1
CUST_04202,31,Month-to-month,1551.04,2,9,0,1,1
CUST_04203,22,Two year,955.74,4,1,0,0,0
CUST_04204,57,Two year,559.14,1,25,0,0,0
CUST_04205,46,Month-to-month,2102.39,1,0,0,1,0
CUST_04206,15,Two year,1185.91,1,22,0,0,1
CUST_04207,59,Month-to-month,1861.45,3,8,0,0,1
CUST_04208,54,One year,1083.41,3,17,0,1,0
CUST_04209,56,Month-to-month,892.3,1,21,0,0,1
CUST_04210,27,Two year,982.79,2,3,0,0,0
CUST_04211,13,Month-to-month,670.73,1,13,0,0,1
CUST_04212,14,One year,,1,28,1,1,1
CUST_04213,7,Two year,1285.62,0,19,0,1,0
CUST_04214,8,Month-to-month,2599.06,4,17,0,0,1
CUST_04215,4,One year,983.16,2,5,0,1,0
CUST_04216,42,Month-to-month,2884.8,2,13,0,1,1
CUST_04217,37,Month-to-month,1445.54,1,1,0,0,0
CUST_04218,9,One year,2726.64,4,23,1,1,1
CUST_04219,34,Month-to-month,2054.02,1,14,0,0,0
CUST_04220,66,Month-to-month,1934.51,2,14,1,1,0
CUST_04221,17,Month-to-month,2859.16,2,24,1,0,1
CUST_04222,61,Month-to-month,491.91,2,3,0,1,0
CUST_04223,69,Month-to-month,1769.2,1,7,0,1,1
CUST_04224,58,Month-to-month,2894.3,1,16,0,0,0
CUST_04225,28,Month-to-month,393.65,0,22,1,1,1
CUST_04226,23,One year,2584.1,1,11,0,1,1
CUST_04227,54,Month-to-month,2852.3,0,26,0,1,0
CUST_04228,47,Month-to-month,1456.91,1,20,0,1,0
CUST_04229,62,Month-to-month,2161.07,0,18,0,1,1
CUST_04230,40,Month-to-month,1029.66,5,5,0,1,1
CUST_04231,59,Month-to-month,557.34,0,19,0,0,0
CUST_04232,4,Month-to-month,1046.81,2,6,0,1,1
CUST_04233,57,Month-to-month,1830.55,3,20,1,1,0
CUST_04234,60,One year,2153.29,1,9,0,0,1
CUST_04235,69,One year,2089.02,2,3,1,0,1
CUST_04236,70,Month-to-month,2020.79,2,3,0,1,1
CUST_04237,56,Two year,1090.65,2,15,1,0,0
CUST_04238,11,Two year,1013.29,1,24,0,1,0
CUST_04239,58,Two year,2701.59,5,8,0,1,0
CUST_04240,62,Month-to-month,1074.55,1,5,1,0,1
CUST_04241,14,One year,753.17,0,20,1,1,0
CUST_04242,27,Month-to-month,2470.1,3,4,0,0,0
CUST_04243,24,One year,888.5,1,2,0,1,1
CUST_04244,14,Two year,642.03,2,17,0,1,0
CUST_04245,51,Month-to-month,1937.57,5,27,0,1,1
CUST_04246,42,Two year,1884.59,3,21,0,0,1
CUST_04247,69,One year,2448.26,0,9,0,0,0
CUST_04248,18,Month-to-month,2491.48,6,16,0,1,1
CUST_04249,28,Two year,1099.52,1,22,1,1,0
CUST_04250,42,Month-to-month,2686.21,1,17,0,1,0
CUST_04251,8,Two year,2471.68,2,15,1,0,0
CUST_04252,51,Month-to-month,1712.75,1,19,0,0,0
CUST_04253,52,Month-to-month,2268.54,2,20,0,0,1
CUST_04254,27,Month-to-month,466.2,0,22,0,0,1
CUST_04255,38,Month-to-month,2760.77,0,29,0,1,0
CUST_04256,47,Month-to-month,447.12,2,4,0,0,1
CUST_04257,45,Month-to-month,2898.1,2,25,0,0,1
CUST_04258,24,One year,486.56,1,15,0,0,0
CUST_04259,22,Two year,1447.39,1,28,0,1,0
CUST_04260,68,Month-to-month,1507.84,0,22,1,1,1
CUST_04261,45,One year,1120.27,1,12,0,0,1
CUST_04262,55,Month-to-month,1633.15,1,24,0,1,1
CUST_04263,47,One year,2228.69,4,25,0,1,0
CUST_04264,10,Month-to-month,1857.76,1,27,0,0,1
CUST_04265,22,Month-to-month,928.23,1,26,0,1,1
CUST_04266,53,One year,2782.53,0,12,0,0,1
CUST_04267,53,One year,2094.83,0,14,0,1,0
CUST_04268,35,Month-to-month,2637.14,2,23,0,1,1
CUST_04269,25,Two year,2797.65,1,16,0,1,1
CUST_04270,14,Two year,763.97,2,10,0,1,0
CUST_04271,53,Month-to-month,409.63,1,29,0,0,0
CUST_04272,22,One year,1740.62,2,3,0,0,0
CUST_04273,9,One year,1634.89,1,13,0,1,1
CUST_04274,12,One year,1495.94,1,19,0,1,0
CUST_04275,7,Month-to-month,2536.99,0,20,0,1,1
CUST_04276,57,One year,2877.68,0,13,0,1,0
CUST_04277,63,Two year,839.7,2,27,0,0,0
CUST_04278,44,Two year,2479.81,0,22,0,1,0
CUST_04279,63,One year,1416.88,2,27,0,1,0
CUST_04280,34,Two year,836.88,0,12,0,1,0
CUST_04281,58,Month-to-month,1453.22,3,7,1,1,0
CUST_04282,31,Month-to-month,,2,1,0,1,0
CUST_04283,40,Month-to-month,2133.04,5,21,1,1,1
CUST_04284,8,Month-to-month,1953.34,0,26,0,1,1
CUST_04285,43,Month-to-month,2714.81,1,22,0,1,0
CUST_04286,30,Month-to-month,1795.94,0,11,0,0,1
CUST_04287,35,Two year,620.04,4,1,0,1,0
CUST_04288,69,Month-to-month,2824.11,2,18,1,0,1
CUST_04289,10,Month-to-month,2013.95,1,4,0,1,1
CUST_04290,66,Month-to-month,2669.52,1,24,0,0,0
CUST_04291,62,Month-to-month,2453.28,1,18,1,0,1
CUST_04292,4,Two year,1400.67,2,24,0,0,1
CUST_04293,54,Month-to-month,1065.08,1,23,0,0,1
CUST_04294,4,One year,2907.55,1,14,0,1,1
CUST_04295,27,Two year,2376.15,0,20,0,0,0
CUST_04296,8,Month-to-month,2567.01,0,0,0,0,1
CUST_04297,10,One year,1755.75,2,4,0,1,1
CUST_04298,32,One year,786.5,0,5,0,1,0
CUST_04299,69,Month-to-month,2148.19,1,10,0,1,1
CUST_04300,55,Month-to-month,2125.61,1,16,0,0,1
CUST_04301,29,Two year,2192.25,2,18,0,1,0
CUST_04302,7,One year,1679.42,2,16,0,0,0
CUST_04303,58,Month-to-month,1299.54,1,3,0,1,0
CUST_04304,54,Month-to-month,1831.44,2,21,0,0,1
CUST_04305,18,One year,2348.79,3,8,0,0,0
CUST_04306,49,One year,2487.74,1,29,0,0,1
CUST_04307,40,Two year,589.47,2,21,0,1,0
CUST_04308,11,One year,592.85,1,2,0,1,0
CUST_04309,27,Two year,618.34,1,18,0,0,0
CUST_04310,60,Month-to-month,2850.15,0,20,0,1,0
CUST_04311,30,One year,1194.27,1,27,0,0,1
CUST_04312,58,One year,671.31,2,26,1,1,1
CUST_04313,22,One year,822.16,3,12,0,0,0
CUST_04314,55,Month-to-month,388.96,1,19,0,1,0
CUST_04315,70,One year,1944.59,0,22,0,0,1
CUST_04316,32,Month-to-month,2867.59,0,29,0,0,0
CUST_04317,36,One year,2633.61,3,17,0,1,0
CUST_04318,48,Month-to-month,2461.65,0,19,0,1,1
CUST_04319,49,Month-to-month,1290.67,1,14,0,1,0
CUST_04320,12,Month-to-month,2852.4,1,7,0,0,1
CUST_04321,49,Month-to-month,1828.56,1,9,0,0,1
CUST_04322,56,Month-to-month,704.77,1,8,0,1,0
CUST_04323,38,One year,1489.06,0,17,0,0,1
CUST_04324,69,Month-to-month,679.77,2,12,0,1,0
CUST_04325,27,One year,2497.27,4,16,0,1,1
CUST_04326,5,Month-to-month,2042.66,3,1,0,1,1
CUST_04327,51,Month-to-month,815.3,2,28,0,1,0
CUST_04328,25,Month-to-month,786.09,0,8,0,1,0
CUST_04329,51,One year,2106.92,1,21,1,1,0
CUST_04330,35,Month-to-month,1391.92,1,23,0,0,1
CUST_04331,48,Two year,2834.54,1,4,0,1,0
CUST_04332,66,One year,2320.53,1,20,0,0,0
CUST_04333,3,Two year,2177.54,3,15,0,0,1
CUST_04334,6,One year,2769.72,1,22,1,1,0
CUST_04335,13,Month-to-month,,1,24,0,1,1
CUST_04336,31,One year,2806.62,0,26,0,1,1
CUST_04337,19,Month-to-month,2435.18,1,18,1,0,1
CUST_04338,55,One year,1439.39,0,21,0,0,1
CUST_04339,46,One year,948.76,1,23,0,0,0
CUST_04340,42,Month-to-month,1493.73,1,26,0,0,1
CUST_04341,10,Month-to-month,1629.0,4,1,0,1,0
CUST_04342,5,Month-to-month,2055.84,2,10,0,1,1
CUST_04343,49,Two year,1201.15,1,18,0,0,0
CUST_04344,51,One year,1079.24,1,19,0,1,0
CUST_04345,29,Month-to-month,1954.27,1,22,0,0,0
CUST_04346,7,Month-to-month,2189.99,1,8,0,1,0
CUST_04347,12,Month-to-month,1598.13,0,14,1,0,0
CUST_04348,7,One year,1698.3,3,0,0,1,0
CUST_04349,4,Two year,2792.11,5,14,0,1,1
CUST_04350,62,Two year,2023.24,1,21,0,1,0
CUST_04351,2,Month-to-month,1094.41,2,20,0,1,1
CUST_04352,30,Two year,1321.67,2,24,1,0,0
CUST_04353,20,One year,2763.36,2,12,0,1,1
CUST_04354,22,Month-to-month,1646.42,3,13,0,1,1
CUST_04355,59,Two year,343.91,2,19,0,0,0
CUST_04356,44,Month-to-month,1649.26,2,22,0,0,1
CUST_04357,23,Month-to-month,2946.49,2,10,0,1,0
CUST_04358,25,Month-to-month,943.7,2,21,0,1,0
CUST_04359,7,Month-to-month,1848.88,2,20,0,1,1
CUST_04360,58,One year,2722.94,2,10,0,1,0
CUST_04361,25,One year,2599.93,0,2,0,0,0
CUST_04362,45,Month-to-month,1744.86,0,26,0,1,0
CUST_04363,6,Month-to-month,2237.44,0,12,0,0,1
CUST_04364,36,One year,1984.15,1,0,0,0,0
CUST_04365,15,Month-to-month,1089.75,3,18,0,0,1
CUST_04366,44,Two year,1209.39,2,7,0,1,0
CUST_04367,60,Month-to-month,744.8,0,26,1,0,1
CUST_04368,11,Month-to-month,2211.02,4,6,0,0,1
CUST_04369,69,Month-to-month,2264.69,0,2,0,1,0
CUST_04370,65,Month-to-month,1786.14,0,19,0,0,0
CUST_04371,36,One year,1190.27,1,15,0,0,0
CUST_04372,61,Two year,381.07,1,8,0,0,1
CUST_04373,27,One year,1368.27,0,18,1,1,1
CUST_04374,3,Two year,1401.56,1,28,0,1,0
CUST_04375,3,Month-to-month,1221.73,0,17,0,1,1
CUST_04376,5,Month-to-month,1967.43,2,10,0,1,0
CUST_04377,2,Month-to-month,2779.12,0,18,0,0,1
CUST_04378,41,Month-to-month,2478.19,1,20,0,0,0
CUST_04379,29,Month-to-month,2849.15,1,9,0,1,0
CUST_04380,60,Month-to-month,1251.88,3,17,0,0,1
CUST_04381,54,Two year,2318.26,4,21,0,0,1
CUST_04382,33,One year,648.85,1,26,1,1,0
CUST_04383,1,Month-to-month,730.66,3,4,1,1,1
CUST_04384,30,Month-to-month,1001.82,1,15,0,1,0
CUST_04385,66,Two year,,3,2,0,1,1
CUST_04386,9,Two year,2588.58,3,26,0,1,1
CUST_04387,36,Two year,2372.44,0,12,0,0,0
CUST_04388,62,One year,1743.33,2,27,0,1,0
CUST_04389,1,Month-to-month,2834.03,1,19,0,1,1
CUST_04390,39,Month-to-month,2031.6,0,4,0,0,0
CUST_04391,43,Month-to-month,914.22,3,9,0,1,1
CUST_04392,69,One year,1594.16,2,27,0,1,0
CUST_04393,54,Month-to-month,695.8,0,19,0,0,0
CUST_04394,70,Two year,648.18,2,17,0,1,0
CUST_04395,24,Month-to-month,2274.72,2,29,0,1,1
CUST_04396,37,One year,1724.23,0,12,0,1,0
CUST_04397,24,Month-to-month,2552.48,1,13,1,1,1
CUST_04398,12,Two year,,1,24,0,1,0
CUST_04399,23,Month-to-month,1792.6,1,11,0,0,0
CUST_04400,18,Two year,1440.43,2,7,1,1,0
CUST_04401,48,One year,1672.08,2,2,0,0,0
CUST_04402,10,One year,496.29,3,28,0,1,0
CUST_04403,32,One year,1344.05,2,7,0,0,0
CUST_04404,60,Month-to-month,390.82,1,10,0,1,0
CUST_04405,12,Two year,2564.37,0,29,0,0,1
CUST_04406,36,One year,1320.98,2,6,0,1,0
CUST_04407,49,Two year,1433.25,2,19,0,1,0
CUST_04408,42,Month-to-month,1451.39,2,19,0,0,1
CUST_04409,65,Month-to-month,1452.73,2,0,0,1,1
CUST_04410,19,Month-to-month,2594.66,2,10,0,1,1
CUST_04411,57,One year,,3,27,0,0,0
CUST_04412,28,Month-to-month,2960.44,2,17,1,0,1
CUST_04413,3,Month-to-month,2234.35,1,21,0,1,1
CUST_04414,36,Month-to-month,303.73,2,27,0,1,1
CUST_04415,66,Month-to-month,1766.56,2,4,0,0,0
CUST_04416,41,Month-to-month,,1,14,0,1,1
CUST_04417,32,Two year,1526.53,0,20,0,0,1
CUST_04418,64,Month-to-month,2942.37,2,15,0,1,0
CUST_04419,29,Month-to-month,1935.92,0,24,1,1,1
CUST_04420,14,One year,1356.0,0,17,0,1,0
CUST_04421,67,Month-to-month,1930.88,2,16,0,0,1
CUST_04422,35,One year,666.89,1,29,0,1,1
CUST_04423,51,One year,1387.57,0,21,0,0,0
CUST_04424,53,Two year,2650.1,2,16,0,1,0
CUST_04425,16,Two year,800.06,2,9,0,1,1
CUST_04426,10,One year,2698.63,0,22,0,0,0
CUST_04427,26,Month-to-month,2050.87,0,17,0,0,1
CUST_04428,59,One year,413.37,0,19,0,0,0
CUST_04429,35,One year,1686.18,0,21,0,0,0
CUST_04430,49,Month-to-month,2484.62,0,2,1,0,0
CUST_04431,47,Month-to-month,586.33,2,8,0,1,1
CUST_04432,28,Month-to-month,734.82,2,20,0,1,1
CUST_04433,3,Two year,2464.35,2,26,0,1,1
CUST_04434,15,One year,2311.68,2,8,0,0,1
CUST_04435,32,Month-to-month,1835.35,1,25,0,1,0
CUST_04436,24,Two year,1263.86,0,21,0,0,0
CUST_04437,63,Two year,2873.56,4,6,0,0,1
CUST_04438,9,One year,2477.09,1,27,0,1,1
CUST_04439,9,One year,2444.22,2,9,0,1,0
CUST_04440,54,Month-to-month,955.66,3,25,0,0,1
CUST_04441,16,Month-to-month,1462.02,1,4,0,0,1
CUST_04442,15,Two year,2213.33,0,4,0,1,0
CUST_04443,62,Month-to-month,2866.66,0,28,0,1,0
CUST_04444,13,Month-to-month,2549.67,2,23,0,0,1
CUST_04445,50,One year,2651.43,0,2,0,1,0
CUST_04446,22,One year,1151.73,0,13,0,0,0
CUST_04447,35,Month-to-month,1496.88,2,26,0,0,1
CUST_04448,25,One year,1689.53,1,17,0,0,0
CUST_04449,60,Month-to-month,1416.53,1,5,0,0,1
CUST_04450,19,Month-to-month,2471.08,1,14,0,1,1
CUST_04451,50,Month-to-month,2302.12,1,22,0,0,1
CUST_04452,12,Two year,1890.83,3,12,0,1,0
CUST_04453,31,Two year,321.91,1,14,0,1,0
CUST_04454,33,Month-to-month,1890.53,2,17,0,1,1
CUST_04455,4,Two year,1542.15,3,11,0,0,1
CUST_04456,64,Two year,2596.0,1,27,0,0,1
CUST_04457,36,Month-to-month,1793.51,1,15,0,0,0
CUST_04458,70,Month-to-month,2776.95,4,22,0,1,1
CUST_04459,1,One year,1485.66,2,15,0,1,1
CUST_04460,57,One year,579.62,0,28,0,1,0
CUST_04461,24,Month-to-month,1908.63,4,24,0,0,1
CUST_04462,2,Month-to-month,1960.29,3,19,0,1,1
CUST_04463,65,Month-to-month,1868.64,3,2,1,0,0
CUST_04464,34,One year,2974.76,3,4,0,0,1
CUST_04465,30,Month-to-month,1127.49,0,12,1,0,0
CUST_04466,12,Two year,839.57,2,11,0,0,1
CUST_04467,26,Month-to-month,1988.12,2,26,0,1,1
CUST_04468,28,Two year,1324.0,2,10,0,1,0
CUST_04469,21,One year,2964.3,2,28,0,0,1
CUST_04470,61,Month-to-month,1710.63,1,15,0,1,0
CUST_04471,39,Month-to-month,1616.51,1,28,0,1,0
CUST_04472,69,Two year,2225.35,1,6,0,1,0
CUST_04473,64,One year,2442.09,2,14,0,0,1
CUST_04474,58,One year,2968.31,3,7,1,0,0
CUST_04475,64,Month-to-month,1479.61,0,6,1,1,0
CUST_04476,26,One year,732.05,3,6,1,1,0
CUST_04477,7,Two year,1760.96,3,2,1,1,1
CUST_04478,27,Two year,2657.43,1,3,0,1,0
CUST_04479,55,Two year,2568.27,0,28,0,0,1
CUST_04480,33,One year,577.04,0,17,0,0,0
CUST_04481,33,Month-to-month,633.03,2,29,0,1,0
CUST_04482,22,Two year,668.5,1,28,0,0,0
CUST_04483,52,Month-to-month,2569.46,2,15,1,1,1
CUST_04484,47,Two year,1479.24,2,2,0,0,0
CUST_04485,4,Month-to-month,1080.72,2,1,0,0,1
CUST_04486,33,Month-to-month,1567.49,1,15,0,1,0
CUST_04487,44,Month-to-month,,0,22,0,1,0
CUST_04488,46,Month-to-month,2109.3,1,14,0,0,0
CUST_04489,57,One year,2560.9,2,1,1,1,0
CUST_04490,34,Two year,1147.42,4,27,1,1,1
CUST_04491,45,Month-to-month,2989.52,1,17,1,1,1
CUST_04492,9,Month-to-month,1461.36,2,7,0,0,0
CUST_04493,68,Month-to-month,1798.4,3,7,0,0,0
CUST_04494,62,One year,2975.44,1,29,0,0,0
CUST_04495,21,Month-to-month,1701.44,1,14,0,0,1
CUST_04496,45,Two year,2713.68,0,24,0,0,1
CUST_04497,19,Month-to-month,2059.02,1,4,0,0,0
CUST_04498,40,Two year,1668.83,2,28,0,0,0
CUST_04499,49,One year,2150.53,3,20,1,0,0
CUST_04500,20,Two year,547.33,0,29,0,0,0
CUST_04501,13,Month-to-month,1768.57,4,4,0,0,0
CUST_04502,21,Two year,2785.31,1,17,0,1,1
CUST_04503,23,Month-to-month,1085.83,3,25,0,0,1
CUST_04504,18,One year,2801.15,0,14,0,0,0
CUST_04505,17,Month-to-month,757.49,1,20,0,1,1
CUST_04506,71,One year,1474.94,2,22,0,0,1
CUST_04507,70,Month-to-month,2108.93,0,21,0,1,1
CUST_04508,15,Two year,1215.82,2,27,0,0,1
CUST_04509,15,Month-to-month,1134.69,1,22,0,1,1
CUST_04510,36,Month-to-month,493.69,1,4,0,1,0
CUST_04511,41,One year,2170.09,2,16,1,0,1
CUST_04512,34,Month-to-month,2615.1,3,19,0,1,1
CUST_04513,41,One year,1402.58,0,25,0,0,0
CUST_04514,24,Month-to-month,379.31,0,15,0,1,0
CUST_04515,40,Month-to-month,729.12,0,3,1,0,1
CUST_04516,13,Two year,1187.61,2,17,0,0,1
CUST_04517,70,One year,951.12,1,14,0,0,0
CUST_04518,13,One year,2449.19,0,27,0,1,1
CUST_04519,65,Two year,1841.6,3,0,0,1,0
CUST_04520,33,Month-to-month,529.74,1,28,0,0,0
CUST_04521,56,Month-to-month,575.16,0,14,0,1,0
CUST_04522,47,Month-to-month,2509.79,2,13,0,0,1
CUST_04523,61,One year,363.32,4,13,0,1,0
CUST_04524,9,Month-to-month,2628.69,3,8,0,0,0
CUST_04525,33,One year,1491.33,2,28,0,0,0
CUST_04526,10,One year,2863.47,3,19,0,0,1
CUST_04527,33,One year,2486.12,0,21,0,0,1
CUST_04528,5,Two year,869.08,1,26,1,0,1
CUST_04529,48,Month-to-month,,2,25,0,0,1
CUST_04530,5,Month-to-month,2044.62,0,8,1,1,0
CUST_04531,66,Month-to-month,2714.76,1,14,0,0,1
CUST_04532,66,Month-to-month,1227.67,1,23,0,0,0
CUST_04533,65,Month-to-month,779.38,2,25,0,1,1
CUST_04534,48,Month-to-month,1649.19,2,28,1,0,0
CUST_04535,48,Two year,1772.84,0,5,0,0,0
CUST_04536,39,Month-to-month,814.98,2,0,0,0,0
CUST_04537,67,Month-to-month,2985.93,2,29,1,1,1
CUST_04538,67,One year,2786.17,2,0,1,1,0
CUST_04539,52,Two year,2652.28,1,2,0,1,0
CUST_04540,32,Month-to-month,2436.6,2,23,0,0,0
CUST_04541,19,Month-to-month,2904.81,1,29,1,1,1
CUST_04542,31,Month-to-month,2723.69,1,3,0,1,0
CUST_04543,36,One year,,1,10,0,1,0
CUST_04544,46,Month-to-month,2890.89,2,19,0,0,1
CUST_04545,29,Two year,531.25,1,25,0,0,0
CUST_04546,22,One year,2754.15,0,27,1,1,1
CUST_04547,30,Month-to-month,779.19,1,6,0,0,0
CUST_04548,39,One year,1638.05,4,26,0,0,1
CUST_04549,23,Two year,620.67,1,4,0,1,0
CUST_04550,64,Month-to-month,2652.86,1,2,0,0,0
CUST_04551,12,Month-to-month,1799.78,0,28,0,0,1
CUST_04552,71,Month-to-month,1365.79,1,10,0,1,0
CUST_04553,56,One year,,3,10,0,0,1
CUST_04554,13,Month-to-month,,1,27,0,0,1
CUST_04555,4,Month-to-month,1506.69,2,2,0,1,1
CUST_04556,55,One year,1885.0,4,29,0,0,1
CUST_04557,15,One year,1710.43,0,10,0,1,1
CUST_04558,10,One year,1663.92,1,13,1,1,0
CUST_04559,41,One year,1943.13,2,23,0,0,1
CUST_04560,69,Month-to-month,2165.83,2,8,0,0,0
CUST_04561,51,Two year,2461.46,0,14,0,1,0
CUST_04562,70,Month-to-month,551.2,2,24,0,0,0
CUST_04563,16,Month-to-month,1941.26,0,4,0,1,0
CUST_04564,62,Two year,1398.99,1,27,0,0,0
CUST_04565,61,Two year,1319.29,1,23,0,1,0
CUST_04566,58,Month-to-month,2470.91,1,7,0,1,0
CUST_04567,7,Month-to-month,742.83,2,12,0,1,0
CUST_04568,25,One year,2237.46,1,6,1,0,0
CUST_04569,50,Two year,2486.62,0,29,0,1,0
CUST_04570,63,Month-to-month,420.86,1,21,0,0,1
CUST_04571,34,Month-to-month,2440.04,0,3,0,0,0
CUST_04572,17,Month-to-month,2810.48,2,18,0,1,1
CUST_04573,3,Month-to-month,1599.6,1,0,0,0,1
CUST_04574,2,Month-to-month,2160.08,2,12,0,0,1
CUST_04575,67,One year,1914.26,5,4,0,1,0
CUST_04576,34,Two year,1620.31,4,12,0,0,0
CUST_04577,57,One year,2611.26,2,9,0,0,0
CUST_04578,2,One year,1827.98,3,28,0,1,1
CUST_04579,28,One year,843.9,3,23,0,0,0
CUST_04580,51,Month-to-month,2366.09,0,22,0,1,1
CUST_04581,9,Two year,1900.61,3,17,0,0,0
CUST_04582,14,Month-to-month,2851.63,3,19,0,0,1
CUST_04583,53,Month-to-month,913.04,2,25,0,0,0
CUST_04584,21,One year,1142.07,0,16,0,0,0
CUST_04585,37,Month-to-month,2541.63,1,22,0,0,0
CUST_04586,66,Month-to-month,1525.2,2,16,1,1,0
CUST_04587,5,Month-to-month,2659.95,4,15,0,0,1
CUST_04588,48,Month-to-month,2225.85,1,12,0,1,1
CUST_04589,12,Two year,2488.79,1,18,0,0,1
CUST_04590,20,Two year,,1,22,0,1,1
CUST_04591,62,One year,522.12,2,2,0,1,0
CUST_04592,71,Month-to-month,658.18,2,25,0,1,1
CUST_04593,35,One year,684.55,2,25,0,0,0
CUST_04594,2,Month-to-month,1956.87,2,10,0,0,1
CUST_04595,6,Month-to-month,2943.68,1,27,1,1,1
CUST_04596,39,Two year,2956.11,1,12,0,0,0
CUST_04597,10,Month-to-month,2073.45,2,24,1,0,1
CUST_04598,69,One year,550.24,0,25,0,1,0
CUST_04599,23,Two year,2474.16,3,19,0,0,0
CUST_04600,37,Month-to-month,1444.89,2,23,0,1,1
CUST_04601,57,Month-to-month,2895.56,1,3,1,0,1
CUST_04602,33,One year,549.91,1,0,0,1,0
CUST_04603,20,One year,2232.15,0,9,1,1,0
CUST_04604,18,Two year,2223.3,1,13,0,0,1
CUST_04605,54,Month-to-month,340.27,0,23,0,0,1
CUST_04606,61,Two year,391.97,2,9,0,0,0
CUST_04607,14,Month-to-month,476.28,1,17,0,0,1
CUST_04608,18,Month-to-month,2193.88,0,29,0,0,1
CUST_04609,25,Month-to-month,766.37,0,15,0,1,0
CUST_04610,70,One year,1096.75,2,16,0,0,1
CUST_04611,21,Month-to-month,1584.61,2,13,0,1,1
CUST_04612,46,Month-to-month,1308.82,2,9,0,0,0
CUST_04613,36,Month-to-month,456.13,0,18,0,1,0
CUST_04614,22,One year,772.73,0,28,1,1,0
CUST_04615,14,Month-to-month,400.07,2,20,0,0,0
CUST_04616,40,Two year,2416.35,1,7,1,0,0
CUST_04617,59,Month-to-month,1381.9,2,5,0,1,0
CUST_04618,39,Two year,2716.68,2,29,1,1,0
CUST_04619,71,Month-to-month,1554.66,2,8,0,0,0
CUST_04620,17,Month-to-month,339.85,0,16,0,1,0
CUST_04621,56,Month-to-month,489.08,3,6,0,0,1
CUST_04622,53,Month-to-month,591.01,2,8,0,1,0
CUST_04623,26,Month-to-month,2672.58,1,25,0,0,1
CUST_04624,16,Month-to-month,2793.64,3,14,0,1,1
CUST_04625,65,Month-to-month,2249.31,1,0,1,0,0
CUST_04626,40,Two year,1242.83,2,20,0,0,0
CUST_04627,18,One year,2081.09,5,12,0,0,0
CUST_04628,35,Month-to-month,954.38,1,0,0,0,0
CUST_04629,2,Month-to-month,1916.42,0,22,1,0,0
CUST_04630,7,Two year,2737.35,2,1,0,0,0
CUST_04631,71,Month-to-month,533.7,2,3,0,0,1
CUST_04632,62,One year,2205.3,0,25,0,0,1
CUST_04633,22,Month-to-month,1760.83,2,21,0,0,1
CUST_04634,29,One year,2759.9,1,17,0,1,1
CUST_04635,52,Month-to-month,1550.02,4,4,0,0,0
CUST_04636,11,Month-to-month,1626.31,3,18,0,0,1
CUST_04637,15,One year,1052.67,4,26,0,0,1
CUST_04638,58,One year,1584.86,1,4,1,0,0
CUST_04639,63,Month-to-month,2615.32,1,6,0,0,0
CUST_04640,34,One year,314.53,1,20,0,0,0
CUST_04641,2,One year,1914.09,2,18,0,0,1
CUST_04642,68,Two year,1109.86,1,7,1,0,0
CUST_04643,3,One year,1517.85,1,4,0,1,0
CUST_04644,1,One year,2617.28,1,4,0,1,0
CUST_04645,2,Month-to-month,,1,5,1,1,1
CUST_04646,58,Month-to-month,2805.48,1,12,0,1,1
CUST_04647,21,Month-to-month,647.51,1,7,1,0,1
CUST_04648,53,Month-to-month,1301.91,0,26,1,0,1
CUST_04649,23,Two year,1533.69,3,16,0,1,1
CUST_04650,46,Month-to-month,887.49,2,8,0,0,1
CUST_04651,55,Month-to-month,428.22,0,22,0,0,0
CUST_04652,27,Two year,2362.19,1,17,0,0,1
CUST_04653,6,Month-to-month,2048.41,2,14,1,1,0
CUST_04654,65,Month-to-month,1606.17,0,9,0,1,0
CUST_04655,63,Month-to-month,585.97,0,19,0,1,0
CUST_04656,30,Two year,390.67,1,5,0,0,0
CUST_04657,4,Month-to-month,416.53,5,18,0,1,1
CUST_04658,10,One year,1418.95,1,0,0,0,0
CUST_04659,68,Two year,1262.66,0,23,1,0,0
CUST_04660,51,Month-to-month,2594.69,3,26,0,0,1
CUST_04661,62,Month-to-month,1590.76,0,20,0,0,0
CUST_04662,38,Two year,628.36,1,20,1,0,0
CUST_04663,3,Month-to-month,2320.05,0,2,0,0,0
CUST_04664,22,Month-to-month,506.13,4,5,1,1,1
CUST_04665,55,One year,1157.52,1,0,0,1,0
CUST_04666,43,Month-to-month,410.81,1,1,0,1,0
CUST_04667,12,Month-to-month,339.94,1,6,0,0,1
CUST_04668,50,Two year,1046.07,1,2,0,1,0
CUST_04669,68,Month-to-month,1094.51,3,19,0,1,0
CUST_04670,8,Month-to-month,2836.12,1,1,0,0,1
CUST_04671,27,One year,2295.66,0,22,0,0,1
CUST_04672,57,Month-to-month,2864.2,0,22,0,0,0
CUST_04673,1,Month-to-month,340.54,2,4,1,1,1
CUST_04674,37,Month-to-month,2049.49,1,7,0,0,0
CUST_04675,54,Month-to-month,2810.69,1,11,1,0,1
CUST_04676,14,Month-to-month,2973.38,3,15,0,1,0
CUST_04677,59,Two year,1467.15,2,22,0,0,1
CUST_04678,47,Month-to-month,720.91,0,24,0,0,0
CUST_04679,29,Month-to-month,1754.56,2,7,1,0,1
CUST_04680,62,Two year,1209.57,2,19,0,0,0
CUST_04681,26,One year,2615.76,1,0,0,1,0
CUST_04682,33,Month-to-month,2070.59,2,16,0,1,0
CUST_04683,48,One year,2017.73,1,6,0,1,0
CUST_04684,49,Two year,1218.56,0,22,0,1,0
CUST_04685,18,Month-to-month,2687.11,0,22,0,0,0
CUST_04686,19,Month-to-month,1390.43,0,0,0,0,1
CUST_04687,15,Month-to-month,1659.64,1,23,1,0,1
CUST_04688,34,One year,1238.74,2,8,0,1,0
CUST_04689,69,Two year,2641.42,1,28,0,0,1
CUST_04690,16,Month-to-month,1833.02,2,11,0,1,0
CUST_04691,34,Two year,2502.77,1,2,0,0,0
CUST_04692,47,Month-to-month,1580.58,3,22,0,1,0
CUST_04693,3,Month-to-month,2816.15,2,16,0,0,1
CUST_04694,63,Month-to-month,372.21,0,8,0,1,0
CUST_04695,61,Two year,775.79,4,24,0,1,1
CUST_04696,11,Month-to-month,,1,7,0,1,1
CUST_04697,24,Month-to-month,578.4,2,19,1,0,1
CUST_04698,55,Month-to-month,2612.25,3,6,0,1,0
CUST_04699,59,Month-to-month,2557.28,1,20,0,0,1
CUST_04700,18,One year,556.11,4,23,0,1,0
CUST_04701,15,Two year,399.05,0,21,1,1,1
CUST_04702,6,One year,561.19,1,24,0,1,0
CUST_04703,71,Month-to-month,1902.6,1,12,0,0,1
CUST_04704,36,Month-to-month,2660.97,1,17,0,0,1
CUST_04705,15,Month-to-month,2744.45,4,7,0,1,1
CUST_04706,3,Two year,1759.08,2,9,0,1,0
CUST_04707,64,One year,755.43,3,26,1,0,0
CUST_04708,58,Two year,1975.93,0,23,1,0,1
CUST_04709,15,Month-to-month,1277.36,2,9,0,0,0
CUST_04710,34,One year,1207.67,1,6,0,0,0
CUST_04711,56,Month-to-month,993.19,3,10,0,0,0
CUST_04712,69,Month-to-month,1107.59,1,19,0,0,1
CUST_04713,69,Month-to-month,2251.02,0,29,0,0,0
CUST_04714,58,Two year,614.48,0,20,1,1,0
CUST_04715,12,Month-to-month,337.4,1,16,0,0,0
CUST_04716,1,Month-to-month,868.3,2,2,0,1,1
CUST_04717,42,One year,1813.92,2,14,0,1,0
CUST_04718,39,Month-to-month,589.36,3,4,0,1,1
CUST_04719,60,Month-to-month,2473.27,1,10,0,0,0
CUST_04720,66,Two year,2831.92,1,15,0,0,0
CUST_04721,32,Month-to-month,1542.4,0,20,0,0,1
CUST_04722,37,Month-to-month,1525.68,2,7,0,1,1
CUST_04723,17,Two year,1759.16,1,27,0,0,1
CUST_04724,53,Month-to-month,1964.26,1,3,0,1,1
CUST_04725,66,Month-to-month,1582.27,1,15,0,1,0
CUST_04726,14,Month-to-month,999.74,0,1,0,0,0
CUST_04727,42,Month-to-month,1516.91,1,2,0,1,0
CUST_04728,18,Month-to-month,820.65,0,9,1,1,0
CUST_04729,70,One year,1902.77,1,27,0,1,1
CUST_04730,17,Month-to-month,431.26,2,3,0,0,0
CUST_04731,27,Month-to-month,656.76,2,15,1,0,1
CUST_04732,17,Month-to-month,2826.38,2,19,0,1,0
CUST_04733,13,One year,570.22,1,16,0,1,1
CUST_04734,34,Month-to-month,,1,26,0,0,1
CUST_04735,64,One year,1114.89,2,7,0,1,0
CUST_04736,35,Month-to-month,467.91,2,15,0,0,0
CUST_04737,7,Month-to-month,313.66,2,5,0,0,1
CUST_04738,15,Month-to-month,2375.06,2,29,0,0,0
CUST_04739,57,Month-to-month,1383.86,2,7,0,1,0
CUST_04740,65,Month-to-month,,2,17,0,1,1
CUST_04741,48,Month-to-month,1460.65,2,1,0,0,0
CUST_04742,24,Two year,1940.58,3,12,1,0,1
CUST_04743,6,Month-to-month,1943.52,0,4,0,0,1
CUST_04744,2,Month-to-month,2507.07,0,4,0,1,0
CUST_04745,66,One year,2413.93,0,18,0,1,0
CUST_04746,45,Two year,786.42,1,23,0,1,0
CUST_04747,65,One year,923.28,0,9,0,0,0
CUST_04748,3,Month-to-month,658.64,0,4,1,1,0
CUST_04749,45,Two year,763.96,3,9,1,0,0
CUST_04750,50,Two year,2682.27,1,14,0,0,0
CUST_04751,56,Month-to-month,1966.01,4,2,0,0,0
CUST_04752,70,Two year,1561.81,1,19,1,1,0
CUST_04753,33,Two year,2231.91,1,9,0,1,1
CUST_04754,39,Month-to-month,966.5,0,21,0,1,1
CUST_04755,24,Month-to-month,639.29,1,28,0,0,0
CUST_04756,67,Month-to-month,1307.56,1,21,0,0,1
CUST_04757,2,Two year,1925.19,0,17,0,0,0
CUST_04758,41,One year,1418.27,1,23,0,0,0
CUST_04759,4,Month-to-month,612.73,2,5,0,1,1
CUST_04760,37,Month-to-month,1916.61,0,24,0,0,1
CUST_04761,20,One year,2226.59,1,9,0,1,1
CUST_04762,68,Two year,1794.63,1,21,0,1,0
CUST_04763,48,Month-to-month,2919.39,1,29,0,0,1
CUST_04764,6,Two year,,0,25,0,1,0
CUST_04765,59,Month-to-month,918.55,2,15,1,0,1
CUST_04766,38,Month-to-month,2712.68,0,5,0,1,0
CUST_04767,25,One year,2129.82,2,26,0,1,1
CUST_04768,61,Month-to-month,669.05,1,20,0,1,0
CUST_04769,67,One year,1319.81,2,20,0,1,0
CUST_04770,63,One year,1580.68,2,12,1,0,0
CUST_04771,22,Two year,1894.81,0,5,0,1,0
CUST_04772,15,Month-to-month,2500.69,1,21,0,1,1
CUST_04773,11,One year,1090.91,0,14,0,0,1
CUST_04774,23,Month-to-month,742.05,2,15,0,1,1
CUST_04775,14,Month-to-month,2192.42,2,27,0,1,1
CUST_04776,45,Month-to-month,371.32,1,18,0,0,0
CUST_04777,56,One year,1520.82,0,11,0,0,1
CUST_04778,61,Month-to-month,797.34,1,29,1,0,1
CUST_04779,7,One year,2292.02,2,3,0,0,0
CUST_04780,11,One year,1063.21,1,12,1,0,1
CUST_04781,41,One year,969.34,2,8,0,1,0
CUST_04782,41,One year,987.34,1,14,0,0,0
CUST_04783,34,One year,2068.08,7,7,0,1,0
CUST_04784,67,Two year,613.07,1,3,0,0,0
CUST_04785,4,Two year,1423.7,1,0,0,1,0
CUST_04786,35,Two year,901.06,1,22,0,0,0
CUST_04787,38,Month-to-month,872.2,0,27,0,0,0
CUST_04788,39,Month-to-month,2861.91,2,2,0,1,1
CUST_04789,46,One year,1480.2,1,8,0,1,0
CUST_04790,15,One year,2556.31,0,17,0,0,1
CUST_04791,58,Month-to-month,1566.89,0,18,0,1,0
CUST_04792,44,Month-to-month,982.31,3,19,0,1,0
CUST_04793,18,Month-to-month,1544.73,2,14,1,0,0
CUST_04794,34,Two year,832.41,2,13,0,0,1
CUST_04795,19,One year,2888.24,0,3,0,1,1
CUST_04796,49,One year,1353.93,2,9,0,0,1
CUST_04797,4,Two year,2916.27,1,14,0,1,1
CUST_04798,39,One year,357.93,2,19,0,0,0
CUST_04799,18,Month-to-month,1049.59,1,24,0,1,1
CUST_04800,46,One year,2134.45,3,2,0,1,1
CUST_04801,49,Month-to-month,849.54,2,21,0,0,0
CUST_04802,34,Month-to-month,540.54,4,19,0,1,0
CUST_04803,60,Two year,1386.35,3,25,0,0,0
CUST_04804,2,Month-to-month,1740.52,2,12,0,0,1
CUST_04805,24,One year,2026.52,3,27,0,0,1
CUST_04806,8,One year,1852.74,2,17,0,0,1
CUST_04807,27,One year,2345.86,3,11,0,0,0
CUST_04808,61,One year,2169.69,2,28,0,1,0
CUST_04809,44,One year,1827.5,2,29,0,1,0
CUST_04810,13,Month-to-month,975.49,0,17,0,1,0
CUST_04811,13,One year,2226.7,0,16,0,1,1
CUST_04812,35,Month-to-month,,2,22,0,0,1
CUST_04813,4,Month-to-month,890.9,0,3,0,0,0
CUST_04814,9,Month-to-month,,1,2,0,0,1
CUST_04815,59,Month-to-month,1792.94,3,5,0,0,0
CUST_04816,36,Month-to-month,2768.33,0,8,0,0,1
CUST_04817,32,Month-to-month,523.85,2,28,1,0,1
CUST_04818,27,Month-to-month,2479.24,2,9,0,1,1
CUST_04819,32,Month-to-month,836.92,1,17,0,1,0
CUST_04820,48,Month-to-month,977.74,1,10,0,1,0
CUST_04821,52,Month-to-month,1687.19,1,10,0,0,0
CUST_04822,6,Two year,1831.7,0,15,0,1,0
CUST_04823,24,Month-to-month,702.83,0,1,0,0,0
CUST_04824,36,One year,2929.1,2,21,0,1,1
CUST_04825,65,Two year,2999.8,1,17,0,0,0
CUST_04826,65,Month-to-month,920.7,0,24,1,0,1
CUST_04827,26,Month-to-month,1845.16,2,1,0,0,0
CUST_04828,38,Month-to-month,511.71,1,20,1,0,1
CUST_04829,42,Month-to-month,817.41,2,2,0,1,1
CUST_04830,5,One year,2563.33,0,23,0,1,1
CUST_04831,39,Month-to-month,673.69,6,12,0,1,0
CUST_04832,26,One year,573.58,1,14,0,1,1
CUST_04833,25,Two year,408.48,2,12,0,1,0
CUST_04834,28,Month-to-month,767.32,1,2,0,1,0
CUST_04835,19,Month-to-month,2027.38,0,17,1,0,1
CUST_04836,40,Month-to-month,2732.42,1,0,0,1,0
CUST_04837,23,Month-to-month,579.33,3,1,0,0,0
CUST_04838,14,Two year,2669.81,3,23,0,1,0
CUST_04839,10,One year,2531.78,4,11,0,1,0
CUST_04840,65,Month-to-month,1144.26,0,23,0,0,1
CUST_04841,48,Two year,2646.52,2,6,0,1,0
CUST_04842,28,One year,2054.01,1,24,1,0,1
CUST_04843,58,Month-to-month,2209.86,2,14,0,0,0
CUST_04844,54,Month-to-month,1454.79,1,12,0,0,0
CUST_04845,22,Month-to-month,1212.29,4,21,0,1,1
CUST_04846,27,Month-to-month,1219.28,0,10,1,0,0
CUST_04847,49,Month-to-month,2029.1,2,8,0,0,0
CUST_04848,7,Month-to-month,367.7,2,10,0,1,0
CUST_04849,4,Month-to-month,2161.4,2,3,0,1,1
CUST_04850,43,Month-to-month,2055.07,1,5,0,0,1
CUST_04851,29,Month-to-month,1531.59,0,25,1,0,1
CUST_04852,27,Two year,580.96,1,8,0,1,0
CUST_04853,50,Month-to-month,2852.75,2,10,1,1,1
CUST_04854,36,Two year,2683.69,3,22,0,0,1
CUST_04855,17,Two year,2506.23,4,19,0,1,0
CUST_04856,43,Two year,,1,29,0,0,0
CUST_04857,43,Month-to-month,1549.95,2,5,0,0,0
CUST_04858,68,One year,863.6,0,18,1,1,0
CUST_04859,51,Two year,409.13,2,4,1,1,0
CUST_04860,21,Month-to-month,2712.51,1,18,0,1,1
CUST_04861,34,Two year,1137.04,1,16,0,0,0
CUST_04862,67,One year,1420.58,1,4,0,0,0
CUST_04863,20,Month-to-month,2860.65,0,18,0,1,1
CUST_04864,17,Two year,1541.77,1,2,1,0,0
CUST_04865,30,Month-to-month,561.99,3,11,0,0,0
CUST_04866,29,Month-to-month,777.21,3,25,0,0,0
CUST_04867,68,Month-to-month,822.47,0,13,0,0,0
CUST_04868,10,Month-to-month,1435.7,1,9,1,1,1
CUST_04869,4,Two year,671.1,1,7,0,1,0
CUST_04870,45,Month-to-month,2534.47,2,4,0,0,1
CUST_04871,49,Month-to-month,353.02,1,17,0,0,0
CUST_04872,62,Month-to-month,757.82,1,7,0,0,0
CUST_04873,44,Two year,2387.96,3,24,0,0,1
CUST_04874,40,Month-to-month,1501.37,0,28,0,1,1
CUST_04875,56,Two year,1173.77,3,9,0,0,0
CUST_04876,1,Month-to-month,1817.26,1,29,0,1,1
CUST_04877,67,Month-to-month,760.84,1,6,0,0,0
CUST_04878,48,Month-to-month,1328.87,2,14,0,1,0
CUST_04879,45,Two year,1082.85,2,17,0,1,0
CUST_04880,16,One year,2587.55,0,2,0,0,0
CUST_04881,12,Two year,2471.36,0,23,0,1,1
CUST_04882,51,Month-to-month,2767.67,1,15,0,1,1
CUST_04883,49,Month-to-month,2895.86,0,8,0,0,1
CUST_04884,39,Two year,2526.17,3,16,0,0,1
CUST_04885,64,Month-to-month,2796.52,1,11,0,0,1
CUST_04886,52,Two year,1550.22,1,10,1,1,0
CUST_04887,51,Two year,2534.8,1,8,0,0,0
CUST_04888,32,One year,1061.49,2,7,0,0,0
CUST_04889,47,Month-to-month,2099.47,3,2,0,0,1
CUST_04890,71,One year,1370.48,1,26,1,0,1
CUST_04891,49,Month-to-month,2468.81,0,13,0,1,0
CUST_04892,17,Two year,1445.2,4,1,0,0,0
CUST_04893,11,Two year,2640.13,0,15,0,1,0
CUST_04894,2,Month-to-month,2123.71,1,11,0,1,1
CUST_04895,5,Month-to-month,1542.76,1,24,1,1,1
CUST_04896,6,One year,1366.91,1,12,1,0,1
CUST_04897,35,Two year,2853.81,1,13,0,0,0
CUST_04898,65,Month-to-month,1919.06,2,20,0,0,1
CUST_04899,6,One year,1387.21,2,0,0,1,0
CUST_04900,24,Month-to-month,568.62,1,9,0,1,0
CUST_04901,43,Month-to-month,2528.94,1,29,0,0,0
CUST_04902,70,One year,709.35,3,29,0,1,0
CUST_04903,44,Month-to-month,745.76,2,7,0,1,0
CUST_04904,7,Month-to-month,2164.99,1,0,0,0,1
CUST_04905,46,Month-to-month,1635.48,2,11,0,0,1
CUST_04906,58,Month-to-month,2165.3,0,19,0,0,0
CUST_04907,16,Month-to-month,2406.36,0,4,0,0,1
CUST_04908,6,Month-to-month,2172.79,3,25,1,1,1
CUST_04909,58,Month-to-month,1683.38,1,24,0,0,0
CUST_04910,12,Month-to-month,337.28,0,5,0,1,1
CUST_04911,60,One year,925.59,2,22,0,0,1
CUST_04912,23,Month-to-month,2132.46,0,22,0,1,0
CUST_04913,10,One year,2389.22,2,9,0,0,0
CUST_04914,30,One year,2796.91,2,7,0,1,1
CUST_04915,16,Month-to-month,2130.14,2,14,0,0,1
CUST_04916,53,Month-to-month,2294.68,2,5,0,1,0
CUST_04917,20,Month-to-month,1200.78,0,4,0,1,0
CUST_04918,13,Month-to-month,1777.6,2,26,0,1,1
CUST_04919,61,Two year,473.82,2,16,1,0,0
CUST_04920,69,Month-to-month,845.78,0,23,0,1,0
CUST_04921,39,Month-to-month,2450.89,0,16,0,1,0
CUST_04922,61,Two year,1031.37,3,4,0,0,0
CUST_04923,29,Month-to-month,833.61,0,25,0,0,1
CUST_04924,8,Month-to-month,1766.01,0,0,0,1,0
CUST_04925,53,Month-to-month,2750.79,0,7,0,0,1
CUST_04926,64,Two year,1328.19,3,28,0,0,0
CUST_04927,33,Month-to-month,608.67,1,18,0,1,0
CUST_04928,41,Month-to-month,1346.26,1,0,1,0,1
CUST_04929,51,Month-to-month,2672.52,1,19,0,1,1
CUST_04930,45,Two year,2299.36,1,8,0,0,0
CUST_04931,50,Month-to-month,1777.68,1,13,0,1,0
CUST_04932,14,Two year,1394.84,1,12,0,0,0
CUST_04933,54,Month-to-month,2279.73,1,27,0,1,0
CUST_04934,59,Two year,2774.94,1,19,0,0,0
CUST_04935,26,Two year,370.1,5,23,0,0,0
CUST_04936,19,Month-to-month,937.59,3,14,0,1,0
CUST_04937,25,Two year,529.95,2,17,0,1,0
CUST_04938,58,Two year,1882.81,0,18,1,0,0
CUST_04939,6,Month-to-month,1707.12,1,21,1,0,1
CUST_04940,51,Month-to-month,2044.94,2,20,0,0,1
CUST_04941,3,Month-to-month,2988.01,2,14,0,0,1
CUST_04942,49,Month-to-month,1658.34,2,26,1,1,0
CUST_04943,18,Month-to-month,953.08,1,13,0,0,0
CUST_04944,29,One year,1921.53,2,22,0,0,1
CUST_04945,27,One year,777.06,0,18,0,0,0
CUST_04946,34,Month-to-month,814.8,0,12,0,0,0
CUST_04947,62,Month-to-month,1226.53,2,15,1,0,0
CUST_04948,29,Month-to-month,1521.28,0,13,0,0,0
CUST_04949,38,Month-to-month,1623.27,0,10,0,1,0
CUST_04950,25,Month-to-month,1171.63,2,20,0,1,0
CUST_04951,48,Month-to-month,2683.57,1,4,0,1,0
CUST_04952,43,Two year,2998.8,1,21,0,0,1
CUST_04953,48,Month-to-month,722.08,1,25,0,0,0
CUST_04954,59,Month-to-month,1248.8,3,24,0,0,0
CUST_04955,65,One year,782.36,4,6,0,1,0
CUST_04956,4,Month-to-month,921.18,3,29,0,0,1
CUST_04957,5,Two year,1016.77,2,23,0,0,0
CUST_04958,45,Month-to-month,2060.9,1,25,0,0,1
CUST_04959,58,Month-to-month,,1,3,1,1,0
CUST_04960,62,Month-to-month,1549.57,1,26,0,0,1
CUST_04961,69,Month-to-month,2936.88,1,7,1,0,1
CUST_04962,48,Month-to-month,2706.78,2,20,0,1,0
CUST_04963,51,Month-to-month,2066.71,2,6,0,1,1
CUST_04964,47,Month-to-month,1150.84,3,25,1,1,1
CUST_04965,52,One year,390.73,1,24,0,0,0
CUST_04966,71,One year,2895.21,1,17,0,1,0
CUST_04967,67,Two year,1513.75,1,17,0,0,0
CUST_04968,16,One year,377.63,1,20,1,1,0
CUST_04969,50,Month-to-month,1677.33,1,7,0,1,0
CUST_04970,20,One year,2148.86,0,16,1,0,0
CUST_04971,9,One year,2755.35,1,29,0,0,1
CUST_04972,59,One year,442.22,3,23,0,1,0
CUST_04973,11,Month-to-month,2048.41,1,1,0,1,0
CUST_04974,12,Month-to-month,857.65,1,24,0,1,1
CUST_04975,21,Month-to-month,,2,19,1,1,1
CUST_04976,55,Month-to-month,1086.18,1,16,1,1,1
CUST_04977,27,One year,,3,12,0,0,1
CUST_04978,42,Two year,1451.19,1,12,0,1,0
CUST_04979,52,Month-to-month,311.92,2,10,0,1,0
CUST_04980,24,Month-to-month,2991.6,3,4,0,0,1
CUST_04981,29,Month-to-month,2359.74,3,4,0,1,1
CUST_04982,14,Month-to-month,894.34,3,2,0,1,0
CUST_04983,36,Month-to-month,1080.42,3,29,0,0,1
CUST_04984,16,Month-to-month,2105.43,0,18,0,0,1
CUST_04985,28,Month-to-month,1090.05,1,25,0,0,1
CUST_04986,1,Month-to-month,1643.59,2,21,0,1,1
CUST_04987,62,One year,795.96,2,23,0,0,0
CUST_04988,37,Month-to-month,2766.99,4,13,0,0,1
CUST_04989,11,Month-to-month,413.7,3,12,0,0,1
CUST_04990,53,Month-to-month,608.76,0,25,0,1,0
CUST_04991,25,Month-to-month,616.37,2,28,0,1,0
CUST_04992,21,Month-to-month,2392.76,2,1,0,1,1
CUST_04993,7,One year,2506.4,0,13,0,1,1
CUST_04994,7,Month-to-month,2922.82,2,26,0,0,1
CUST_04995,47,Month-to-month,1783.46,1,19,0,1,0
CUST_04996,40,Two year,1335.77,3,17,1,1,1
CUST_04997,53,Two year,1689.65,4,5,0,0,0
CUST_04998,32,Two year,2459.94,0,10,0,1,0
CUST_04999,7,Month-to-month,2361.29,0,17,1,0,0
CUST_05000,70,Month-to-month,1182.41,2,26,0,1,1
